File_path,filter_idx
D:\VSCodeRepository\SceneZone-ANC\data\synth_noise\cls_0\0300.wav,0
D:\VSCodeRepository\SceneZone-ANC\data\synth_noise\cls_0\0301.wav,0
D:\VSCodeRepository\SceneZone-ANC\data\synth_noise\cls_0\0302.wav,0
D:\VSCodeRepository\SceneZone-ANC\data\synth_noise\cls_0\0303.wav,0
D:\VSCodeRepository\SceneZone-ANC\data\synth_noise\cls_0\0304.wav,0
D:\VSCodeRepository\SceneZone-ANC\data\synth_noise\cls_0\0305.wav,0
D:\VSCodeRepository\SceneZone-ANC\data\synth_noise\cls_0\0306.wav,0
D:\VSCodeRepository\SceneZone-ANC\data\synth_noise\cls_0\0307.wav,0
D:\VSCodeRepository\SceneZone-ANC\data\synth_noise\cls_0\0308.wav,0
D:\VSCodeRepository\SceneZone-ANC\data\synth_noise\cls_0\0309.wav,0
D:\VSCodeRepository\SceneZone-ANC\data\synth_noise\cls_0\0310.wav,0
D:\VSCodeRepository\SceneZone-ANC\data\synth_noise\cls_0\0311.wav,0
D:\VSCodeRepository\SceneZone-ANC\data\synth_noise\cls_0\0312.wav,0
D:\VSCodeRepository\SceneZone-ANC\data\synth_noise\cls_0\0313.wav,0
D:\VSCodeRepository\SceneZone-ANC\data\synth_noise\cls_0\0314.wav,0
D:\VSCodeRepository\SceneZone-ANC\data\synth_noise\cls_0\0315.wav,0
D:\VSCodeRepository\SceneZone-ANC\data\synth_noise\cls_0\0316.wav,0
D:\VSCodeRepository\SceneZone-ANC\data\synth_noise\cls_0\0317.wav,0
D:\VSCodeRepository\SceneZone-ANC\data\synth_noise\cls_0\0318.wav,0
D:\VSCodeRepository\SceneZone-ANC\data\synth_noise\cls_0\0319.wav,0
D:\VSCodeRepository\SceneZone-ANC\data\synth_noise\cls_0\0320.wav,0
D:\VSCodeRepository\SceneZone-ANC\data\synth_noise\cls_0\0321.wav,0
D:\VSCodeRepository\SceneZone-ANC\data\synth_noise\cls_0\0322.wav,0
D:\VSCodeRepository\SceneZone-ANC\data\synth_noise\cls_0\0323.wav,0
D:\VSCodeRepository\SceneZone-ANC\data\synth_noise\cls_0\0324.wav,0
D:\VSCodeRepository\SceneZone-ANC\data\synth_noise\cls_0\0325.wav,0
D:\VSCodeRepository\SceneZone-ANC\data\synth_noise\cls_0\0326.wav,0
D:\VSCodeRepository\SceneZone-ANC\data\synth_noise\cls_0\0327.wav,0
D:\VSCodeRepository\SceneZone-ANC\data\synth_noise\cls_0\0328.wav,0
D:\VSCodeRepository\SceneZone-ANC\data\synth_noise\cls_0\0329.wav,0
D:\VSCodeRepository\SceneZone-ANC\data\synth_noise\cls_0\0330.wav,0
D:\VSCodeRepository\SceneZone-ANC\data\synth_noise\cls_0\0331.wav,0
D:\VSCodeRepository\SceneZone-ANC\data\synth_noise\cls_0\0332.wav,0
D:\VSCodeRepository\SceneZone-ANC\data\synth_noise\cls_0\0333.wav,0
D:\VSCodeRepository\SceneZone-ANC\data\synth_noise\cls_0\0334.wav,0
D:\VSCodeRepository\SceneZone-ANC\data\synth_noise\cls_0\0335.wav,0
D:\VSCodeRepository\SceneZone-ANC\data\synth_noise\cls_0\0336.wav,0
D:\VSCodeRepository\SceneZone-ANC\data\synth_noise\cls_0\0337.wav,0
D:\VSCodeRepository\SceneZone-ANC\data\synth_noise\cls_0\0338.wav,0
D:\VSCodeRepository\SceneZone-ANC\data\synth_noise\cls_0\0339.wav,0
D:\VSCodeRepository\SceneZone-ANC\data\synth_noise\cls_0\0340.wav,0
D:\VSCodeRepository\SceneZone-ANC\data\synth_noise\cls_0\0341.wav,0
D:\VSCodeRepository\SceneZone-ANC\data\synth_noise\cls_0\0342.wav,0
D:\VSCodeRepository\SceneZone-ANC\data\synth_noise\cls_0\0343.wav,0
D:\VSCodeRepository\SceneZone-ANC\data\synth_noise\cls_0\0344.wav,0
D:\VSCodeRepository\SceneZone-ANC\data\synth_noise\cls_0\0345.wav,0
D:\VSCodeRepository\SceneZone-ANC\data\synth_noise\cls_0\0346.wav,0
D:\VSCodeRepository\SceneZone-ANC\data\synth_noise\cls_0\0347.wav,0
D:\VSCodeRepository\SceneZone-ANC\data\synth_noise\cls_0\0348.wav,0
D:\VSCodeRepository\SceneZone-ANC\data\synth_noise\cls_0\0349.wav,0
D:\VSCodeRepository\SceneZone-ANC\data\synth_noise\cls_0\0350.wav,0
D:\VSCodeRepository\SceneZone-ANC\data\synth_noise\cls_0\0351.wav,0
D:\VSCodeRepository\SceneZone-ANC\data\synth_noise\cls_0\0352.wav,0
D:\VSCodeRepository\SceneZone-ANC\data\synth_noise\cls_0\0353.wav,0
D:\VSCodeRepository\SceneZone-ANC\data\synth_noise\cls_0\0354.wav,0
D:\VSCodeRepository\SceneZone-ANC\data\synth_noise\cls_0\0355.wav,0
D:\VSCodeRepository\SceneZone-ANC\data\synth_noise\cls_0\0356.wav,0
D:\VSCodeRepository\SceneZone-ANC\data\synth_noise\cls_0\0357.wav,0
D:\VSCodeRepository\SceneZone-ANC\data\synth_noise\cls_0\0358.wav,0
D:\VSCodeRepository\SceneZone-ANC\data\synth_noise\cls_0\0359.wav,0
D:\VSCodeRepository\SceneZone-ANC\data\synth_noise\cls_0\0360.wav,0
D:\VSCodeRepository\SceneZone-ANC\data\synth_noise\cls_0\0361.wav,0
D:\VSCodeRepository\SceneZone-ANC\data\synth_noise\cls_0\0362.wav,0
D:\VSCodeRepository\SceneZone-ANC\data\synth_noise\cls_0\0363.wav,0
D:\VSCodeRepository\SceneZone-ANC\data\synth_noise\cls_0\0364.wav,0
D:\VSCodeRepository\SceneZone-ANC\data\synth_noise\cls_0\0365.wav,0
D:\VSCodeRepository\SceneZone-ANC\data\synth_noise\cls_0\0366.wav,0
D:\VSCodeRepository\SceneZone-ANC\data\synth_noise\cls_0\0367.wav,0
D:\VSCodeRepository\SceneZone-ANC\data\synth_noise\cls_0\0368.wav,0
D:\VSCodeRepository\SceneZone-ANC\data\synth_noise\cls_0\0369.wav,0
D:\VSCodeRepository\SceneZone-ANC\data\synth_noise\cls_0\0370.wav,0
D:\VSCodeRepository\SceneZone-ANC\data\synth_noise\cls_0\0371.wav,0
D:\VSCodeRepository\SceneZone-ANC\data\synth_noise\cls_0\0372.wav,0
D:\VSCodeRepository\SceneZone-ANC\data\synth_noise\cls_0\0373.wav,0
D:\VSCodeRepository\SceneZone-ANC\data\synth_noise\cls_0\0374.wav,0
D:\VSCodeRepository\SceneZone-ANC\data\synth_noise\cls_0\0375.wav,0
D:\VSCodeRepository\SceneZone-ANC\data\synth_noise\cls_0\0376.wav,0
D:\VSCodeRepository\SceneZone-ANC\data\synth_noise\cls_0\0377.wav,0
D:\VSCodeRepository\SceneZone-ANC\data\synth_noise\cls_0\0378.wav,0
D:\VSCodeRepository\SceneZone-ANC\data\synth_noise\cls_0\0379.wav,0
D:\VSCodeRepository\SceneZone-ANC\data\synth_noise\cls_0\0380.wav,0
D:\VSCodeRepository\SceneZone-ANC\data\synth_noise\cls_0\0381.wav,0
D:\VSCodeRepository\SceneZone-ANC\data\synth_noise\cls_0\0382.wav,0
D:\VSCodeRepository\SceneZone-ANC\data\synth_noise\cls_0\0383.wav,0
D:\VSCodeRepository\SceneZone-ANC\data\synth_noise\cls_0\0384.wav,0
D:\VSCodeRepository\SceneZone-ANC\data\synth_noise\cls_0\0385.wav,0
D:\VSCodeRepository\SceneZone-ANC\data\synth_noise\cls_0\0386.wav,0
D:\VSCodeRepository\SceneZone-ANC\data\synth_noise\cls_0\0387.wav,0
D:\VSCodeRepository\SceneZone-ANC\data\synth_noise\cls_0\0388.wav,0
D:\VSCodeRepository\SceneZone-ANC\data\synth_noise\cls_0\0389.wav,0
D:\VSCodeRepository\SceneZone-ANC\data\synth_noise\cls_0\0390.wav,0
D:\VSCodeRepository\SceneZone-ANC\data\synth_noise\cls_0\0391.wav,0
D:\VSCodeRepository\SceneZone-ANC\data\synth_noise\cls_0\0392.wav,0
D:\VSCodeRepository\SceneZone-ANC\data\synth_noise\cls_0\0393.wav,0
D:\VSCodeRepository\SceneZone-ANC\data\synth_noise\cls_0\0394.wav,0
D:\VSCodeRepository\SceneZone-ANC\data\synth_noise\cls_0\0395.wav,0
D:\VSCodeRepository\SceneZone-ANC\data\synth_noise\cls_0\0396.wav,0
D:\VSCodeRepository\SceneZone-ANC\data\synth_noise\cls_0\0397.wav,0
D:\VSCodeRepository\SceneZone-ANC\data\synth_noise\cls_0\0398.wav,0
D:\VSCodeRepository\SceneZone-ANC\data\synth_noise\cls_0\0399.wav,0
D:\VSCodeRepository\SceneZone-ANC\data\synth_noise\cls_0\0400.wav,0
D:\VSCodeRepository\SceneZone-ANC\data\synth_noise\cls_0\0401.wav,0
D:\VSCodeRepository\SceneZone-ANC\data\synth_noise\cls_0\0402.wav,0
D:\VSCodeRepository\SceneZone-ANC\data\synth_noise\cls_0\0403.wav,0
D:\VSCodeRepository\SceneZone-ANC\data\synth_noise\cls_0\0404.wav,0
D:\VSCodeRepository\SceneZone-ANC\data\synth_noise\cls_0\0405.wav,0
D:\VSCodeRepository\SceneZone-ANC\data\synth_noise\cls_0\0406.wav,0
D:\VSCodeRepository\SceneZone-ANC\data\synth_noise\cls_0\0407.wav,0
D:\VSCodeRepository\SceneZone-ANC\data\synth_noise\cls_0\0408.wav,0
D:\VSCodeRepository\SceneZone-ANC\data\synth_noise\cls_0\0409.wav,0
D:\VSCodeRepository\SceneZone-ANC\data\synth_noise\cls_0\0410.wav,0
D:\VSCodeRepository\SceneZone-ANC\data\synth_noise\cls_0\0411.wav,0
D:\VSCodeRepository\SceneZone-ANC\data\synth_noise\cls_0\0412.wav,0
D:\VSCodeRepository\SceneZone-ANC\data\synth_noise\cls_0\0413.wav,0
D:\VSCodeRepository\SceneZone-ANC\data\synth_noise\cls_0\0414.wav,0
D:\VSCodeRepository\SceneZone-ANC\data\synth_noise\cls_0\0415.wav,0
D:\VSCodeRepository\SceneZone-ANC\data\synth_noise\cls_0\0416.wav,0
D:\VSCodeRepository\SceneZone-ANC\data\synth_noise\cls_0\0417.wav,0
D:\VSCodeRepository\SceneZone-ANC\data\synth_noise\cls_0\0418.wav,0
D:\VSCodeRepository\SceneZone-ANC\data\synth_noise\cls_0\0419.wav,0
D:\VSCodeRepository\SceneZone-ANC\data\synth_noise\cls_0\0420.wav,0
D:\VSCodeRepository\SceneZone-ANC\data\synth_noise\cls_0\0421.wav,0
D:\VSCodeRepository\SceneZone-ANC\data\synth_noise\cls_0\0422.wav,0
D:\VSCodeRepository\SceneZone-ANC\data\synth_noise\cls_0\0423.wav,0
D:\VSCodeRepository\SceneZone-ANC\data\synth_noise\cls_0\0424.wav,0
D:\VSCodeRepository\SceneZone-ANC\data\synth_noise\cls_0\0425.wav,0
D:\VSCodeRepository\SceneZone-ANC\data\synth_noise\cls_0\0426.wav,0
D:\VSCodeRepository\SceneZone-ANC\data\synth_noise\cls_0\0427.wav,0
D:\VSCodeRepository\SceneZone-ANC\data\synth_noise\cls_0\0428.wav,0
D:\VSCodeRepository\SceneZone-ANC\data\synth_noise\cls_0\0429.wav,0
D:\VSCodeRepository\SceneZone-ANC\data\synth_noise\cls_0\0430.wav,0
D:\VSCodeRepository\SceneZone-ANC\data\synth_noise\cls_0\0431.wav,0
D:\VSCodeRepository\SceneZone-ANC\data\synth_noise\cls_0\0432.wav,0
D:\VSCodeRepository\SceneZone-ANC\data\synth_noise\cls_0\0433.wav,0
D:\VSCodeRepository\SceneZone-ANC\data\synth_noise\cls_0\0434.wav,0
D:\VSCodeRepository\SceneZone-ANC\data\synth_noise\cls_0\0435.wav,0
D:\VSCodeRepository\SceneZone-ANC\data\synth_noise\cls_0\0436.wav,0
D:\VSCodeRepository\SceneZone-ANC\data\synth_noise\cls_0\0437.wav,0
D:\VSCodeRepository\SceneZone-ANC\data\synth_noise\cls_0\0438.wav,0
D:\VSCodeRepository\SceneZone-ANC\data\synth_noise\cls_0\0439.wav,0
D:\VSCodeRepository\SceneZone-ANC\data\synth_noise\cls_0\0440.wav,0
D:\VSCodeRepository\SceneZone-ANC\data\synth_noise\cls_0\0441.wav,0
D:\VSCodeRepository\SceneZone-ANC\data\synth_noise\cls_0\0442.wav,0
D:\VSCodeRepository\SceneZone-ANC\data\synth_noise\cls_0\0443.wav,0
D:\VSCodeRepository\SceneZone-ANC\data\synth_noise\cls_0\0444.wav,0
D:\VSCodeRepository\SceneZone-ANC\data\synth_noise\cls_0\0445.wav,0
D:\VSCodeRepository\SceneZone-ANC\data\synth_noise\cls_0\0446.wav,0
D:\VSCodeRepository\SceneZone-ANC\data\synth_noise\cls_0\0447.wav,0
D:\VSCodeRepository\SceneZone-ANC\data\synth_noise\cls_0\0448.wav,0
D:\VSCodeRepository\SceneZone-ANC\data\synth_noise\cls_0\0449.wav,0
D:\VSCodeRepository\SceneZone-ANC\data\synth_noise\cls_0\0450.wav,0
D:\VSCodeRepository\SceneZone-ANC\data\synth_noise\cls_0\0451.wav,0
D:\VSCodeRepository\SceneZone-ANC\data\synth_noise\cls_0\0452.wav,0
D:\VSCodeRepository\SceneZone-ANC\data\synth_noise\cls_0\0453.wav,0
D:\VSCodeRepository\SceneZone-ANC\data\synth_noise\cls_0\0454.wav,0
D:\VSCodeRepository\SceneZone-ANC\data\synth_noise\cls_0\0455.wav,0
D:\VSCodeRepository\SceneZone-ANC\data\synth_noise\cls_0\0456.wav,0
D:\VSCodeRepository\SceneZone-ANC\data\synth_noise\cls_0\0457.wav,0
D:\VSCodeRepository\SceneZone-ANC\data\synth_noise\cls_0\0458.wav,0
D:\VSCodeRepository\SceneZone-ANC\data\synth_noise\cls_0\0459.wav,0
D:\VSCodeRepository\SceneZone-ANC\data\synth_noise\cls_0\0460.wav,0
D:\VSCodeRepository\SceneZone-ANC\data\synth_noise\cls_0\0461.wav,0
D:\VSCodeRepository\SceneZone-ANC\data\synth_noise\cls_0\0462.wav,0
D:\VSCodeRepository\SceneZone-ANC\data\synth_noise\cls_0\0463.wav,0
D:\VSCodeRepository\SceneZone-ANC\data\synth_noise\cls_0\0464.wav,0
D:\VSCodeRepository\SceneZone-ANC\data\synth_noise\cls_0\0465.wav,0
D:\VSCodeRepository\SceneZone-ANC\data\synth_noise\cls_0\0466.wav,0
D:\VSCodeRepository\SceneZone-ANC\data\synth_noise\cls_0\0467.wav,0
D:\VSCodeRepository\SceneZone-ANC\data\synth_noise\cls_0\0468.wav,0
D:\VSCodeRepository\SceneZone-ANC\data\synth_noise\cls_0\0469.wav,0
D:\VSCodeRepository\SceneZone-ANC\data\synth_noise\cls_0\0470.wav,0
D:\VSCodeRepository\SceneZone-ANC\data\synth_noise\cls_0\0471.wav,0
D:\VSCodeRepository\SceneZone-ANC\data\synth_noise\cls_0\0472.wav,0
D:\VSCodeRepository\SceneZone-ANC\data\synth_noise\cls_0\0473.wav,0
D:\VSCodeRepository\SceneZone-ANC\data\synth_noise\cls_0\0474.wav,0
D:\VSCodeRepository\SceneZone-ANC\data\synth_noise\cls_0\0475.wav,0
D:\VSCodeRepository\SceneZone-ANC\data\synth_noise\cls_0\0476.wav,0
D:\VSCodeRepository\SceneZone-ANC\data\synth_noise\cls_0\0477.wav,0
D:\VSCodeRepository\SceneZone-ANC\data\synth_noise\cls_0\0478.wav,0
D:\VSCodeRepository\SceneZone-ANC\data\synth_noise\cls_0\0479.wav,0
D:\VSCodeRepository\SceneZone-ANC\data\synth_noise\cls_0\0480.wav,0
D:\VSCodeRepository\SceneZone-ANC\data\synth_noise\cls_0\0481.wav,0
D:\VSCodeRepository\SceneZone-ANC\data\synth_noise\cls_0\0482.wav,0
D:\VSCodeRepository\SceneZone-ANC\data\synth_noise\cls_0\0483.wav,0
D:\VSCodeRepository\SceneZone-ANC\data\synth_noise\cls_0\0484.wav,0
D:\VSCodeRepository\SceneZone-ANC\data\synth_noise\cls_0\0485.wav,0
D:\VSCodeRepository\SceneZone-ANC\data\synth_noise\cls_0\0486.wav,0
D:\VSCodeRepository\SceneZone-ANC\data\synth_noise\cls_0\0487.wav,0
D:\VSCodeRepository\SceneZone-ANC\data\synth_noise\cls_0\0488.wav,0
D:\VSCodeRepository\SceneZone-ANC\data\synth_noise\cls_0\0489.wav,0
D:\VSCodeRepository\SceneZone-ANC\data\synth_noise\cls_0\0490.wav,0
D:\VSCodeRepository\SceneZone-ANC\data\synth_noise\cls_0\0491.wav,0
D:\VSCodeRepository\SceneZone-ANC\data\synth_noise\cls_0\0492.wav,0
D:\VSCodeRepository\SceneZone-ANC\data\synth_noise\cls_0\0493.wav,0
D:\VSCodeRepository\SceneZone-ANC\data\synth_noise\cls_0\0494.wav,0
D:\VSCodeRepository\SceneZone-ANC\data\synth_noise\cls_0\0495.wav,0
D:\VSCodeRepository\SceneZone-ANC\data\synth_noise\cls_0\0496.wav,0
D:\VSCodeRepository\SceneZone-ANC\data\synth_noise\cls_0\0497.wav,0
D:\VSCodeRepository\SceneZone-ANC\data\synth_noise\cls_0\0498.wav,0
D:\VSCodeRepository\SceneZone-ANC\data\synth_noise\cls_0\0499.wav,0
D:\VSCodeRepository\SceneZone-ANC\data\synth_noise\cls_0\0500.wav,0
D:\VSCodeRepository\SceneZone-ANC\data\synth_noise\cls_0\0501.wav,0
D:\VSCodeRepository\SceneZone-ANC\data\synth_noise\cls_0\0502.wav,0
D:\VSCodeRepository\SceneZone-ANC\data\synth_noise\cls_0\0503.wav,0
D:\VSCodeRepository\SceneZone-ANC\data\synth_noise\cls_0\0504.wav,0
D:\VSCodeRepository\SceneZone-ANC\data\synth_noise\cls_0\0505.wav,0
D:\VSCodeRepository\SceneZone-ANC\data\synth_noise\cls_0\0506.wav,0
D:\VSCodeRepository\SceneZone-ANC\data\synth_noise\cls_0\0507.wav,0
D:\VSCodeRepository\SceneZone-ANC\data\synth_noise\cls_0\0508.wav,0
D:\VSCodeRepository\SceneZone-ANC\data\synth_noise\cls_0\0509.wav,0
D:\VSCodeRepository\SceneZone-ANC\data\synth_noise\cls_0\0510.wav,0
D:\VSCodeRepository\SceneZone-ANC\data\synth_noise\cls_0\0511.wav,0
D:\VSCodeRepository\SceneZone-ANC\data\synth_noise\cls_0\0512.wav,0
D:\VSCodeRepository\SceneZone-ANC\data\synth_noise\cls_0\0513.wav,0
D:\VSCodeRepository\SceneZone-ANC\data\synth_noise\cls_0\0514.wav,0
D:\VSCodeRepository\SceneZone-ANC\data\synth_noise\cls_0\0515.wav,0
D:\VSCodeRepository\SceneZone-ANC\data\synth_noise\cls_0\0516.wav,0
D:\VSCodeRepository\SceneZone-ANC\data\synth_noise\cls_0\0517.wav,0
D:\VSCodeRepository\SceneZone-ANC\data\synth_noise\cls_0\0518.wav,0
D:\VSCodeRepository\SceneZone-ANC\data\synth_noise\cls_0\0519.wav,0
D:\VSCodeRepository\SceneZone-ANC\data\synth_noise\cls_0\0520.wav,0
D:\VSCodeRepository\SceneZone-ANC\data\synth_noise\cls_0\0521.wav,0
D:\VSCodeRepository\SceneZone-ANC\data\synth_noise\cls_0\0522.wav,0
D:\VSCodeRepository\SceneZone-ANC\data\synth_noise\cls_0\0523.wav,0
D:\VSCodeRepository\SceneZone-ANC\data\synth_noise\cls_0\0524.wav,0
D:\VSCodeRepository\SceneZone-ANC\data\synth_noise\cls_0\0525.wav,0
D:\VSCodeRepository\SceneZone-ANC\data\synth_noise\cls_0\0526.wav,0
D:\VSCodeRepository\SceneZone-ANC\data\synth_noise\cls_0\0527.wav,0
D:\VSCodeRepository\SceneZone-ANC\data\synth_noise\cls_0\0528.wav,0
D:\VSCodeRepository\SceneZone-ANC\data\synth_noise\cls_0\0529.wav,0
D:\VSCodeRepository\SceneZone-ANC\data\synth_noise\cls_0\0530.wav,0
D:\VSCodeRepository\SceneZone-ANC\data\synth_noise\cls_0\0531.wav,0
D:\VSCodeRepository\SceneZone-ANC\data\synth_noise\cls_0\0532.wav,0
D:\VSCodeRepository\SceneZone-ANC\data\synth_noise\cls_0\0533.wav,0
D:\VSCodeRepository\SceneZone-ANC\data\synth_noise\cls_0\0534.wav,0
D:\VSCodeRepository\SceneZone-ANC\data\synth_noise\cls_0\0535.wav,0
D:\VSCodeRepository\SceneZone-ANC\data\synth_noise\cls_0\0536.wav,0
D:\VSCodeRepository\SceneZone-ANC\data\synth_noise\cls_0\0537.wav,0
D:\VSCodeRepository\SceneZone-ANC\data\synth_noise\cls_0\0538.wav,0
D:\VSCodeRepository\SceneZone-ANC\data\synth_noise\cls_0\0539.wav,0
D:\VSCodeRepository\SceneZone-ANC\data\synth_noise\cls_0\0540.wav,0
D:\VSCodeRepository\SceneZone-ANC\data\synth_noise\cls_0\0541.wav,0
D:\VSCodeRepository\SceneZone-ANC\data\synth_noise\cls_0\0542.wav,0
D:\VSCodeRepository\SceneZone-ANC\data\synth_noise\cls_0\0543.wav,0
D:\VSCodeRepository\SceneZone-ANC\data\synth_noise\cls_0\0544.wav,0
D:\VSCodeRepository\SceneZone-ANC\data\synth_noise\cls_0\0545.wav,0
D:\VSCodeRepository\SceneZone-ANC\data\synth_noise\cls_0\0546.wav,0
D:\VSCodeRepository\SceneZone-ANC\data\synth_noise\cls_0\0547.wav,0
D:\VSCodeRepository\SceneZone-ANC\data\synth_noise\cls_0\0548.wav,0
D:\VSCodeRepository\SceneZone-ANC\data\synth_noise\cls_0\0549.wav,0
D:\VSCodeRepository\SceneZone-ANC\data\synth_noise\cls_0\0550.wav,0
D:\VSCodeRepository\SceneZone-ANC\data\synth_noise\cls_0\0551.wav,0
D:\VSCodeRepository\SceneZone-ANC\data\synth_noise\cls_0\0552.wav,0
D:\VSCodeRepository\SceneZone-ANC\data\synth_noise\cls_0\0553.wav,0
D:\VSCodeRepository\SceneZone-ANC\data\synth_noise\cls_0\0554.wav,0
D:\VSCodeRepository\SceneZone-ANC\data\synth_noise\cls_0\0555.wav,0
D:\VSCodeRepository\SceneZone-ANC\data\synth_noise\cls_0\0556.wav,0
D:\VSCodeRepository\SceneZone-ANC\data\synth_noise\cls_0\0557.wav,0
D:\VSCodeRepository\SceneZone-ANC\data\synth_noise\cls_0\0558.wav,0
D:\VSCodeRepository\SceneZone-ANC\data\synth_noise\cls_0\0559.wav,0
D:\VSCodeRepository\SceneZone-ANC\data\synth_noise\cls_0\0560.wav,0
D:\VSCodeRepository\SceneZone-ANC\data\synth_noise\cls_0\0561.wav,0
D:\VSCodeRepository\SceneZone-ANC\data\synth_noise\cls_0\0562.wav,0
D:\VSCodeRepository\SceneZone-ANC\data\synth_noise\cls_0\0563.wav,0
D:\VSCodeRepository\SceneZone-ANC\data\synth_noise\cls_0\0564.wav,0
D:\VSCodeRepository\SceneZone-ANC\data\synth_noise\cls_0\0565.wav,0
D:\VSCodeRepository\SceneZone-ANC\data\synth_noise\cls_0\0566.wav,0
D:\VSCodeRepository\SceneZone-ANC\data\synth_noise\cls_0\0567.wav,0
D:\VSCodeRepository\SceneZone-ANC\data\synth_noise\cls_0\0568.wav,0
D:\VSCodeRepository\SceneZone-ANC\data\synth_noise\cls_0\0569.wav,0
D:\VSCodeRepository\SceneZone-ANC\data\synth_noise\cls_0\0570.wav,0
D:\VSCodeRepository\SceneZone-ANC\data\synth_noise\cls_0\0571.wav,0
D:\VSCodeRepository\SceneZone-ANC\data\synth_noise\cls_0\0572.wav,0
D:\VSCodeRepository\SceneZone-ANC\data\synth_noise\cls_0\0573.wav,0
D:\VSCodeRepository\SceneZone-ANC\data\synth_noise\cls_0\0574.wav,0
D:\VSCodeRepository\SceneZone-ANC\data\synth_noise\cls_0\0575.wav,0
D:\VSCodeRepository\SceneZone-ANC\data\synth_noise\cls_0\0576.wav,0
D:\VSCodeRepository\SceneZone-ANC\data\synth_noise\cls_0\0577.wav,0
D:\VSCodeRepository\SceneZone-ANC\data\synth_noise\cls_0\0578.wav,0
D:\VSCodeRepository\SceneZone-ANC\data\synth_noise\cls_0\0579.wav,0
D:\VSCodeRepository\SceneZone-ANC\data\synth_noise\cls_0\0580.wav,0
D:\VSCodeRepository\SceneZone-ANC\data\synth_noise\cls_0\0581.wav,0
D:\VSCodeRepository\SceneZone-ANC\data\synth_noise\cls_0\0582.wav,0
D:\VSCodeRepository\SceneZone-ANC\data\synth_noise\cls_0\0583.wav,0
D:\VSCodeRepository\SceneZone-ANC\data\synth_noise\cls_0\0584.wav,0
D:\VSCodeRepository\SceneZone-ANC\data\synth_noise\cls_0\0585.wav,0
D:\VSCodeRepository\SceneZone-ANC\data\synth_noise\cls_0\0586.wav,0
D:\VSCodeRepository\SceneZone-ANC\data\synth_noise\cls_0\0587.wav,0
D:\VSCodeRepository\SceneZone-ANC\data\synth_noise\cls_0\0588.wav,0
D:\VSCodeRepository\SceneZone-ANC\data\synth_noise\cls_0\0589.wav,0
D:\VSCodeRepository\SceneZone-ANC\data\synth_noise\cls_0\0590.wav,0
D:\VSCodeRepository\SceneZone-ANC\data\synth_noise\cls_0\0591.wav,0
D:\VSCodeRepository\SceneZone-ANC\data\synth_noise\cls_0\0592.wav,0
D:\VSCodeRepository\SceneZone-ANC\data\synth_noise\cls_0\0593.wav,0
D:\VSCodeRepository\SceneZone-ANC\data\synth_noise\cls_0\0594.wav,0
D:\VSCodeRepository\SceneZone-ANC\data\synth_noise\cls_0\0595.wav,0
D:\VSCodeRepository\SceneZone-ANC\data\synth_noise\cls_0\0596.wav,0
D:\VSCodeRepository\SceneZone-ANC\data\synth_noise\cls_0\0597.wav,0
D:\VSCodeRepository\SceneZone-ANC\data\synth_noise\cls_0\0598.wav,0
D:\VSCodeRepository\SceneZone-ANC\data\synth_noise\cls_0\0599.wav,0
D:\VSCodeRepository\SceneZone-ANC\data\synth_noise\cls_0\0600.wav,0
D:\VSCodeRepository\SceneZone-ANC\data\synth_noise\cls_0\0601.wav,0
D:\VSCodeRepository\SceneZone-ANC\data\synth_noise\cls_0\0602.wav,0
D:\VSCodeRepository\SceneZone-ANC\data\synth_noise\cls_0\0603.wav,0
D:\VSCodeRepository\SceneZone-ANC\data\synth_noise\cls_0\0604.wav,0
D:\VSCodeRepository\SceneZone-ANC\data\synth_noise\cls_0\0605.wav,0
D:\VSCodeRepository\SceneZone-ANC\data\synth_noise\cls_0\0606.wav,0
D:\VSCodeRepository\SceneZone-ANC\data\synth_noise\cls_0\0607.wav,0
D:\VSCodeRepository\SceneZone-ANC\data\synth_noise\cls_0\0608.wav,0
D:\VSCodeRepository\SceneZone-ANC\data\synth_noise\cls_0\0609.wav,0
D:\VSCodeRepository\SceneZone-ANC\data\synth_noise\cls_0\0610.wav,0
D:\VSCodeRepository\SceneZone-ANC\data\synth_noise\cls_0\0611.wav,0
D:\VSCodeRepository\SceneZone-ANC\data\synth_noise\cls_0\0612.wav,0
D:\VSCodeRepository\SceneZone-ANC\data\synth_noise\cls_0\0613.wav,0
D:\VSCodeRepository\SceneZone-ANC\data\synth_noise\cls_0\0614.wav,0
D:\VSCodeRepository\SceneZone-ANC\data\synth_noise\cls_0\0615.wav,0
D:\VSCodeRepository\SceneZone-ANC\data\synth_noise\cls_0\0616.wav,0
D:\VSCodeRepository\SceneZone-ANC\data\synth_noise\cls_0\0617.wav,0
D:\VSCodeRepository\SceneZone-ANC\data\synth_noise\cls_0\0618.wav,0
D:\VSCodeRepository\SceneZone-ANC\data\synth_noise\cls_0\0619.wav,0
D:\VSCodeRepository\SceneZone-ANC\data\synth_noise\cls_0\0620.wav,0
D:\VSCodeRepository\SceneZone-ANC\data\synth_noise\cls_0\0621.wav,0
D:\VSCodeRepository\SceneZone-ANC\data\synth_noise\cls_0\0622.wav,0
D:\VSCodeRepository\SceneZone-ANC\data\synth_noise\cls_0\0623.wav,0
D:\VSCodeRepository\SceneZone-ANC\data\synth_noise\cls_0\0624.wav,0
D:\VSCodeRepository\SceneZone-ANC\data\synth_noise\cls_0\0625.wav,0
D:\VSCodeRepository\SceneZone-ANC\data\synth_noise\cls_0\0626.wav,0
D:\VSCodeRepository\SceneZone-ANC\data\synth_noise\cls_0\0627.wav,0
D:\VSCodeRepository\SceneZone-ANC\data\synth_noise\cls_0\0628.wav,0
D:\VSCodeRepository\SceneZone-ANC\data\synth_noise\cls_0\0629.wav,0
D:\VSCodeRepository\SceneZone-ANC\data\synth_noise\cls_0\0630.wav,0
D:\VSCodeRepository\SceneZone-ANC\data\synth_noise\cls_0\0631.wav,0
D:\VSCodeRepository\SceneZone-ANC\data\synth_noise\cls_0\0632.wav,0
D:\VSCodeRepository\SceneZone-ANC\data\synth_noise\cls_0\0633.wav,0
D:\VSCodeRepository\SceneZone-ANC\data\synth_noise\cls_0\0634.wav,0
D:\VSCodeRepository\SceneZone-ANC\data\synth_noise\cls_0\0635.wav,0
D:\VSCodeRepository\SceneZone-ANC\data\synth_noise\cls_0\0636.wav,0
D:\VSCodeRepository\SceneZone-ANC\data\synth_noise\cls_0\0637.wav,0
D:\VSCodeRepository\SceneZone-ANC\data\synth_noise\cls_0\0638.wav,0
D:\VSCodeRepository\SceneZone-ANC\data\synth_noise\cls_0\0639.wav,0
D:\VSCodeRepository\SceneZone-ANC\data\synth_noise\cls_0\0640.wav,0
D:\VSCodeRepository\SceneZone-ANC\data\synth_noise\cls_0\0641.wav,0
D:\VSCodeRepository\SceneZone-ANC\data\synth_noise\cls_0\0642.wav,0
D:\VSCodeRepository\SceneZone-ANC\data\synth_noise\cls_0\0643.wav,0
D:\VSCodeRepository\SceneZone-ANC\data\synth_noise\cls_0\0644.wav,0
D:\VSCodeRepository\SceneZone-ANC\data\synth_noise\cls_0\0645.wav,0
D:\VSCodeRepository\SceneZone-ANC\data\synth_noise\cls_0\0646.wav,0
D:\VSCodeRepository\SceneZone-ANC\data\synth_noise\cls_0\0647.wav,0
D:\VSCodeRepository\SceneZone-ANC\data\synth_noise\cls_0\0648.wav,0
D:\VSCodeRepository\SceneZone-ANC\data\synth_noise\cls_0\0649.wav,0
D:\VSCodeRepository\SceneZone-ANC\data\synth_noise\cls_0\0650.wav,0
D:\VSCodeRepository\SceneZone-ANC\data\synth_noise\cls_0\0651.wav,0
D:\VSCodeRepository\SceneZone-ANC\data\synth_noise\cls_0\0652.wav,0
D:\VSCodeRepository\SceneZone-ANC\data\synth_noise\cls_0\0653.wav,0
D:\VSCodeRepository\SceneZone-ANC\data\synth_noise\cls_0\0654.wav,0
D:\VSCodeRepository\SceneZone-ANC\data\synth_noise\cls_0\0655.wav,0
D:\VSCodeRepository\SceneZone-ANC\data\synth_noise\cls_0\0656.wav,0
D:\VSCodeRepository\SceneZone-ANC\data\synth_noise\cls_0\0657.wav,0
D:\VSCodeRepository\SceneZone-ANC\data\synth_noise\cls_0\0658.wav,0
D:\VSCodeRepository\SceneZone-ANC\data\synth_noise\cls_0\0659.wav,0
D:\VSCodeRepository\SceneZone-ANC\data\synth_noise\cls_0\0660.wav,0
D:\VSCodeRepository\SceneZone-ANC\data\synth_noise\cls_0\0661.wav,0
D:\VSCodeRepository\SceneZone-ANC\data\synth_noise\cls_0\0662.wav,0
D:\VSCodeRepository\SceneZone-ANC\data\synth_noise\cls_0\0663.wav,0
D:\VSCodeRepository\SceneZone-ANC\data\synth_noise\cls_0\0664.wav,0
D:\VSCodeRepository\SceneZone-ANC\data\synth_noise\cls_0\0665.wav,0
D:\VSCodeRepository\SceneZone-ANC\data\synth_noise\cls_0\0666.wav,0
D:\VSCodeRepository\SceneZone-ANC\data\synth_noise\cls_0\0667.wav,0
D:\VSCodeRepository\SceneZone-ANC\data\synth_noise\cls_0\0668.wav,0
D:\VSCodeRepository\SceneZone-ANC\data\synth_noise\cls_0\0669.wav,0
D:\VSCodeRepository\SceneZone-ANC\data\synth_noise\cls_0\0670.wav,0
D:\VSCodeRepository\SceneZone-ANC\data\synth_noise\cls_0\0671.wav,0
D:\VSCodeRepository\SceneZone-ANC\data\synth_noise\cls_0\0672.wav,0
D:\VSCodeRepository\SceneZone-ANC\data\synth_noise\cls_0\0673.wav,0
D:\VSCodeRepository\SceneZone-ANC\data\synth_noise\cls_0\0674.wav,0
D:\VSCodeRepository\SceneZone-ANC\data\synth_noise\cls_0\0675.wav,0
D:\VSCodeRepository\SceneZone-ANC\data\synth_noise\cls_0\0676.wav,0
D:\VSCodeRepository\SceneZone-ANC\data\synth_noise\cls_0\0677.wav,0
D:\VSCodeRepository\SceneZone-ANC\data\synth_noise\cls_0\0678.wav,0
D:\VSCodeRepository\SceneZone-ANC\data\synth_noise\cls_0\0679.wav,0
D:\VSCodeRepository\SceneZone-ANC\data\synth_noise\cls_0\0680.wav,0
D:\VSCodeRepository\SceneZone-ANC\data\synth_noise\cls_0\0681.wav,0
D:\VSCodeRepository\SceneZone-ANC\data\synth_noise\cls_0\0682.wav,0
D:\VSCodeRepository\SceneZone-ANC\data\synth_noise\cls_0\0683.wav,0
D:\VSCodeRepository\SceneZone-ANC\data\synth_noise\cls_0\0684.wav,0
D:\VSCodeRepository\SceneZone-ANC\data\synth_noise\cls_0\0685.wav,0
D:\VSCodeRepository\SceneZone-ANC\data\synth_noise\cls_0\0686.wav,0
D:\VSCodeRepository\SceneZone-ANC\data\synth_noise\cls_0\0687.wav,0
D:\VSCodeRepository\SceneZone-ANC\data\synth_noise\cls_0\0688.wav,0
D:\VSCodeRepository\SceneZone-ANC\data\synth_noise\cls_0\0689.wav,0
D:\VSCodeRepository\SceneZone-ANC\data\synth_noise\cls_0\0690.wav,0
D:\VSCodeRepository\SceneZone-ANC\data\synth_noise\cls_0\0691.wav,0
D:\VSCodeRepository\SceneZone-ANC\data\synth_noise\cls_0\0692.wav,0
D:\VSCodeRepository\SceneZone-ANC\data\synth_noise\cls_0\0693.wav,0
D:\VSCodeRepository\SceneZone-ANC\data\synth_noise\cls_0\0694.wav,0
D:\VSCodeRepository\SceneZone-ANC\data\synth_noise\cls_0\0695.wav,0
D:\VSCodeRepository\SceneZone-ANC\data\synth_noise\cls_0\0696.wav,0
D:\VSCodeRepository\SceneZone-ANC\data\synth_noise\cls_0\0697.wav,0
D:\VSCodeRepository\SceneZone-ANC\data\synth_noise\cls_0\0698.wav,0
D:\VSCodeRepository\SceneZone-ANC\data\synth_noise\cls_0\0699.wav,0
D:\VSCodeRepository\SceneZone-ANC\data\synth_noise\cls_0\0700.wav,0
D:\VSCodeRepository\SceneZone-ANC\data\synth_noise\cls_0\0701.wav,0
D:\VSCodeRepository\SceneZone-ANC\data\synth_noise\cls_0\0702.wav,0
D:\VSCodeRepository\SceneZone-ANC\data\synth_noise\cls_0\0703.wav,0
D:\VSCodeRepository\SceneZone-ANC\data\synth_noise\cls_0\0704.wav,0
D:\VSCodeRepository\SceneZone-ANC\data\synth_noise\cls_0\0705.wav,0
D:\VSCodeRepository\SceneZone-ANC\data\synth_noise\cls_0\0706.wav,0
D:\VSCodeRepository\SceneZone-ANC\data\synth_noise\cls_0\0707.wav,0
D:\VSCodeRepository\SceneZone-ANC\data\synth_noise\cls_0\0708.wav,0
D:\VSCodeRepository\SceneZone-ANC\data\synth_noise\cls_0\0709.wav,0
D:\VSCodeRepository\SceneZone-ANC\data\synth_noise\cls_0\0710.wav,0
D:\VSCodeRepository\SceneZone-ANC\data\synth_noise\cls_0\0711.wav,0
D:\VSCodeRepository\SceneZone-ANC\data\synth_noise\cls_0\0712.wav,0
D:\VSCodeRepository\SceneZone-ANC\data\synth_noise\cls_0\0713.wav,0
D:\VSCodeRepository\SceneZone-ANC\data\synth_noise\cls_0\0714.wav,0
D:\VSCodeRepository\SceneZone-ANC\data\synth_noise\cls_0\0715.wav,0
D:\VSCodeRepository\SceneZone-ANC\data\synth_noise\cls_0\0716.wav,0
D:\VSCodeRepository\SceneZone-ANC\data\synth_noise\cls_0\0717.wav,0
D:\VSCodeRepository\SceneZone-ANC\data\synth_noise\cls_0\0718.wav,0
D:\VSCodeRepository\SceneZone-ANC\data\synth_noise\cls_0\0719.wav,0
D:\VSCodeRepository\SceneZone-ANC\data\synth_noise\cls_0\0720.wav,0
D:\VSCodeRepository\SceneZone-ANC\data\synth_noise\cls_0\0721.wav,0
D:\VSCodeRepository\SceneZone-ANC\data\synth_noise\cls_0\0722.wav,0
D:\VSCodeRepository\SceneZone-ANC\data\synth_noise\cls_0\0723.wav,0
D:\VSCodeRepository\SceneZone-ANC\data\synth_noise\cls_0\0724.wav,0
D:\VSCodeRepository\SceneZone-ANC\data\synth_noise\cls_0\0725.wav,0
D:\VSCodeRepository\SceneZone-ANC\data\synth_noise\cls_0\0726.wav,0
D:\VSCodeRepository\SceneZone-ANC\data\synth_noise\cls_0\0727.wav,0
D:\VSCodeRepository\SceneZone-ANC\data\synth_noise\cls_0\0728.wav,0
D:\VSCodeRepository\SceneZone-ANC\data\synth_noise\cls_0\0729.wav,0
D:\VSCodeRepository\SceneZone-ANC\data\synth_noise\cls_0\0730.wav,0
D:\VSCodeRepository\SceneZone-ANC\data\synth_noise\cls_0\0731.wav,0
D:\VSCodeRepository\SceneZone-ANC\data\synth_noise\cls_0\0732.wav,0
D:\VSCodeRepository\SceneZone-ANC\data\synth_noise\cls_0\0733.wav,0
D:\VSCodeRepository\SceneZone-ANC\data\synth_noise\cls_0\0734.wav,0
D:\VSCodeRepository\SceneZone-ANC\data\synth_noise\cls_0\0735.wav,0
D:\VSCodeRepository\SceneZone-ANC\data\synth_noise\cls_0\0736.wav,0
D:\VSCodeRepository\SceneZone-ANC\data\synth_noise\cls_0\0737.wav,0
D:\VSCodeRepository\SceneZone-ANC\data\synth_noise\cls_0\0738.wav,0
D:\VSCodeRepository\SceneZone-ANC\data\synth_noise\cls_0\0739.wav,0
D:\VSCodeRepository\SceneZone-ANC\data\synth_noise\cls_0\0740.wav,0
D:\VSCodeRepository\SceneZone-ANC\data\synth_noise\cls_0\0741.wav,0
D:\VSCodeRepository\SceneZone-ANC\data\synth_noise\cls_0\0742.wav,0
D:\VSCodeRepository\SceneZone-ANC\data\synth_noise\cls_0\0743.wav,0
D:\VSCodeRepository\SceneZone-ANC\data\synth_noise\cls_0\0744.wav,0
D:\VSCodeRepository\SceneZone-ANC\data\synth_noise\cls_0\0745.wav,0
D:\VSCodeRepository\SceneZone-ANC\data\synth_noise\cls_0\0746.wav,0
D:\VSCodeRepository\SceneZone-ANC\data\synth_noise\cls_0\0747.wav,0
D:\VSCodeRepository\SceneZone-ANC\data\synth_noise\cls_0\0748.wav,0
D:\VSCodeRepository\SceneZone-ANC\data\synth_noise\cls_0\0749.wav,0
D:\VSCodeRepository\SceneZone-ANC\data\synth_noise\cls_0\0750.wav,0
D:\VSCodeRepository\SceneZone-ANC\data\synth_noise\cls_0\0751.wav,0
D:\VSCodeRepository\SceneZone-ANC\data\synth_noise\cls_0\0752.wav,0
D:\VSCodeRepository\SceneZone-ANC\data\synth_noise\cls_0\0753.wav,0
D:\VSCodeRepository\SceneZone-ANC\data\synth_noise\cls_0\0754.wav,0
D:\VSCodeRepository\SceneZone-ANC\data\synth_noise\cls_0\0755.wav,0
D:\VSCodeRepository\SceneZone-ANC\data\synth_noise\cls_0\0756.wav,0
D:\VSCodeRepository\SceneZone-ANC\data\synth_noise\cls_0\0757.wav,0
D:\VSCodeRepository\SceneZone-ANC\data\synth_noise\cls_0\0758.wav,0
D:\VSCodeRepository\SceneZone-ANC\data\synth_noise\cls_0\0759.wav,0
D:\VSCodeRepository\SceneZone-ANC\data\synth_noise\cls_0\0760.wav,0
D:\VSCodeRepository\SceneZone-ANC\data\synth_noise\cls_0\0761.wav,0
D:\VSCodeRepository\SceneZone-ANC\data\synth_noise\cls_0\0762.wav,0
D:\VSCodeRepository\SceneZone-ANC\data\synth_noise\cls_0\0763.wav,0
D:\VSCodeRepository\SceneZone-ANC\data\synth_noise\cls_0\0764.wav,0
D:\VSCodeRepository\SceneZone-ANC\data\synth_noise\cls_0\0765.wav,0
D:\VSCodeRepository\SceneZone-ANC\data\synth_noise\cls_0\0766.wav,0
D:\VSCodeRepository\SceneZone-ANC\data\synth_noise\cls_0\0767.wav,0
D:\VSCodeRepository\SceneZone-ANC\data\synth_noise\cls_0\0768.wav,0
D:\VSCodeRepository\SceneZone-ANC\data\synth_noise\cls_0\0769.wav,0
D:\VSCodeRepository\SceneZone-ANC\data\synth_noise\cls_0\0770.wav,0
D:\VSCodeRepository\SceneZone-ANC\data\synth_noise\cls_0\0771.wav,0
D:\VSCodeRepository\SceneZone-ANC\data\synth_noise\cls_0\0772.wav,0
D:\VSCodeRepository\SceneZone-ANC\data\synth_noise\cls_0\0773.wav,0
D:\VSCodeRepository\SceneZone-ANC\data\synth_noise\cls_0\0774.wav,0
D:\VSCodeRepository\SceneZone-ANC\data\synth_noise\cls_0\0775.wav,0
D:\VSCodeRepository\SceneZone-ANC\data\synth_noise\cls_0\0776.wav,0
D:\VSCodeRepository\SceneZone-ANC\data\synth_noise\cls_0\0777.wav,0
D:\VSCodeRepository\SceneZone-ANC\data\synth_noise\cls_0\0778.wav,0
D:\VSCodeRepository\SceneZone-ANC\data\synth_noise\cls_0\0779.wav,0
D:\VSCodeRepository\SceneZone-ANC\data\synth_noise\cls_0\0780.wav,0
D:\VSCodeRepository\SceneZone-ANC\data\synth_noise\cls_0\0781.wav,0
D:\VSCodeRepository\SceneZone-ANC\data\synth_noise\cls_0\0782.wav,0
D:\VSCodeRepository\SceneZone-ANC\data\synth_noise\cls_0\0783.wav,0
D:\VSCodeRepository\SceneZone-ANC\data\synth_noise\cls_0\0784.wav,0
D:\VSCodeRepository\SceneZone-ANC\data\synth_noise\cls_0\0785.wav,0
D:\VSCodeRepository\SceneZone-ANC\data\synth_noise\cls_0\0786.wav,0
D:\VSCodeRepository\SceneZone-ANC\data\synth_noise\cls_0\0787.wav,0
D:\VSCodeRepository\SceneZone-ANC\data\synth_noise\cls_0\0788.wav,0
D:\VSCodeRepository\SceneZone-ANC\data\synth_noise\cls_0\0789.wav,0
D:\VSCodeRepository\SceneZone-ANC\data\synth_noise\cls_0\0790.wav,0
D:\VSCodeRepository\SceneZone-ANC\data\synth_noise\cls_0\0791.wav,0
D:\VSCodeRepository\SceneZone-ANC\data\synth_noise\cls_0\0792.wav,0
D:\VSCodeRepository\SceneZone-ANC\data\synth_noise\cls_0\0793.wav,0
D:\VSCodeRepository\SceneZone-ANC\data\synth_noise\cls_0\0794.wav,0
D:\VSCodeRepository\SceneZone-ANC\data\synth_noise\cls_0\0795.wav,0
D:\VSCodeRepository\SceneZone-ANC\data\synth_noise\cls_0\0796.wav,0
D:\VSCodeRepository\SceneZone-ANC\data\synth_noise\cls_0\0797.wav,0
D:\VSCodeRepository\SceneZone-ANC\data\synth_noise\cls_0\0798.wav,0
D:\VSCodeRepository\SceneZone-ANC\data\synth_noise\cls_0\0799.wav,0
D:\VSCodeRepository\SceneZone-ANC\data\synth_noise\cls_0\0800.wav,0
D:\VSCodeRepository\SceneZone-ANC\data\synth_noise\cls_0\0801.wav,0
D:\VSCodeRepository\SceneZone-ANC\data\synth_noise\cls_0\0802.wav,0
D:\VSCodeRepository\SceneZone-ANC\data\synth_noise\cls_0\0803.wav,0
D:\VSCodeRepository\SceneZone-ANC\data\synth_noise\cls_0\0804.wav,0
D:\VSCodeRepository\SceneZone-ANC\data\synth_noise\cls_0\0805.wav,0
D:\VSCodeRepository\SceneZone-ANC\data\synth_noise\cls_0\0806.wav,0
D:\VSCodeRepository\SceneZone-ANC\data\synth_noise\cls_0\0807.wav,0
D:\VSCodeRepository\SceneZone-ANC\data\synth_noise\cls_0\0808.wav,0
D:\VSCodeRepository\SceneZone-ANC\data\synth_noise\cls_0\0809.wav,0
D:\VSCodeRepository\SceneZone-ANC\data\synth_noise\cls_0\0810.wav,0
D:\VSCodeRepository\SceneZone-ANC\data\synth_noise\cls_0\0811.wav,0
D:\VSCodeRepository\SceneZone-ANC\data\synth_noise\cls_0\0812.wav,0
D:\VSCodeRepository\SceneZone-ANC\data\synth_noise\cls_0\0813.wav,0
D:\VSCodeRepository\SceneZone-ANC\data\synth_noise\cls_0\0814.wav,0
D:\VSCodeRepository\SceneZone-ANC\data\synth_noise\cls_0\0815.wav,0
D:\VSCodeRepository\SceneZone-ANC\data\synth_noise\cls_0\0816.wav,0
D:\VSCodeRepository\SceneZone-ANC\data\synth_noise\cls_0\0817.wav,0
D:\VSCodeRepository\SceneZone-ANC\data\synth_noise\cls_0\0818.wav,0
D:\VSCodeRepository\SceneZone-ANC\data\synth_noise\cls_0\0819.wav,0
D:\VSCodeRepository\SceneZone-ANC\data\synth_noise\cls_0\0820.wav,0
D:\VSCodeRepository\SceneZone-ANC\data\synth_noise\cls_0\0821.wav,0
D:\VSCodeRepository\SceneZone-ANC\data\synth_noise\cls_0\0822.wav,0
D:\VSCodeRepository\SceneZone-ANC\data\synth_noise\cls_0\0823.wav,0
D:\VSCodeRepository\SceneZone-ANC\data\synth_noise\cls_0\0824.wav,0
D:\VSCodeRepository\SceneZone-ANC\data\synth_noise\cls_0\0825.wav,0
D:\VSCodeRepository\SceneZone-ANC\data\synth_noise\cls_0\0826.wav,0
D:\VSCodeRepository\SceneZone-ANC\data\synth_noise\cls_0\0827.wav,0
D:\VSCodeRepository\SceneZone-ANC\data\synth_noise\cls_0\0828.wav,0
D:\VSCodeRepository\SceneZone-ANC\data\synth_noise\cls_0\0829.wav,0
D:\VSCodeRepository\SceneZone-ANC\data\synth_noise\cls_0\0830.wav,0
D:\VSCodeRepository\SceneZone-ANC\data\synth_noise\cls_0\0831.wav,0
D:\VSCodeRepository\SceneZone-ANC\data\synth_noise\cls_0\0832.wav,0
D:\VSCodeRepository\SceneZone-ANC\data\synth_noise\cls_0\0833.wav,0
D:\VSCodeRepository\SceneZone-ANC\data\synth_noise\cls_0\0834.wav,0
D:\VSCodeRepository\SceneZone-ANC\data\synth_noise\cls_0\0835.wav,0
D:\VSCodeRepository\SceneZone-ANC\data\synth_noise\cls_0\0836.wav,0
D:\VSCodeRepository\SceneZone-ANC\data\synth_noise\cls_0\0837.wav,0
D:\VSCodeRepository\SceneZone-ANC\data\synth_noise\cls_0\0838.wav,0
D:\VSCodeRepository\SceneZone-ANC\data\synth_noise\cls_0\0839.wav,0
D:\VSCodeRepository\SceneZone-ANC\data\synth_noise\cls_0\0840.wav,0
D:\VSCodeRepository\SceneZone-ANC\data\synth_noise\cls_0\0841.wav,0
D:\VSCodeRepository\SceneZone-ANC\data\synth_noise\cls_0\0842.wav,0
D:\VSCodeRepository\SceneZone-ANC\data\synth_noise\cls_0\0843.wav,0
D:\VSCodeRepository\SceneZone-ANC\data\synth_noise\cls_0\0844.wav,0
D:\VSCodeRepository\SceneZone-ANC\data\synth_noise\cls_0\0845.wav,0
D:\VSCodeRepository\SceneZone-ANC\data\synth_noise\cls_0\0846.wav,0
D:\VSCodeRepository\SceneZone-ANC\data\synth_noise\cls_0\0847.wav,0
D:\VSCodeRepository\SceneZone-ANC\data\synth_noise\cls_0\0848.wav,0
D:\VSCodeRepository\SceneZone-ANC\data\synth_noise\cls_0\0849.wav,0
D:\VSCodeRepository\SceneZone-ANC\data\synth_noise\cls_0\0850.wav,0
D:\VSCodeRepository\SceneZone-ANC\data\synth_noise\cls_0\0851.wav,0
D:\VSCodeRepository\SceneZone-ANC\data\synth_noise\cls_0\0852.wav,0
D:\VSCodeRepository\SceneZone-ANC\data\synth_noise\cls_0\0853.wav,0
D:\VSCodeRepository\SceneZone-ANC\data\synth_noise\cls_0\0854.wav,0
D:\VSCodeRepository\SceneZone-ANC\data\synth_noise\cls_0\0855.wav,0
D:\VSCodeRepository\SceneZone-ANC\data\synth_noise\cls_0\0856.wav,0
D:\VSCodeRepository\SceneZone-ANC\data\synth_noise\cls_0\0857.wav,0
D:\VSCodeRepository\SceneZone-ANC\data\synth_noise\cls_0\0858.wav,0
D:\VSCodeRepository\SceneZone-ANC\data\synth_noise\cls_0\0859.wav,0
D:\VSCodeRepository\SceneZone-ANC\data\synth_noise\cls_0\0860.wav,0
D:\VSCodeRepository\SceneZone-ANC\data\synth_noise\cls_0\0861.wav,0
D:\VSCodeRepository\SceneZone-ANC\data\synth_noise\cls_0\0862.wav,0
D:\VSCodeRepository\SceneZone-ANC\data\synth_noise\cls_0\0863.wav,0
D:\VSCodeRepository\SceneZone-ANC\data\synth_noise\cls_0\0864.wav,0
D:\VSCodeRepository\SceneZone-ANC\data\synth_noise\cls_0\0865.wav,0
D:\VSCodeRepository\SceneZone-ANC\data\synth_noise\cls_0\0866.wav,0
D:\VSCodeRepository\SceneZone-ANC\data\synth_noise\cls_0\0867.wav,0
D:\VSCodeRepository\SceneZone-ANC\data\synth_noise\cls_0\0868.wav,0
D:\VSCodeRepository\SceneZone-ANC\data\synth_noise\cls_0\0869.wav,0
D:\VSCodeRepository\SceneZone-ANC\data\synth_noise\cls_0\0870.wav,0
D:\VSCodeRepository\SceneZone-ANC\data\synth_noise\cls_0\0871.wav,0
D:\VSCodeRepository\SceneZone-ANC\data\synth_noise\cls_0\0872.wav,0
D:\VSCodeRepository\SceneZone-ANC\data\synth_noise\cls_0\0873.wav,0
D:\VSCodeRepository\SceneZone-ANC\data\synth_noise\cls_0\0874.wav,0
D:\VSCodeRepository\SceneZone-ANC\data\synth_noise\cls_0\0875.wav,0
D:\VSCodeRepository\SceneZone-ANC\data\synth_noise\cls_0\0876.wav,0
D:\VSCodeRepository\SceneZone-ANC\data\synth_noise\cls_0\0877.wav,0
D:\VSCodeRepository\SceneZone-ANC\data\synth_noise\cls_0\0878.wav,0
D:\VSCodeRepository\SceneZone-ANC\data\synth_noise\cls_0\0879.wav,0
D:\VSCodeRepository\SceneZone-ANC\data\synth_noise\cls_0\0880.wav,0
D:\VSCodeRepository\SceneZone-ANC\data\synth_noise\cls_0\0881.wav,0
D:\VSCodeRepository\SceneZone-ANC\data\synth_noise\cls_0\0882.wav,0
D:\VSCodeRepository\SceneZone-ANC\data\synth_noise\cls_0\0883.wav,0
D:\VSCodeRepository\SceneZone-ANC\data\synth_noise\cls_0\0884.wav,0
D:\VSCodeRepository\SceneZone-ANC\data\synth_noise\cls_0\0885.wav,0
D:\VSCodeRepository\SceneZone-ANC\data\synth_noise\cls_0\0886.wav,0
D:\VSCodeRepository\SceneZone-ANC\data\synth_noise\cls_0\0887.wav,0
D:\VSCodeRepository\SceneZone-ANC\data\synth_noise\cls_0\0888.wav,0
D:\VSCodeRepository\SceneZone-ANC\data\synth_noise\cls_0\0889.wav,0
D:\VSCodeRepository\SceneZone-ANC\data\synth_noise\cls_0\0890.wav,0
D:\VSCodeRepository\SceneZone-ANC\data\synth_noise\cls_0\0891.wav,0
D:\VSCodeRepository\SceneZone-ANC\data\synth_noise\cls_0\0892.wav,0
D:\VSCodeRepository\SceneZone-ANC\data\synth_noise\cls_0\0893.wav,0
D:\VSCodeRepository\SceneZone-ANC\data\synth_noise\cls_0\0894.wav,0
D:\VSCodeRepository\SceneZone-ANC\data\synth_noise\cls_0\0895.wav,0
D:\VSCodeRepository\SceneZone-ANC\data\synth_noise\cls_0\0896.wav,0
D:\VSCodeRepository\SceneZone-ANC\data\synth_noise\cls_0\0897.wav,0
D:\VSCodeRepository\SceneZone-ANC\data\synth_noise\cls_0\0898.wav,0
D:\VSCodeRepository\SceneZone-ANC\data\synth_noise\cls_0\0899.wav,0
D:\VSCodeRepository\SceneZone-ANC\data\synth_noise\cls_0\0900.wav,0
D:\VSCodeRepository\SceneZone-ANC\data\synth_noise\cls_0\0901.wav,0
D:\VSCodeRepository\SceneZone-ANC\data\synth_noise\cls_0\0902.wav,0
D:\VSCodeRepository\SceneZone-ANC\data\synth_noise\cls_0\0903.wav,0
D:\VSCodeRepository\SceneZone-ANC\data\synth_noise\cls_0\0904.wav,0
D:\VSCodeRepository\SceneZone-ANC\data\synth_noise\cls_0\0905.wav,0
D:\VSCodeRepository\SceneZone-ANC\data\synth_noise\cls_0\0906.wav,0
D:\VSCodeRepository\SceneZone-ANC\data\synth_noise\cls_0\0907.wav,0
D:\VSCodeRepository\SceneZone-ANC\data\synth_noise\cls_0\0908.wav,0
D:\VSCodeRepository\SceneZone-ANC\data\synth_noise\cls_0\0909.wav,0
D:\VSCodeRepository\SceneZone-ANC\data\synth_noise\cls_0\0910.wav,0
D:\VSCodeRepository\SceneZone-ANC\data\synth_noise\cls_0\0911.wav,0
D:\VSCodeRepository\SceneZone-ANC\data\synth_noise\cls_0\0912.wav,0
D:\VSCodeRepository\SceneZone-ANC\data\synth_noise\cls_0\0913.wav,0
D:\VSCodeRepository\SceneZone-ANC\data\synth_noise\cls_0\0914.wav,0
D:\VSCodeRepository\SceneZone-ANC\data\synth_noise\cls_0\0915.wav,0
D:\VSCodeRepository\SceneZone-ANC\data\synth_noise\cls_0\0916.wav,0
D:\VSCodeRepository\SceneZone-ANC\data\synth_noise\cls_0\0917.wav,0
D:\VSCodeRepository\SceneZone-ANC\data\synth_noise\cls_0\0918.wav,0
D:\VSCodeRepository\SceneZone-ANC\data\synth_noise\cls_0\0919.wav,0
D:\VSCodeRepository\SceneZone-ANC\data\synth_noise\cls_0\0920.wav,0
D:\VSCodeRepository\SceneZone-ANC\data\synth_noise\cls_0\0921.wav,0
D:\VSCodeRepository\SceneZone-ANC\data\synth_noise\cls_0\0922.wav,0
D:\VSCodeRepository\SceneZone-ANC\data\synth_noise\cls_0\0923.wav,0
D:\VSCodeRepository\SceneZone-ANC\data\synth_noise\cls_0\0924.wav,0
D:\VSCodeRepository\SceneZone-ANC\data\synth_noise\cls_0\0925.wav,0
D:\VSCodeRepository\SceneZone-ANC\data\synth_noise\cls_0\0926.wav,0
D:\VSCodeRepository\SceneZone-ANC\data\synth_noise\cls_0\0927.wav,0
D:\VSCodeRepository\SceneZone-ANC\data\synth_noise\cls_0\0928.wav,0
D:\VSCodeRepository\SceneZone-ANC\data\synth_noise\cls_0\0929.wav,0
D:\VSCodeRepository\SceneZone-ANC\data\synth_noise\cls_0\0930.wav,0
D:\VSCodeRepository\SceneZone-ANC\data\synth_noise\cls_0\0931.wav,0
D:\VSCodeRepository\SceneZone-ANC\data\synth_noise\cls_0\0932.wav,0
D:\VSCodeRepository\SceneZone-ANC\data\synth_noise\cls_0\0933.wav,0
D:\VSCodeRepository\SceneZone-ANC\data\synth_noise\cls_0\0934.wav,0
D:\VSCodeRepository\SceneZone-ANC\data\synth_noise\cls_0\0935.wav,0
D:\VSCodeRepository\SceneZone-ANC\data\synth_noise\cls_0\0936.wav,0
D:\VSCodeRepository\SceneZone-ANC\data\synth_noise\cls_0\0937.wav,0
D:\VSCodeRepository\SceneZone-ANC\data\synth_noise\cls_0\0938.wav,0
D:\VSCodeRepository\SceneZone-ANC\data\synth_noise\cls_0\0939.wav,0
D:\VSCodeRepository\SceneZone-ANC\data\synth_noise\cls_0\0940.wav,0
D:\VSCodeRepository\SceneZone-ANC\data\synth_noise\cls_0\0941.wav,0
D:\VSCodeRepository\SceneZone-ANC\data\synth_noise\cls_0\0942.wav,0
D:\VSCodeRepository\SceneZone-ANC\data\synth_noise\cls_0\0943.wav,0
D:\VSCodeRepository\SceneZone-ANC\data\synth_noise\cls_0\0944.wav,0
D:\VSCodeRepository\SceneZone-ANC\data\synth_noise\cls_0\0945.wav,0
D:\VSCodeRepository\SceneZone-ANC\data\synth_noise\cls_0\0946.wav,0
D:\VSCodeRepository\SceneZone-ANC\data\synth_noise\cls_0\0947.wav,0
D:\VSCodeRepository\SceneZone-ANC\data\synth_noise\cls_0\0948.wav,0
D:\VSCodeRepository\SceneZone-ANC\data\synth_noise\cls_0\0949.wav,0
D:\VSCodeRepository\SceneZone-ANC\data\synth_noise\cls_0\0950.wav,0
D:\VSCodeRepository\SceneZone-ANC\data\synth_noise\cls_0\0951.wav,0
D:\VSCodeRepository\SceneZone-ANC\data\synth_noise\cls_0\0952.wav,0
D:\VSCodeRepository\SceneZone-ANC\data\synth_noise\cls_0\0953.wav,0
D:\VSCodeRepository\SceneZone-ANC\data\synth_noise\cls_0\0954.wav,0
D:\VSCodeRepository\SceneZone-ANC\data\synth_noise\cls_0\0955.wav,0
D:\VSCodeRepository\SceneZone-ANC\data\synth_noise\cls_0\0956.wav,0
D:\VSCodeRepository\SceneZone-ANC\data\synth_noise\cls_0\0957.wav,0
D:\VSCodeRepository\SceneZone-ANC\data\synth_noise\cls_0\0958.wav,0
D:\VSCodeRepository\SceneZone-ANC\data\synth_noise\cls_0\0959.wav,0
D:\VSCodeRepository\SceneZone-ANC\data\synth_noise\cls_0\0960.wav,0
D:\VSCodeRepository\SceneZone-ANC\data\synth_noise\cls_0\0961.wav,0
D:\VSCodeRepository\SceneZone-ANC\data\synth_noise\cls_0\0962.wav,0
D:\VSCodeRepository\SceneZone-ANC\data\synth_noise\cls_0\0963.wav,0
D:\VSCodeRepository\SceneZone-ANC\data\synth_noise\cls_0\0964.wav,0
D:\VSCodeRepository\SceneZone-ANC\data\synth_noise\cls_0\0965.wav,0
D:\VSCodeRepository\SceneZone-ANC\data\synth_noise\cls_0\0966.wav,0
D:\VSCodeRepository\SceneZone-ANC\data\synth_noise\cls_0\0967.wav,0
D:\VSCodeRepository\SceneZone-ANC\data\synth_noise\cls_0\0968.wav,0
D:\VSCodeRepository\SceneZone-ANC\data\synth_noise\cls_0\0969.wav,0
D:\VSCodeRepository\SceneZone-ANC\data\synth_noise\cls_0\0970.wav,0
D:\VSCodeRepository\SceneZone-ANC\data\synth_noise\cls_0\0971.wav,0
D:\VSCodeRepository\SceneZone-ANC\data\synth_noise\cls_0\0972.wav,0
D:\VSCodeRepository\SceneZone-ANC\data\synth_noise\cls_0\0973.wav,0
D:\VSCodeRepository\SceneZone-ANC\data\synth_noise\cls_0\0974.wav,0
D:\VSCodeRepository\SceneZone-ANC\data\synth_noise\cls_0\0975.wav,0
D:\VSCodeRepository\SceneZone-ANC\data\synth_noise\cls_0\0976.wav,0
D:\VSCodeRepository\SceneZone-ANC\data\synth_noise\cls_0\0977.wav,0
D:\VSCodeRepository\SceneZone-ANC\data\synth_noise\cls_0\0978.wav,0
D:\VSCodeRepository\SceneZone-ANC\data\synth_noise\cls_0\0979.wav,0
D:\VSCodeRepository\SceneZone-ANC\data\synth_noise\cls_0\0980.wav,0
D:\VSCodeRepository\SceneZone-ANC\data\synth_noise\cls_0\0981.wav,0
D:\VSCodeRepository\SceneZone-ANC\data\synth_noise\cls_0\0982.wav,0
D:\VSCodeRepository\SceneZone-ANC\data\synth_noise\cls_0\0983.wav,0
D:\VSCodeRepository\SceneZone-ANC\data\synth_noise\cls_0\0984.wav,0
D:\VSCodeRepository\SceneZone-ANC\data\synth_noise\cls_0\0985.wav,0
D:\VSCodeRepository\SceneZone-ANC\data\synth_noise\cls_0\0986.wav,0
D:\VSCodeRepository\SceneZone-ANC\data\synth_noise\cls_0\0987.wav,0
D:\VSCodeRepository\SceneZone-ANC\data\synth_noise\cls_0\0988.wav,0
D:\VSCodeRepository\SceneZone-ANC\data\synth_noise\cls_0\0989.wav,0
D:\VSCodeRepository\SceneZone-ANC\data\synth_noise\cls_0\0990.wav,0
D:\VSCodeRepository\SceneZone-ANC\data\synth_noise\cls_0\0991.wav,0
D:\VSCodeRepository\SceneZone-ANC\data\synth_noise\cls_0\0992.wav,0
D:\VSCodeRepository\SceneZone-ANC\data\synth_noise\cls_0\0993.wav,0
D:\VSCodeRepository\SceneZone-ANC\data\synth_noise\cls_0\0994.wav,0
D:\VSCodeRepository\SceneZone-ANC\data\synth_noise\cls_0\0995.wav,0
D:\VSCodeRepository\SceneZone-ANC\data\synth_noise\cls_0\0996.wav,0
D:\VSCodeRepository\SceneZone-ANC\data\synth_noise\cls_0\0997.wav,0
D:\VSCodeRepository\SceneZone-ANC\data\synth_noise\cls_0\0998.wav,0
D:\VSCodeRepository\SceneZone-ANC\data\synth_noise\cls_0\0999.wav,0
D:\VSCodeRepository\SceneZone-ANC\data\synth_noise\cls_0\1000.wav,0
D:\VSCodeRepository\SceneZone-ANC\data\synth_noise\cls_0\1001.wav,0
D:\VSCodeRepository\SceneZone-ANC\data\synth_noise\cls_0\1002.wav,0
D:\VSCodeRepository\SceneZone-ANC\data\synth_noise\cls_0\1003.wav,0
D:\VSCodeRepository\SceneZone-ANC\data\synth_noise\cls_0\1004.wav,0
D:\VSCodeRepository\SceneZone-ANC\data\synth_noise\cls_0\1005.wav,0
D:\VSCodeRepository\SceneZone-ANC\data\synth_noise\cls_0\1006.wav,0
D:\VSCodeRepository\SceneZone-ANC\data\synth_noise\cls_0\1007.wav,0
D:\VSCodeRepository\SceneZone-ANC\data\synth_noise\cls_0\1008.wav,0
D:\VSCodeRepository\SceneZone-ANC\data\synth_noise\cls_0\1009.wav,0
D:\VSCodeRepository\SceneZone-ANC\data\synth_noise\cls_0\1010.wav,0
D:\VSCodeRepository\SceneZone-ANC\data\synth_noise\cls_0\1011.wav,0
D:\VSCodeRepository\SceneZone-ANC\data\synth_noise\cls_0\1012.wav,0
D:\VSCodeRepository\SceneZone-ANC\data\synth_noise\cls_0\1013.wav,0
D:\VSCodeRepository\SceneZone-ANC\data\synth_noise\cls_0\1014.wav,0
D:\VSCodeRepository\SceneZone-ANC\data\synth_noise\cls_0\1015.wav,0
D:\VSCodeRepository\SceneZone-ANC\data\synth_noise\cls_0\1016.wav,0
D:\VSCodeRepository\SceneZone-ANC\data\synth_noise\cls_0\1017.wav,0
D:\VSCodeRepository\SceneZone-ANC\data\synth_noise\cls_0\1018.wav,0
D:\VSCodeRepository\SceneZone-ANC\data\synth_noise\cls_0\1019.wav,0
D:\VSCodeRepository\SceneZone-ANC\data\synth_noise\cls_0\1020.wav,0
D:\VSCodeRepository\SceneZone-ANC\data\synth_noise\cls_0\1021.wav,0
D:\VSCodeRepository\SceneZone-ANC\data\synth_noise\cls_0\1022.wav,0
D:\VSCodeRepository\SceneZone-ANC\data\synth_noise\cls_0\1023.wav,0
D:\VSCodeRepository\SceneZone-ANC\data\synth_noise\cls_0\1024.wav,0
D:\VSCodeRepository\SceneZone-ANC\data\synth_noise\cls_0\1025.wav,0
D:\VSCodeRepository\SceneZone-ANC\data\synth_noise\cls_0\1026.wav,0
D:\VSCodeRepository\SceneZone-ANC\data\synth_noise\cls_0\1027.wav,0
D:\VSCodeRepository\SceneZone-ANC\data\synth_noise\cls_0\1028.wav,0
D:\VSCodeRepository\SceneZone-ANC\data\synth_noise\cls_0\1029.wav,0
D:\VSCodeRepository\SceneZone-ANC\data\synth_noise\cls_0\1030.wav,0
D:\VSCodeRepository\SceneZone-ANC\data\synth_noise\cls_0\1031.wav,0
D:\VSCodeRepository\SceneZone-ANC\data\synth_noise\cls_0\1032.wav,0
D:\VSCodeRepository\SceneZone-ANC\data\synth_noise\cls_0\1033.wav,0
D:\VSCodeRepository\SceneZone-ANC\data\synth_noise\cls_0\1034.wav,0
D:\VSCodeRepository\SceneZone-ANC\data\synth_noise\cls_0\1035.wav,0
D:\VSCodeRepository\SceneZone-ANC\data\synth_noise\cls_0\1036.wav,0
D:\VSCodeRepository\SceneZone-ANC\data\synth_noise\cls_0\1037.wav,0
D:\VSCodeRepository\SceneZone-ANC\data\synth_noise\cls_0\1038.wav,0
D:\VSCodeRepository\SceneZone-ANC\data\synth_noise\cls_0\1039.wav,0
D:\VSCodeRepository\SceneZone-ANC\data\synth_noise\cls_0\1040.wav,0
D:\VSCodeRepository\SceneZone-ANC\data\synth_noise\cls_0\1041.wav,0
D:\VSCodeRepository\SceneZone-ANC\data\synth_noise\cls_0\1042.wav,0
D:\VSCodeRepository\SceneZone-ANC\data\synth_noise\cls_0\1043.wav,0
D:\VSCodeRepository\SceneZone-ANC\data\synth_noise\cls_0\1044.wav,0
D:\VSCodeRepository\SceneZone-ANC\data\synth_noise\cls_0\1045.wav,0
D:\VSCodeRepository\SceneZone-ANC\data\synth_noise\cls_0\1046.wav,0
D:\VSCodeRepository\SceneZone-ANC\data\synth_noise\cls_0\1047.wav,0
D:\VSCodeRepository\SceneZone-ANC\data\synth_noise\cls_0\1048.wav,0
D:\VSCodeRepository\SceneZone-ANC\data\synth_noise\cls_0\1049.wav,0
D:\VSCodeRepository\SceneZone-ANC\data\synth_noise\cls_0\1050.wav,0
D:\VSCodeRepository\SceneZone-ANC\data\synth_noise\cls_0\1051.wav,0
D:\VSCodeRepository\SceneZone-ANC\data\synth_noise\cls_0\1052.wav,0
D:\VSCodeRepository\SceneZone-ANC\data\synth_noise\cls_0\1053.wav,0
D:\VSCodeRepository\SceneZone-ANC\data\synth_noise\cls_0\1054.wav,0
D:\VSCodeRepository\SceneZone-ANC\data\synth_noise\cls_0\1055.wav,0
D:\VSCodeRepository\SceneZone-ANC\data\synth_noise\cls_0\1056.wav,0
D:\VSCodeRepository\SceneZone-ANC\data\synth_noise\cls_0\1057.wav,0
D:\VSCodeRepository\SceneZone-ANC\data\synth_noise\cls_0\1058.wav,0
D:\VSCodeRepository\SceneZone-ANC\data\synth_noise\cls_0\1059.wav,0
D:\VSCodeRepository\SceneZone-ANC\data\synth_noise\cls_0\1060.wav,0
D:\VSCodeRepository\SceneZone-ANC\data\synth_noise\cls_0\1061.wav,0
D:\VSCodeRepository\SceneZone-ANC\data\synth_noise\cls_0\1062.wav,0
D:\VSCodeRepository\SceneZone-ANC\data\synth_noise\cls_0\1063.wav,0
D:\VSCodeRepository\SceneZone-ANC\data\synth_noise\cls_0\1064.wav,0
D:\VSCodeRepository\SceneZone-ANC\data\synth_noise\cls_0\1065.wav,0
D:\VSCodeRepository\SceneZone-ANC\data\synth_noise\cls_0\1066.wav,0
D:\VSCodeRepository\SceneZone-ANC\data\synth_noise\cls_0\1067.wav,0
D:\VSCodeRepository\SceneZone-ANC\data\synth_noise\cls_0\1068.wav,0
D:\VSCodeRepository\SceneZone-ANC\data\synth_noise\cls_0\1069.wav,0
D:\VSCodeRepository\SceneZone-ANC\data\synth_noise\cls_0\1070.wav,0
D:\VSCodeRepository\SceneZone-ANC\data\synth_noise\cls_0\1071.wav,0
D:\VSCodeRepository\SceneZone-ANC\data\synth_noise\cls_0\1072.wav,0
D:\VSCodeRepository\SceneZone-ANC\data\synth_noise\cls_0\1073.wav,0
D:\VSCodeRepository\SceneZone-ANC\data\synth_noise\cls_0\1074.wav,0
D:\VSCodeRepository\SceneZone-ANC\data\synth_noise\cls_0\1075.wav,0
D:\VSCodeRepository\SceneZone-ANC\data\synth_noise\cls_0\1076.wav,0
D:\VSCodeRepository\SceneZone-ANC\data\synth_noise\cls_0\1077.wav,0
D:\VSCodeRepository\SceneZone-ANC\data\synth_noise\cls_0\1078.wav,0
D:\VSCodeRepository\SceneZone-ANC\data\synth_noise\cls_0\1079.wav,0
D:\VSCodeRepository\SceneZone-ANC\data\synth_noise\cls_0\1080.wav,0
D:\VSCodeRepository\SceneZone-ANC\data\synth_noise\cls_0\1081.wav,0
D:\VSCodeRepository\SceneZone-ANC\data\synth_noise\cls_0\1082.wav,0
D:\VSCodeRepository\SceneZone-ANC\data\synth_noise\cls_0\1083.wav,0
D:\VSCodeRepository\SceneZone-ANC\data\synth_noise\cls_0\1084.wav,0
D:\VSCodeRepository\SceneZone-ANC\data\synth_noise\cls_0\1085.wav,0
D:\VSCodeRepository\SceneZone-ANC\data\synth_noise\cls_0\1086.wav,0
D:\VSCodeRepository\SceneZone-ANC\data\synth_noise\cls_0\1087.wav,0
D:\VSCodeRepository\SceneZone-ANC\data\synth_noise\cls_0\1088.wav,0
D:\VSCodeRepository\SceneZone-ANC\data\synth_noise\cls_0\1089.wav,0
D:\VSCodeRepository\SceneZone-ANC\data\synth_noise\cls_0\1090.wav,0
D:\VSCodeRepository\SceneZone-ANC\data\synth_noise\cls_0\1091.wav,0
D:\VSCodeRepository\SceneZone-ANC\data\synth_noise\cls_0\1092.wav,0
D:\VSCodeRepository\SceneZone-ANC\data\synth_noise\cls_0\1093.wav,0
D:\VSCodeRepository\SceneZone-ANC\data\synth_noise\cls_0\1094.wav,0
D:\VSCodeRepository\SceneZone-ANC\data\synth_noise\cls_0\1095.wav,0
D:\VSCodeRepository\SceneZone-ANC\data\synth_noise\cls_0\1096.wav,0
D:\VSCodeRepository\SceneZone-ANC\data\synth_noise\cls_0\1097.wav,0
D:\VSCodeRepository\SceneZone-ANC\data\synth_noise\cls_0\1098.wav,0
D:\VSCodeRepository\SceneZone-ANC\data\synth_noise\cls_0\1099.wav,0
D:\VSCodeRepository\SceneZone-ANC\data\synth_noise\cls_0\1100.wav,0
D:\VSCodeRepository\SceneZone-ANC\data\synth_noise\cls_0\1101.wav,0
D:\VSCodeRepository\SceneZone-ANC\data\synth_noise\cls_0\1102.wav,0
D:\VSCodeRepository\SceneZone-ANC\data\synth_noise\cls_0\1103.wav,0
D:\VSCodeRepository\SceneZone-ANC\data\synth_noise\cls_0\1104.wav,0
D:\VSCodeRepository\SceneZone-ANC\data\synth_noise\cls_0\1105.wav,0
D:\VSCodeRepository\SceneZone-ANC\data\synth_noise\cls_0\1106.wav,0
D:\VSCodeRepository\SceneZone-ANC\data\synth_noise\cls_0\1107.wav,0
D:\VSCodeRepository\SceneZone-ANC\data\synth_noise\cls_0\1108.wav,0
D:\VSCodeRepository\SceneZone-ANC\data\synth_noise\cls_0\1109.wav,0
D:\VSCodeRepository\SceneZone-ANC\data\synth_noise\cls_0\1110.wav,0
D:\VSCodeRepository\SceneZone-ANC\data\synth_noise\cls_0\1111.wav,0
D:\VSCodeRepository\SceneZone-ANC\data\synth_noise\cls_0\1112.wav,0
D:\VSCodeRepository\SceneZone-ANC\data\synth_noise\cls_0\1113.wav,0
D:\VSCodeRepository\SceneZone-ANC\data\synth_noise\cls_0\1114.wav,0
D:\VSCodeRepository\SceneZone-ANC\data\synth_noise\cls_0\1115.wav,0
D:\VSCodeRepository\SceneZone-ANC\data\synth_noise\cls_0\1116.wav,0
D:\VSCodeRepository\SceneZone-ANC\data\synth_noise\cls_0\1117.wav,0
D:\VSCodeRepository\SceneZone-ANC\data\synth_noise\cls_0\1118.wav,0
D:\VSCodeRepository\SceneZone-ANC\data\synth_noise\cls_0\1119.wav,0
D:\VSCodeRepository\SceneZone-ANC\data\synth_noise\cls_0\1120.wav,0
D:\VSCodeRepository\SceneZone-ANC\data\synth_noise\cls_0\1121.wav,0
D:\VSCodeRepository\SceneZone-ANC\data\synth_noise\cls_0\1122.wav,0
D:\VSCodeRepository\SceneZone-ANC\data\synth_noise\cls_0\1123.wav,0
D:\VSCodeRepository\SceneZone-ANC\data\synth_noise\cls_0\1124.wav,0
D:\VSCodeRepository\SceneZone-ANC\data\synth_noise\cls_0\1125.wav,0
D:\VSCodeRepository\SceneZone-ANC\data\synth_noise\cls_0\1126.wav,0
D:\VSCodeRepository\SceneZone-ANC\data\synth_noise\cls_0\1127.wav,0
D:\VSCodeRepository\SceneZone-ANC\data\synth_noise\cls_0\1128.wav,0
D:\VSCodeRepository\SceneZone-ANC\data\synth_noise\cls_0\1129.wav,0
D:\VSCodeRepository\SceneZone-ANC\data\synth_noise\cls_0\1130.wav,0
D:\VSCodeRepository\SceneZone-ANC\data\synth_noise\cls_0\1131.wav,0
D:\VSCodeRepository\SceneZone-ANC\data\synth_noise\cls_0\1132.wav,0
D:\VSCodeRepository\SceneZone-ANC\data\synth_noise\cls_0\1133.wav,0
D:\VSCodeRepository\SceneZone-ANC\data\synth_noise\cls_0\1134.wav,0
D:\VSCodeRepository\SceneZone-ANC\data\synth_noise\cls_0\1135.wav,0
D:\VSCodeRepository\SceneZone-ANC\data\synth_noise\cls_0\1136.wav,0
D:\VSCodeRepository\SceneZone-ANC\data\synth_noise\cls_0\1137.wav,0
D:\VSCodeRepository\SceneZone-ANC\data\synth_noise\cls_0\1138.wav,0
D:\VSCodeRepository\SceneZone-ANC\data\synth_noise\cls_0\1139.wav,0
D:\VSCodeRepository\SceneZone-ANC\data\synth_noise\cls_0\1140.wav,0
D:\VSCodeRepository\SceneZone-ANC\data\synth_noise\cls_0\1141.wav,0
D:\VSCodeRepository\SceneZone-ANC\data\synth_noise\cls_0\1142.wav,0
D:\VSCodeRepository\SceneZone-ANC\data\synth_noise\cls_0\1143.wav,0
D:\VSCodeRepository\SceneZone-ANC\data\synth_noise\cls_0\1144.wav,0
D:\VSCodeRepository\SceneZone-ANC\data\synth_noise\cls_0\1145.wav,0
D:\VSCodeRepository\SceneZone-ANC\data\synth_noise\cls_0\1146.wav,0
D:\VSCodeRepository\SceneZone-ANC\data\synth_noise\cls_0\1147.wav,0
D:\VSCodeRepository\SceneZone-ANC\data\synth_noise\cls_0\1148.wav,0
D:\VSCodeRepository\SceneZone-ANC\data\synth_noise\cls_0\1149.wav,0
D:\VSCodeRepository\SceneZone-ANC\data\synth_noise\cls_0\1150.wav,0
D:\VSCodeRepository\SceneZone-ANC\data\synth_noise\cls_0\1151.wav,0
D:\VSCodeRepository\SceneZone-ANC\data\synth_noise\cls_0\1152.wav,0
D:\VSCodeRepository\SceneZone-ANC\data\synth_noise\cls_0\1153.wav,0
D:\VSCodeRepository\SceneZone-ANC\data\synth_noise\cls_0\1154.wav,0
D:\VSCodeRepository\SceneZone-ANC\data\synth_noise\cls_0\1155.wav,0
D:\VSCodeRepository\SceneZone-ANC\data\synth_noise\cls_0\1156.wav,0
D:\VSCodeRepository\SceneZone-ANC\data\synth_noise\cls_0\1157.wav,0
D:\VSCodeRepository\SceneZone-ANC\data\synth_noise\cls_0\1158.wav,0
D:\VSCodeRepository\SceneZone-ANC\data\synth_noise\cls_0\1159.wav,0
D:\VSCodeRepository\SceneZone-ANC\data\synth_noise\cls_0\1160.wav,0
D:\VSCodeRepository\SceneZone-ANC\data\synth_noise\cls_0\1161.wav,0
D:\VSCodeRepository\SceneZone-ANC\data\synth_noise\cls_0\1162.wav,0
D:\VSCodeRepository\SceneZone-ANC\data\synth_noise\cls_0\1163.wav,0
D:\VSCodeRepository\SceneZone-ANC\data\synth_noise\cls_0\1164.wav,0
D:\VSCodeRepository\SceneZone-ANC\data\synth_noise\cls_0\1165.wav,0
D:\VSCodeRepository\SceneZone-ANC\data\synth_noise\cls_0\1166.wav,0
D:\VSCodeRepository\SceneZone-ANC\data\synth_noise\cls_0\1167.wav,0
D:\VSCodeRepository\SceneZone-ANC\data\synth_noise\cls_0\1168.wav,0
D:\VSCodeRepository\SceneZone-ANC\data\synth_noise\cls_0\1169.wav,0
D:\VSCodeRepository\SceneZone-ANC\data\synth_noise\cls_0\1170.wav,0
D:\VSCodeRepository\SceneZone-ANC\data\synth_noise\cls_0\1171.wav,0
D:\VSCodeRepository\SceneZone-ANC\data\synth_noise\cls_0\1172.wav,0
D:\VSCodeRepository\SceneZone-ANC\data\synth_noise\cls_0\1173.wav,0
D:\VSCodeRepository\SceneZone-ANC\data\synth_noise\cls_0\1174.wav,0
D:\VSCodeRepository\SceneZone-ANC\data\synth_noise\cls_0\1175.wav,0
D:\VSCodeRepository\SceneZone-ANC\data\synth_noise\cls_0\1176.wav,0
D:\VSCodeRepository\SceneZone-ANC\data\synth_noise\cls_0\1177.wav,0
D:\VSCodeRepository\SceneZone-ANC\data\synth_noise\cls_0\1178.wav,0
D:\VSCodeRepository\SceneZone-ANC\data\synth_noise\cls_0\1179.wav,0
D:\VSCodeRepository\SceneZone-ANC\data\synth_noise\cls_0\1180.wav,0
D:\VSCodeRepository\SceneZone-ANC\data\synth_noise\cls_0\1181.wav,0
D:\VSCodeRepository\SceneZone-ANC\data\synth_noise\cls_0\1182.wav,0
D:\VSCodeRepository\SceneZone-ANC\data\synth_noise\cls_0\1183.wav,0
D:\VSCodeRepository\SceneZone-ANC\data\synth_noise\cls_0\1184.wav,0
D:\VSCodeRepository\SceneZone-ANC\data\synth_noise\cls_0\1185.wav,0
D:\VSCodeRepository\SceneZone-ANC\data\synth_noise\cls_0\1186.wav,0
D:\VSCodeRepository\SceneZone-ANC\data\synth_noise\cls_0\1187.wav,0
D:\VSCodeRepository\SceneZone-ANC\data\synth_noise\cls_0\1188.wav,0
D:\VSCodeRepository\SceneZone-ANC\data\synth_noise\cls_0\1189.wav,0
D:\VSCodeRepository\SceneZone-ANC\data\synth_noise\cls_0\1190.wav,0
D:\VSCodeRepository\SceneZone-ANC\data\synth_noise\cls_0\1191.wav,0
D:\VSCodeRepository\SceneZone-ANC\data\synth_noise\cls_0\1192.wav,0
D:\VSCodeRepository\SceneZone-ANC\data\synth_noise\cls_0\1193.wav,0
D:\VSCodeRepository\SceneZone-ANC\data\synth_noise\cls_0\1194.wav,0
D:\VSCodeRepository\SceneZone-ANC\data\synth_noise\cls_0\1195.wav,0
D:\VSCodeRepository\SceneZone-ANC\data\synth_noise\cls_0\1196.wav,0
D:\VSCodeRepository\SceneZone-ANC\data\synth_noise\cls_0\1197.wav,0
D:\VSCodeRepository\SceneZone-ANC\data\synth_noise\cls_0\1198.wav,0
D:\VSCodeRepository\SceneZone-ANC\data\synth_noise\cls_0\1199.wav,0
D:\VSCodeRepository\SceneZone-ANC\data\synth_noise\cls_0\1200.wav,0
D:\VSCodeRepository\SceneZone-ANC\data\synth_noise\cls_0\1201.wav,0
D:\VSCodeRepository\SceneZone-ANC\data\synth_noise\cls_0\1202.wav,0
D:\VSCodeRepository\SceneZone-ANC\data\synth_noise\cls_0\1203.wav,0
D:\VSCodeRepository\SceneZone-ANC\data\synth_noise\cls_0\1204.wav,0
D:\VSCodeRepository\SceneZone-ANC\data\synth_noise\cls_0\1205.wav,0
D:\VSCodeRepository\SceneZone-ANC\data\synth_noise\cls_0\1206.wav,0
D:\VSCodeRepository\SceneZone-ANC\data\synth_noise\cls_0\1207.wav,0
D:\VSCodeRepository\SceneZone-ANC\data\synth_noise\cls_0\1208.wav,0
D:\VSCodeRepository\SceneZone-ANC\data\synth_noise\cls_0\1209.wav,0
D:\VSCodeRepository\SceneZone-ANC\data\synth_noise\cls_0\1210.wav,0
D:\VSCodeRepository\SceneZone-ANC\data\synth_noise\cls_0\1211.wav,0
D:\VSCodeRepository\SceneZone-ANC\data\synth_noise\cls_0\1212.wav,0
D:\VSCodeRepository\SceneZone-ANC\data\synth_noise\cls_0\1213.wav,0
D:\VSCodeRepository\SceneZone-ANC\data\synth_noise\cls_0\1214.wav,0
D:\VSCodeRepository\SceneZone-ANC\data\synth_noise\cls_0\1215.wav,0
D:\VSCodeRepository\SceneZone-ANC\data\synth_noise\cls_0\1216.wav,0
D:\VSCodeRepository\SceneZone-ANC\data\synth_noise\cls_0\1217.wav,0
D:\VSCodeRepository\SceneZone-ANC\data\synth_noise\cls_0\1218.wav,0
D:\VSCodeRepository\SceneZone-ANC\data\synth_noise\cls_0\1219.wav,0
D:\VSCodeRepository\SceneZone-ANC\data\synth_noise\cls_0\1220.wav,0
D:\VSCodeRepository\SceneZone-ANC\data\synth_noise\cls_0\1221.wav,0
D:\VSCodeRepository\SceneZone-ANC\data\synth_noise\cls_0\1222.wav,0
D:\VSCodeRepository\SceneZone-ANC\data\synth_noise\cls_0\1223.wav,0
D:\VSCodeRepository\SceneZone-ANC\data\synth_noise\cls_0\1224.wav,0
D:\VSCodeRepository\SceneZone-ANC\data\synth_noise\cls_0\1225.wav,0
D:\VSCodeRepository\SceneZone-ANC\data\synth_noise\cls_0\1226.wav,0
D:\VSCodeRepository\SceneZone-ANC\data\synth_noise\cls_0\1227.wav,0
D:\VSCodeRepository\SceneZone-ANC\data\synth_noise\cls_0\1228.wav,0
D:\VSCodeRepository\SceneZone-ANC\data\synth_noise\cls_0\1229.wav,0
D:\VSCodeRepository\SceneZone-ANC\data\synth_noise\cls_0\1230.wav,0
D:\VSCodeRepository\SceneZone-ANC\data\synth_noise\cls_0\1231.wav,0
D:\VSCodeRepository\SceneZone-ANC\data\synth_noise\cls_0\1232.wav,0
D:\VSCodeRepository\SceneZone-ANC\data\synth_noise\cls_0\1233.wav,0
D:\VSCodeRepository\SceneZone-ANC\data\synth_noise\cls_0\1234.wav,0
D:\VSCodeRepository\SceneZone-ANC\data\synth_noise\cls_0\1235.wav,0
D:\VSCodeRepository\SceneZone-ANC\data\synth_noise\cls_0\1236.wav,0
D:\VSCodeRepository\SceneZone-ANC\data\synth_noise\cls_0\1237.wav,0
D:\VSCodeRepository\SceneZone-ANC\data\synth_noise\cls_0\1238.wav,0
D:\VSCodeRepository\SceneZone-ANC\data\synth_noise\cls_0\1239.wav,0
D:\VSCodeRepository\SceneZone-ANC\data\synth_noise\cls_0\1240.wav,0
D:\VSCodeRepository\SceneZone-ANC\data\synth_noise\cls_0\1241.wav,0
D:\VSCodeRepository\SceneZone-ANC\data\synth_noise\cls_0\1242.wav,0
D:\VSCodeRepository\SceneZone-ANC\data\synth_noise\cls_0\1243.wav,0
D:\VSCodeRepository\SceneZone-ANC\data\synth_noise\cls_0\1244.wav,0
D:\VSCodeRepository\SceneZone-ANC\data\synth_noise\cls_0\1245.wav,0
D:\VSCodeRepository\SceneZone-ANC\data\synth_noise\cls_0\1246.wav,0
D:\VSCodeRepository\SceneZone-ANC\data\synth_noise\cls_0\1247.wav,0
D:\VSCodeRepository\SceneZone-ANC\data\synth_noise\cls_0\1248.wav,0
D:\VSCodeRepository\SceneZone-ANC\data\synth_noise\cls_0\1249.wav,0
D:\VSCodeRepository\SceneZone-ANC\data\synth_noise\cls_0\1250.wav,0
D:\VSCodeRepository\SceneZone-ANC\data\synth_noise\cls_0\1251.wav,0
D:\VSCodeRepository\SceneZone-ANC\data\synth_noise\cls_0\1252.wav,0
D:\VSCodeRepository\SceneZone-ANC\data\synth_noise\cls_0\1253.wav,0
D:\VSCodeRepository\SceneZone-ANC\data\synth_noise\cls_0\1254.wav,0
D:\VSCodeRepository\SceneZone-ANC\data\synth_noise\cls_0\1255.wav,0
D:\VSCodeRepository\SceneZone-ANC\data\synth_noise\cls_0\1256.wav,0
D:\VSCodeRepository\SceneZone-ANC\data\synth_noise\cls_0\1257.wav,0
D:\VSCodeRepository\SceneZone-ANC\data\synth_noise\cls_0\1258.wav,0
D:\VSCodeRepository\SceneZone-ANC\data\synth_noise\cls_0\1259.wav,0
D:\VSCodeRepository\SceneZone-ANC\data\synth_noise\cls_0\1260.wav,0
D:\VSCodeRepository\SceneZone-ANC\data\synth_noise\cls_0\1261.wav,0
D:\VSCodeRepository\SceneZone-ANC\data\synth_noise\cls_0\1262.wav,0
D:\VSCodeRepository\SceneZone-ANC\data\synth_noise\cls_0\1263.wav,0
D:\VSCodeRepository\SceneZone-ANC\data\synth_noise\cls_0\1264.wav,0
D:\VSCodeRepository\SceneZone-ANC\data\synth_noise\cls_0\1265.wav,0
D:\VSCodeRepository\SceneZone-ANC\data\synth_noise\cls_0\1266.wav,0
D:\VSCodeRepository\SceneZone-ANC\data\synth_noise\cls_0\1267.wav,0
D:\VSCodeRepository\SceneZone-ANC\data\synth_noise\cls_0\1268.wav,0
D:\VSCodeRepository\SceneZone-ANC\data\synth_noise\cls_0\1269.wav,0
D:\VSCodeRepository\SceneZone-ANC\data\synth_noise\cls_0\1270.wav,0
D:\VSCodeRepository\SceneZone-ANC\data\synth_noise\cls_0\1271.wav,0
D:\VSCodeRepository\SceneZone-ANC\data\synth_noise\cls_0\1272.wav,0
D:\VSCodeRepository\SceneZone-ANC\data\synth_noise\cls_0\1273.wav,0
D:\VSCodeRepository\SceneZone-ANC\data\synth_noise\cls_0\1274.wav,0
D:\VSCodeRepository\SceneZone-ANC\data\synth_noise\cls_0\1275.wav,0
D:\VSCodeRepository\SceneZone-ANC\data\synth_noise\cls_0\1276.wav,0
D:\VSCodeRepository\SceneZone-ANC\data\synth_noise\cls_0\1277.wav,0
D:\VSCodeRepository\SceneZone-ANC\data\synth_noise\cls_0\1278.wav,0
D:\VSCodeRepository\SceneZone-ANC\data\synth_noise\cls_0\1279.wav,0
D:\VSCodeRepository\SceneZone-ANC\data\synth_noise\cls_0\1280.wav,0
D:\VSCodeRepository\SceneZone-ANC\data\synth_noise\cls_0\1281.wav,0
D:\VSCodeRepository\SceneZone-ANC\data\synth_noise\cls_0\1282.wav,0
D:\VSCodeRepository\SceneZone-ANC\data\synth_noise\cls_0\1283.wav,0
D:\VSCodeRepository\SceneZone-ANC\data\synth_noise\cls_0\1284.wav,0
D:\VSCodeRepository\SceneZone-ANC\data\synth_noise\cls_0\1285.wav,0
D:\VSCodeRepository\SceneZone-ANC\data\synth_noise\cls_0\1286.wav,0
D:\VSCodeRepository\SceneZone-ANC\data\synth_noise\cls_0\1287.wav,0
D:\VSCodeRepository\SceneZone-ANC\data\synth_noise\cls_0\1288.wav,0
D:\VSCodeRepository\SceneZone-ANC\data\synth_noise\cls_0\1289.wav,0
D:\VSCodeRepository\SceneZone-ANC\data\synth_noise\cls_0\1290.wav,0
D:\VSCodeRepository\SceneZone-ANC\data\synth_noise\cls_0\1291.wav,0
D:\VSCodeRepository\SceneZone-ANC\data\synth_noise\cls_0\1292.wav,0
D:\VSCodeRepository\SceneZone-ANC\data\synth_noise\cls_0\1293.wav,0
D:\VSCodeRepository\SceneZone-ANC\data\synth_noise\cls_0\1294.wav,0
D:\VSCodeRepository\SceneZone-ANC\data\synth_noise\cls_0\1295.wav,0
D:\VSCodeRepository\SceneZone-ANC\data\synth_noise\cls_0\1296.wav,0
D:\VSCodeRepository\SceneZone-ANC\data\synth_noise\cls_0\1297.wav,0
D:\VSCodeRepository\SceneZone-ANC\data\synth_noise\cls_0\1298.wav,0
D:\VSCodeRepository\SceneZone-ANC\data\synth_noise\cls_0\1299.wav,0
D:\VSCodeRepository\SceneZone-ANC\data\synth_noise\cls_0\1300.wav,0
D:\VSCodeRepository\SceneZone-ANC\data\synth_noise\cls_0\1301.wav,0
D:\VSCodeRepository\SceneZone-ANC\data\synth_noise\cls_0\1302.wav,0
D:\VSCodeRepository\SceneZone-ANC\data\synth_noise\cls_0\1303.wav,0
D:\VSCodeRepository\SceneZone-ANC\data\synth_noise\cls_0\1304.wav,0
D:\VSCodeRepository\SceneZone-ANC\data\synth_noise\cls_0\1305.wav,0
D:\VSCodeRepository\SceneZone-ANC\data\synth_noise\cls_0\1306.wav,0
D:\VSCodeRepository\SceneZone-ANC\data\synth_noise\cls_0\1307.wav,0
D:\VSCodeRepository\SceneZone-ANC\data\synth_noise\cls_0\1308.wav,0
D:\VSCodeRepository\SceneZone-ANC\data\synth_noise\cls_0\1309.wav,0
D:\VSCodeRepository\SceneZone-ANC\data\synth_noise\cls_0\1310.wav,0
D:\VSCodeRepository\SceneZone-ANC\data\synth_noise\cls_0\1311.wav,0
D:\VSCodeRepository\SceneZone-ANC\data\synth_noise\cls_0\1312.wav,0
D:\VSCodeRepository\SceneZone-ANC\data\synth_noise\cls_0\1313.wav,0
D:\VSCodeRepository\SceneZone-ANC\data\synth_noise\cls_0\1314.wav,0
D:\VSCodeRepository\SceneZone-ANC\data\synth_noise\cls_0\1315.wav,0
D:\VSCodeRepository\SceneZone-ANC\data\synth_noise\cls_0\1316.wav,0
D:\VSCodeRepository\SceneZone-ANC\data\synth_noise\cls_0\1317.wav,0
D:\VSCodeRepository\SceneZone-ANC\data\synth_noise\cls_0\1318.wav,0
D:\VSCodeRepository\SceneZone-ANC\data\synth_noise\cls_0\1319.wav,0
D:\VSCodeRepository\SceneZone-ANC\data\synth_noise\cls_0\1320.wav,0
D:\VSCodeRepository\SceneZone-ANC\data\synth_noise\cls_0\1321.wav,0
D:\VSCodeRepository\SceneZone-ANC\data\synth_noise\cls_0\1322.wav,0
D:\VSCodeRepository\SceneZone-ANC\data\synth_noise\cls_0\1323.wav,0
D:\VSCodeRepository\SceneZone-ANC\data\synth_noise\cls_0\1324.wav,0
D:\VSCodeRepository\SceneZone-ANC\data\synth_noise\cls_0\1325.wav,0
D:\VSCodeRepository\SceneZone-ANC\data\synth_noise\cls_0\1326.wav,0
D:\VSCodeRepository\SceneZone-ANC\data\synth_noise\cls_0\1327.wav,0
D:\VSCodeRepository\SceneZone-ANC\data\synth_noise\cls_0\1328.wav,0
D:\VSCodeRepository\SceneZone-ANC\data\synth_noise\cls_0\1329.wav,0
D:\VSCodeRepository\SceneZone-ANC\data\synth_noise\cls_0\1330.wav,0
D:\VSCodeRepository\SceneZone-ANC\data\synth_noise\cls_0\1331.wav,0
D:\VSCodeRepository\SceneZone-ANC\data\synth_noise\cls_0\1332.wav,0
D:\VSCodeRepository\SceneZone-ANC\data\synth_noise\cls_0\1333.wav,0
D:\VSCodeRepository\SceneZone-ANC\data\synth_noise\cls_0\1334.wav,0
D:\VSCodeRepository\SceneZone-ANC\data\synth_noise\cls_0\1335.wav,0
D:\VSCodeRepository\SceneZone-ANC\data\synth_noise\cls_0\1336.wav,0
D:\VSCodeRepository\SceneZone-ANC\data\synth_noise\cls_0\1337.wav,0
D:\VSCodeRepository\SceneZone-ANC\data\synth_noise\cls_0\1338.wav,0
D:\VSCodeRepository\SceneZone-ANC\data\synth_noise\cls_0\1339.wav,0
D:\VSCodeRepository\SceneZone-ANC\data\synth_noise\cls_0\1340.wav,0
D:\VSCodeRepository\SceneZone-ANC\data\synth_noise\cls_0\1341.wav,0
D:\VSCodeRepository\SceneZone-ANC\data\synth_noise\cls_0\1342.wav,0
D:\VSCodeRepository\SceneZone-ANC\data\synth_noise\cls_0\1343.wav,0
D:\VSCodeRepository\SceneZone-ANC\data\synth_noise\cls_0\1344.wav,0
D:\VSCodeRepository\SceneZone-ANC\data\synth_noise\cls_0\1345.wav,0
D:\VSCodeRepository\SceneZone-ANC\data\synth_noise\cls_0\1346.wav,0
D:\VSCodeRepository\SceneZone-ANC\data\synth_noise\cls_0\1347.wav,0
D:\VSCodeRepository\SceneZone-ANC\data\synth_noise\cls_0\1348.wav,0
D:\VSCodeRepository\SceneZone-ANC\data\synth_noise\cls_0\1349.wav,0
D:\VSCodeRepository\SceneZone-ANC\data\synth_noise\cls_0\1350.wav,0
D:\VSCodeRepository\SceneZone-ANC\data\synth_noise\cls_0\1351.wav,0
D:\VSCodeRepository\SceneZone-ANC\data\synth_noise\cls_0\1352.wav,0
D:\VSCodeRepository\SceneZone-ANC\data\synth_noise\cls_0\1353.wav,0
D:\VSCodeRepository\SceneZone-ANC\data\synth_noise\cls_0\1354.wav,0
D:\VSCodeRepository\SceneZone-ANC\data\synth_noise\cls_0\1355.wav,0
D:\VSCodeRepository\SceneZone-ANC\data\synth_noise\cls_0\1356.wav,0
D:\VSCodeRepository\SceneZone-ANC\data\synth_noise\cls_0\1357.wav,0
D:\VSCodeRepository\SceneZone-ANC\data\synth_noise\cls_0\1358.wav,0
D:\VSCodeRepository\SceneZone-ANC\data\synth_noise\cls_0\1359.wav,0
D:\VSCodeRepository\SceneZone-ANC\data\synth_noise\cls_0\1360.wav,0
D:\VSCodeRepository\SceneZone-ANC\data\synth_noise\cls_0\1361.wav,0
D:\VSCodeRepository\SceneZone-ANC\data\synth_noise\cls_0\1362.wav,0
D:\VSCodeRepository\SceneZone-ANC\data\synth_noise\cls_0\1363.wav,0
D:\VSCodeRepository\SceneZone-ANC\data\synth_noise\cls_0\1364.wav,0
D:\VSCodeRepository\SceneZone-ANC\data\synth_noise\cls_0\1365.wav,0
D:\VSCodeRepository\SceneZone-ANC\data\synth_noise\cls_0\1366.wav,0
D:\VSCodeRepository\SceneZone-ANC\data\synth_noise\cls_0\1367.wav,0
D:\VSCodeRepository\SceneZone-ANC\data\synth_noise\cls_0\1368.wav,0
D:\VSCodeRepository\SceneZone-ANC\data\synth_noise\cls_0\1369.wav,0
D:\VSCodeRepository\SceneZone-ANC\data\synth_noise\cls_0\1370.wav,0
D:\VSCodeRepository\SceneZone-ANC\data\synth_noise\cls_0\1371.wav,0
D:\VSCodeRepository\SceneZone-ANC\data\synth_noise\cls_0\1372.wav,0
D:\VSCodeRepository\SceneZone-ANC\data\synth_noise\cls_0\1373.wav,0
D:\VSCodeRepository\SceneZone-ANC\data\synth_noise\cls_0\1374.wav,0
D:\VSCodeRepository\SceneZone-ANC\data\synth_noise\cls_0\1375.wav,0
D:\VSCodeRepository\SceneZone-ANC\data\synth_noise\cls_0\1376.wav,0
D:\VSCodeRepository\SceneZone-ANC\data\synth_noise\cls_0\1377.wav,0
D:\VSCodeRepository\SceneZone-ANC\data\synth_noise\cls_0\1378.wav,0
D:\VSCodeRepository\SceneZone-ANC\data\synth_noise\cls_0\1379.wav,0
D:\VSCodeRepository\SceneZone-ANC\data\synth_noise\cls_0\1380.wav,0
D:\VSCodeRepository\SceneZone-ANC\data\synth_noise\cls_0\1381.wav,0
D:\VSCodeRepository\SceneZone-ANC\data\synth_noise\cls_0\1382.wav,0
D:\VSCodeRepository\SceneZone-ANC\data\synth_noise\cls_0\1383.wav,0
D:\VSCodeRepository\SceneZone-ANC\data\synth_noise\cls_0\1384.wav,0
D:\VSCodeRepository\SceneZone-ANC\data\synth_noise\cls_0\1385.wav,0
D:\VSCodeRepository\SceneZone-ANC\data\synth_noise\cls_0\1386.wav,0
D:\VSCodeRepository\SceneZone-ANC\data\synth_noise\cls_0\1387.wav,0
D:\VSCodeRepository\SceneZone-ANC\data\synth_noise\cls_0\1388.wav,0
D:\VSCodeRepository\SceneZone-ANC\data\synth_noise\cls_0\1389.wav,0
D:\VSCodeRepository\SceneZone-ANC\data\synth_noise\cls_0\1390.wav,0
D:\VSCodeRepository\SceneZone-ANC\data\synth_noise\cls_0\1391.wav,0
D:\VSCodeRepository\SceneZone-ANC\data\synth_noise\cls_0\1392.wav,0
D:\VSCodeRepository\SceneZone-ANC\data\synth_noise\cls_0\1393.wav,0
D:\VSCodeRepository\SceneZone-ANC\data\synth_noise\cls_0\1394.wav,0
D:\VSCodeRepository\SceneZone-ANC\data\synth_noise\cls_0\1395.wav,0
D:\VSCodeRepository\SceneZone-ANC\data\synth_noise\cls_0\1396.wav,0
D:\VSCodeRepository\SceneZone-ANC\data\synth_noise\cls_0\1397.wav,0
D:\VSCodeRepository\SceneZone-ANC\data\synth_noise\cls_0\1398.wav,0
D:\VSCodeRepository\SceneZone-ANC\data\synth_noise\cls_0\1399.wav,0
D:\VSCodeRepository\SceneZone-ANC\data\synth_noise\cls_0\1400.wav,0
D:\VSCodeRepository\SceneZone-ANC\data\synth_noise\cls_0\1401.wav,0
D:\VSCodeRepository\SceneZone-ANC\data\synth_noise\cls_0\1402.wav,0
D:\VSCodeRepository\SceneZone-ANC\data\synth_noise\cls_0\1403.wav,0
D:\VSCodeRepository\SceneZone-ANC\data\synth_noise\cls_0\1404.wav,0
D:\VSCodeRepository\SceneZone-ANC\data\synth_noise\cls_0\1405.wav,0
D:\VSCodeRepository\SceneZone-ANC\data\synth_noise\cls_0\1406.wav,0
D:\VSCodeRepository\SceneZone-ANC\data\synth_noise\cls_0\1407.wav,0
D:\VSCodeRepository\SceneZone-ANC\data\synth_noise\cls_0\1408.wav,0
D:\VSCodeRepository\SceneZone-ANC\data\synth_noise\cls_0\1409.wav,0
D:\VSCodeRepository\SceneZone-ANC\data\synth_noise\cls_0\1410.wav,0
D:\VSCodeRepository\SceneZone-ANC\data\synth_noise\cls_0\1411.wav,0
D:\VSCodeRepository\SceneZone-ANC\data\synth_noise\cls_0\1412.wav,0
D:\VSCodeRepository\SceneZone-ANC\data\synth_noise\cls_0\1413.wav,0
D:\VSCodeRepository\SceneZone-ANC\data\synth_noise\cls_0\1414.wav,0
D:\VSCodeRepository\SceneZone-ANC\data\synth_noise\cls_0\1415.wav,0
D:\VSCodeRepository\SceneZone-ANC\data\synth_noise\cls_0\1416.wav,0
D:\VSCodeRepository\SceneZone-ANC\data\synth_noise\cls_0\1417.wav,0
D:\VSCodeRepository\SceneZone-ANC\data\synth_noise\cls_0\1418.wav,0
D:\VSCodeRepository\SceneZone-ANC\data\synth_noise\cls_0\1419.wav,0
D:\VSCodeRepository\SceneZone-ANC\data\synth_noise\cls_0\1420.wav,0
D:\VSCodeRepository\SceneZone-ANC\data\synth_noise\cls_0\1421.wav,0
D:\VSCodeRepository\SceneZone-ANC\data\synth_noise\cls_0\1422.wav,0
D:\VSCodeRepository\SceneZone-ANC\data\synth_noise\cls_0\1423.wav,0
D:\VSCodeRepository\SceneZone-ANC\data\synth_noise\cls_0\1424.wav,0
D:\VSCodeRepository\SceneZone-ANC\data\synth_noise\cls_0\1425.wav,0
D:\VSCodeRepository\SceneZone-ANC\data\synth_noise\cls_0\1426.wav,0
D:\VSCodeRepository\SceneZone-ANC\data\synth_noise\cls_0\1427.wav,0
D:\VSCodeRepository\SceneZone-ANC\data\synth_noise\cls_0\1428.wav,0
D:\VSCodeRepository\SceneZone-ANC\data\synth_noise\cls_0\1429.wav,0
D:\VSCodeRepository\SceneZone-ANC\data\synth_noise\cls_0\1430.wav,0
D:\VSCodeRepository\SceneZone-ANC\data\synth_noise\cls_0\1431.wav,0
D:\VSCodeRepository\SceneZone-ANC\data\synth_noise\cls_0\1432.wav,0
D:\VSCodeRepository\SceneZone-ANC\data\synth_noise\cls_0\1433.wav,0
D:\VSCodeRepository\SceneZone-ANC\data\synth_noise\cls_0\1434.wav,0
D:\VSCodeRepository\SceneZone-ANC\data\synth_noise\cls_0\1435.wav,0
D:\VSCodeRepository\SceneZone-ANC\data\synth_noise\cls_0\1436.wav,0
D:\VSCodeRepository\SceneZone-ANC\data\synth_noise\cls_0\1437.wav,0
D:\VSCodeRepository\SceneZone-ANC\data\synth_noise\cls_0\1438.wav,0
D:\VSCodeRepository\SceneZone-ANC\data\synth_noise\cls_0\1439.wav,0
D:\VSCodeRepository\SceneZone-ANC\data\synth_noise\cls_0\1440.wav,0
D:\VSCodeRepository\SceneZone-ANC\data\synth_noise\cls_0\1441.wav,0
D:\VSCodeRepository\SceneZone-ANC\data\synth_noise\cls_0\1442.wav,0
D:\VSCodeRepository\SceneZone-ANC\data\synth_noise\cls_0\1443.wav,0
D:\VSCodeRepository\SceneZone-ANC\data\synth_noise\cls_0\1444.wav,0
D:\VSCodeRepository\SceneZone-ANC\data\synth_noise\cls_0\1445.wav,0
D:\VSCodeRepository\SceneZone-ANC\data\synth_noise\cls_0\1446.wav,0
D:\VSCodeRepository\SceneZone-ANC\data\synth_noise\cls_0\1447.wav,0
D:\VSCodeRepository\SceneZone-ANC\data\synth_noise\cls_0\1448.wav,0
D:\VSCodeRepository\SceneZone-ANC\data\synth_noise\cls_0\1449.wav,0
D:\VSCodeRepository\SceneZone-ANC\data\synth_noise\cls_0\1450.wav,0
D:\VSCodeRepository\SceneZone-ANC\data\synth_noise\cls_0\1451.wav,0
D:\VSCodeRepository\SceneZone-ANC\data\synth_noise\cls_0\1452.wav,0
D:\VSCodeRepository\SceneZone-ANC\data\synth_noise\cls_0\1453.wav,0
D:\VSCodeRepository\SceneZone-ANC\data\synth_noise\cls_0\1454.wav,0
D:\VSCodeRepository\SceneZone-ANC\data\synth_noise\cls_0\1455.wav,0
D:\VSCodeRepository\SceneZone-ANC\data\synth_noise\cls_0\1456.wav,0
D:\VSCodeRepository\SceneZone-ANC\data\synth_noise\cls_0\1457.wav,0
D:\VSCodeRepository\SceneZone-ANC\data\synth_noise\cls_0\1458.wav,0
D:\VSCodeRepository\SceneZone-ANC\data\synth_noise\cls_0\1459.wav,0
D:\VSCodeRepository\SceneZone-ANC\data\synth_noise\cls_0\1460.wav,0
D:\VSCodeRepository\SceneZone-ANC\data\synth_noise\cls_0\1461.wav,0
D:\VSCodeRepository\SceneZone-ANC\data\synth_noise\cls_0\1462.wav,0
D:\VSCodeRepository\SceneZone-ANC\data\synth_noise\cls_0\1463.wav,0
D:\VSCodeRepository\SceneZone-ANC\data\synth_noise\cls_0\1464.wav,0
D:\VSCodeRepository\SceneZone-ANC\data\synth_noise\cls_0\1465.wav,0
D:\VSCodeRepository\SceneZone-ANC\data\synth_noise\cls_0\1466.wav,0
D:\VSCodeRepository\SceneZone-ANC\data\synth_noise\cls_0\1467.wav,0
D:\VSCodeRepository\SceneZone-ANC\data\synth_noise\cls_0\1468.wav,0
D:\VSCodeRepository\SceneZone-ANC\data\synth_noise\cls_0\1469.wav,0
D:\VSCodeRepository\SceneZone-ANC\data\synth_noise\cls_0\1470.wav,0
D:\VSCodeRepository\SceneZone-ANC\data\synth_noise\cls_0\1471.wav,0
D:\VSCodeRepository\SceneZone-ANC\data\synth_noise\cls_0\1472.wav,0
D:\VSCodeRepository\SceneZone-ANC\data\synth_noise\cls_0\1473.wav,0
D:\VSCodeRepository\SceneZone-ANC\data\synth_noise\cls_0\1474.wav,0
D:\VSCodeRepository\SceneZone-ANC\data\synth_noise\cls_0\1475.wav,0
D:\VSCodeRepository\SceneZone-ANC\data\synth_noise\cls_0\1476.wav,0
D:\VSCodeRepository\SceneZone-ANC\data\synth_noise\cls_0\1477.wav,0
D:\VSCodeRepository\SceneZone-ANC\data\synth_noise\cls_0\1478.wav,0
D:\VSCodeRepository\SceneZone-ANC\data\synth_noise\cls_0\1479.wav,0
D:\VSCodeRepository\SceneZone-ANC\data\synth_noise\cls_0\1480.wav,0
D:\VSCodeRepository\SceneZone-ANC\data\synth_noise\cls_0\1481.wav,0
D:\VSCodeRepository\SceneZone-ANC\data\synth_noise\cls_0\1482.wav,0
D:\VSCodeRepository\SceneZone-ANC\data\synth_noise\cls_0\1483.wav,0
D:\VSCodeRepository\SceneZone-ANC\data\synth_noise\cls_0\1484.wav,0
D:\VSCodeRepository\SceneZone-ANC\data\synth_noise\cls_0\1485.wav,0
D:\VSCodeRepository\SceneZone-ANC\data\synth_noise\cls_0\1486.wav,0
D:\VSCodeRepository\SceneZone-ANC\data\synth_noise\cls_0\1487.wav,0
D:\VSCodeRepository\SceneZone-ANC\data\synth_noise\cls_0\1488.wav,0
D:\VSCodeRepository\SceneZone-ANC\data\synth_noise\cls_0\1489.wav,0
D:\VSCodeRepository\SceneZone-ANC\data\synth_noise\cls_0\1490.wav,0
D:\VSCodeRepository\SceneZone-ANC\data\synth_noise\cls_0\1491.wav,0
D:\VSCodeRepository\SceneZone-ANC\data\synth_noise\cls_0\1492.wav,0
D:\VSCodeRepository\SceneZone-ANC\data\synth_noise\cls_0\1493.wav,0
D:\VSCodeRepository\SceneZone-ANC\data\synth_noise\cls_0\1494.wav,0
D:\VSCodeRepository\SceneZone-ANC\data\synth_noise\cls_0\1495.wav,0
D:\VSCodeRepository\SceneZone-ANC\data\synth_noise\cls_0\1496.wav,0
D:\VSCodeRepository\SceneZone-ANC\data\synth_noise\cls_0\1497.wav,0
D:\VSCodeRepository\SceneZone-ANC\data\synth_noise\cls_0\1498.wav,0
D:\VSCodeRepository\SceneZone-ANC\data\synth_noise\cls_0\1499.wav,0
D:\VSCodeRepository\SceneZone-ANC\data\synth_noise\cls_0\1500.wav,0
D:\VSCodeRepository\SceneZone-ANC\data\synth_noise\cls_0\1501.wav,0
D:\VSCodeRepository\SceneZone-ANC\data\synth_noise\cls_0\1502.wav,0
D:\VSCodeRepository\SceneZone-ANC\data\synth_noise\cls_0\1503.wav,0
D:\VSCodeRepository\SceneZone-ANC\data\synth_noise\cls_0\1504.wav,0
D:\VSCodeRepository\SceneZone-ANC\data\synth_noise\cls_0\1505.wav,0
D:\VSCodeRepository\SceneZone-ANC\data\synth_noise\cls_0\1506.wav,0
D:\VSCodeRepository\SceneZone-ANC\data\synth_noise\cls_0\1507.wav,0
D:\VSCodeRepository\SceneZone-ANC\data\synth_noise\cls_0\1508.wav,0
D:\VSCodeRepository\SceneZone-ANC\data\synth_noise\cls_0\1509.wav,0
D:\VSCodeRepository\SceneZone-ANC\data\synth_noise\cls_0\1510.wav,0
D:\VSCodeRepository\SceneZone-ANC\data\synth_noise\cls_0\1511.wav,0
D:\VSCodeRepository\SceneZone-ANC\data\synth_noise\cls_0\1512.wav,0
D:\VSCodeRepository\SceneZone-ANC\data\synth_noise\cls_0\1513.wav,0
D:\VSCodeRepository\SceneZone-ANC\data\synth_noise\cls_0\1514.wav,0
D:\VSCodeRepository\SceneZone-ANC\data\synth_noise\cls_0\1515.wav,0
D:\VSCodeRepository\SceneZone-ANC\data\synth_noise\cls_0\1516.wav,0
D:\VSCodeRepository\SceneZone-ANC\data\synth_noise\cls_0\1517.wav,0
D:\VSCodeRepository\SceneZone-ANC\data\synth_noise\cls_0\1518.wav,0
D:\VSCodeRepository\SceneZone-ANC\data\synth_noise\cls_0\1519.wav,0
D:\VSCodeRepository\SceneZone-ANC\data\synth_noise\cls_0\1520.wav,0
D:\VSCodeRepository\SceneZone-ANC\data\synth_noise\cls_0\1521.wav,0
D:\VSCodeRepository\SceneZone-ANC\data\synth_noise\cls_0\1522.wav,0
D:\VSCodeRepository\SceneZone-ANC\data\synth_noise\cls_0\1523.wav,0
D:\VSCodeRepository\SceneZone-ANC\data\synth_noise\cls_0\1524.wav,0
D:\VSCodeRepository\SceneZone-ANC\data\synth_noise\cls_0\1525.wav,0
D:\VSCodeRepository\SceneZone-ANC\data\synth_noise\cls_0\1526.wav,0
D:\VSCodeRepository\SceneZone-ANC\data\synth_noise\cls_0\1527.wav,0
D:\VSCodeRepository\SceneZone-ANC\data\synth_noise\cls_0\1528.wav,0
D:\VSCodeRepository\SceneZone-ANC\data\synth_noise\cls_0\1529.wav,0
D:\VSCodeRepository\SceneZone-ANC\data\synth_noise\cls_0\1530.wav,0
D:\VSCodeRepository\SceneZone-ANC\data\synth_noise\cls_0\1531.wav,0
D:\VSCodeRepository\SceneZone-ANC\data\synth_noise\cls_0\1532.wav,0
D:\VSCodeRepository\SceneZone-ANC\data\synth_noise\cls_0\1533.wav,0
D:\VSCodeRepository\SceneZone-ANC\data\synth_noise\cls_0\1534.wav,0
D:\VSCodeRepository\SceneZone-ANC\data\synth_noise\cls_0\1535.wav,0
D:\VSCodeRepository\SceneZone-ANC\data\synth_noise\cls_0\1536.wav,0
D:\VSCodeRepository\SceneZone-ANC\data\synth_noise\cls_0\1537.wav,0
D:\VSCodeRepository\SceneZone-ANC\data\synth_noise\cls_0\1538.wav,0
D:\VSCodeRepository\SceneZone-ANC\data\synth_noise\cls_0\1539.wav,0
D:\VSCodeRepository\SceneZone-ANC\data\synth_noise\cls_0\1540.wav,0
D:\VSCodeRepository\SceneZone-ANC\data\synth_noise\cls_0\1541.wav,0
D:\VSCodeRepository\SceneZone-ANC\data\synth_noise\cls_0\1542.wav,0
D:\VSCodeRepository\SceneZone-ANC\data\synth_noise\cls_0\1543.wav,0
D:\VSCodeRepository\SceneZone-ANC\data\synth_noise\cls_0\1544.wav,0
D:\VSCodeRepository\SceneZone-ANC\data\synth_noise\cls_0\1545.wav,0
D:\VSCodeRepository\SceneZone-ANC\data\synth_noise\cls_0\1546.wav,0
D:\VSCodeRepository\SceneZone-ANC\data\synth_noise\cls_0\1547.wav,0
D:\VSCodeRepository\SceneZone-ANC\data\synth_noise\cls_0\1548.wav,0
D:\VSCodeRepository\SceneZone-ANC\data\synth_noise\cls_0\1549.wav,0
D:\VSCodeRepository\SceneZone-ANC\data\synth_noise\cls_0\1550.wav,0
D:\VSCodeRepository\SceneZone-ANC\data\synth_noise\cls_0\1551.wav,0
D:\VSCodeRepository\SceneZone-ANC\data\synth_noise\cls_0\1552.wav,0
D:\VSCodeRepository\SceneZone-ANC\data\synth_noise\cls_0\1553.wav,0
D:\VSCodeRepository\SceneZone-ANC\data\synth_noise\cls_0\1554.wav,0
D:\VSCodeRepository\SceneZone-ANC\data\synth_noise\cls_0\1555.wav,0
D:\VSCodeRepository\SceneZone-ANC\data\synth_noise\cls_0\1556.wav,0
D:\VSCodeRepository\SceneZone-ANC\data\synth_noise\cls_0\1557.wav,0
D:\VSCodeRepository\SceneZone-ANC\data\synth_noise\cls_0\1558.wav,0
D:\VSCodeRepository\SceneZone-ANC\data\synth_noise\cls_0\1559.wav,0
D:\VSCodeRepository\SceneZone-ANC\data\synth_noise\cls_0\1560.wav,0
D:\VSCodeRepository\SceneZone-ANC\data\synth_noise\cls_0\1561.wav,0
D:\VSCodeRepository\SceneZone-ANC\data\synth_noise\cls_0\1562.wav,0
D:\VSCodeRepository\SceneZone-ANC\data\synth_noise\cls_0\1563.wav,0
D:\VSCodeRepository\SceneZone-ANC\data\synth_noise\cls_0\1564.wav,0
D:\VSCodeRepository\SceneZone-ANC\data\synth_noise\cls_0\1565.wav,0
D:\VSCodeRepository\SceneZone-ANC\data\synth_noise\cls_0\1566.wav,0
D:\VSCodeRepository\SceneZone-ANC\data\synth_noise\cls_0\1567.wav,0
D:\VSCodeRepository\SceneZone-ANC\data\synth_noise\cls_0\1568.wav,0
D:\VSCodeRepository\SceneZone-ANC\data\synth_noise\cls_0\1569.wav,0
D:\VSCodeRepository\SceneZone-ANC\data\synth_noise\cls_0\1570.wav,0
D:\VSCodeRepository\SceneZone-ANC\data\synth_noise\cls_0\1571.wav,0
D:\VSCodeRepository\SceneZone-ANC\data\synth_noise\cls_0\1572.wav,0
D:\VSCodeRepository\SceneZone-ANC\data\synth_noise\cls_0\1573.wav,0
D:\VSCodeRepository\SceneZone-ANC\data\synth_noise\cls_0\1574.wav,0
D:\VSCodeRepository\SceneZone-ANC\data\synth_noise\cls_0\1575.wav,0
D:\VSCodeRepository\SceneZone-ANC\data\synth_noise\cls_0\1576.wav,0
D:\VSCodeRepository\SceneZone-ANC\data\synth_noise\cls_0\1577.wav,0
D:\VSCodeRepository\SceneZone-ANC\data\synth_noise\cls_0\1578.wav,0
D:\VSCodeRepository\SceneZone-ANC\data\synth_noise\cls_0\1579.wav,0
D:\VSCodeRepository\SceneZone-ANC\data\synth_noise\cls_0\1580.wav,0
D:\VSCodeRepository\SceneZone-ANC\data\synth_noise\cls_0\1581.wav,0
D:\VSCodeRepository\SceneZone-ANC\data\synth_noise\cls_0\1582.wav,0
D:\VSCodeRepository\SceneZone-ANC\data\synth_noise\cls_0\1583.wav,0
D:\VSCodeRepository\SceneZone-ANC\data\synth_noise\cls_0\1584.wav,0
D:\VSCodeRepository\SceneZone-ANC\data\synth_noise\cls_0\1585.wav,0
D:\VSCodeRepository\SceneZone-ANC\data\synth_noise\cls_0\1586.wav,0
D:\VSCodeRepository\SceneZone-ANC\data\synth_noise\cls_0\1587.wav,0
D:\VSCodeRepository\SceneZone-ANC\data\synth_noise\cls_0\1588.wav,0
D:\VSCodeRepository\SceneZone-ANC\data\synth_noise\cls_0\1589.wav,0
D:\VSCodeRepository\SceneZone-ANC\data\synth_noise\cls_0\1590.wav,0
D:\VSCodeRepository\SceneZone-ANC\data\synth_noise\cls_0\1591.wav,0
D:\VSCodeRepository\SceneZone-ANC\data\synth_noise\cls_0\1592.wav,0
D:\VSCodeRepository\SceneZone-ANC\data\synth_noise\cls_0\1593.wav,0
D:\VSCodeRepository\SceneZone-ANC\data\synth_noise\cls_0\1594.wav,0
D:\VSCodeRepository\SceneZone-ANC\data\synth_noise\cls_0\1595.wav,0
D:\VSCodeRepository\SceneZone-ANC\data\synth_noise\cls_0\1596.wav,0
D:\VSCodeRepository\SceneZone-ANC\data\synth_noise\cls_0\1597.wav,0
D:\VSCodeRepository\SceneZone-ANC\data\synth_noise\cls_0\1598.wav,0
D:\VSCodeRepository\SceneZone-ANC\data\synth_noise\cls_0\1599.wav,0
D:\VSCodeRepository\SceneZone-ANC\data\synth_noise\cls_0\1600.wav,0
D:\VSCodeRepository\SceneZone-ANC\data\synth_noise\cls_0\1601.wav,0
D:\VSCodeRepository\SceneZone-ANC\data\synth_noise\cls_0\1602.wav,0
D:\VSCodeRepository\SceneZone-ANC\data\synth_noise\cls_0\1603.wav,0
D:\VSCodeRepository\SceneZone-ANC\data\synth_noise\cls_0\1604.wav,0
D:\VSCodeRepository\SceneZone-ANC\data\synth_noise\cls_0\1605.wav,0
D:\VSCodeRepository\SceneZone-ANC\data\synth_noise\cls_0\1606.wav,0
D:\VSCodeRepository\SceneZone-ANC\data\synth_noise\cls_0\1607.wav,0
D:\VSCodeRepository\SceneZone-ANC\data\synth_noise\cls_0\1608.wav,0
D:\VSCodeRepository\SceneZone-ANC\data\synth_noise\cls_0\1609.wav,0
D:\VSCodeRepository\SceneZone-ANC\data\synth_noise\cls_0\1610.wav,0
D:\VSCodeRepository\SceneZone-ANC\data\synth_noise\cls_0\1611.wav,0
D:\VSCodeRepository\SceneZone-ANC\data\synth_noise\cls_0\1612.wav,0
D:\VSCodeRepository\SceneZone-ANC\data\synth_noise\cls_0\1613.wav,0
D:\VSCodeRepository\SceneZone-ANC\data\synth_noise\cls_0\1614.wav,0
D:\VSCodeRepository\SceneZone-ANC\data\synth_noise\cls_0\1615.wav,0
D:\VSCodeRepository\SceneZone-ANC\data\synth_noise\cls_0\1616.wav,0
D:\VSCodeRepository\SceneZone-ANC\data\synth_noise\cls_0\1617.wav,0
D:\VSCodeRepository\SceneZone-ANC\data\synth_noise\cls_0\1618.wav,0
D:\VSCodeRepository\SceneZone-ANC\data\synth_noise\cls_0\1619.wav,0
D:\VSCodeRepository\SceneZone-ANC\data\synth_noise\cls_0\1620.wav,0
D:\VSCodeRepository\SceneZone-ANC\data\synth_noise\cls_0\1621.wav,0
D:\VSCodeRepository\SceneZone-ANC\data\synth_noise\cls_0\1622.wav,0
D:\VSCodeRepository\SceneZone-ANC\data\synth_noise\cls_0\1623.wav,0
D:\VSCodeRepository\SceneZone-ANC\data\synth_noise\cls_0\1624.wav,0
D:\VSCodeRepository\SceneZone-ANC\data\synth_noise\cls_0\1625.wav,0
D:\VSCodeRepository\SceneZone-ANC\data\synth_noise\cls_0\1626.wav,0
D:\VSCodeRepository\SceneZone-ANC\data\synth_noise\cls_0\1627.wav,0
D:\VSCodeRepository\SceneZone-ANC\data\synth_noise\cls_0\1628.wav,0
D:\VSCodeRepository\SceneZone-ANC\data\synth_noise\cls_0\1629.wav,0
D:\VSCodeRepository\SceneZone-ANC\data\synth_noise\cls_0\1630.wav,0
D:\VSCodeRepository\SceneZone-ANC\data\synth_noise\cls_0\1631.wav,0
D:\VSCodeRepository\SceneZone-ANC\data\synth_noise\cls_0\1632.wav,0
D:\VSCodeRepository\SceneZone-ANC\data\synth_noise\cls_0\1633.wav,0
D:\VSCodeRepository\SceneZone-ANC\data\synth_noise\cls_0\1634.wav,0
D:\VSCodeRepository\SceneZone-ANC\data\synth_noise\cls_0\1635.wav,0
D:\VSCodeRepository\SceneZone-ANC\data\synth_noise\cls_0\1636.wav,0
D:\VSCodeRepository\SceneZone-ANC\data\synth_noise\cls_0\1637.wav,0
D:\VSCodeRepository\SceneZone-ANC\data\synth_noise\cls_0\1638.wav,0
D:\VSCodeRepository\SceneZone-ANC\data\synth_noise\cls_0\1639.wav,0
D:\VSCodeRepository\SceneZone-ANC\data\synth_noise\cls_0\1640.wav,0
D:\VSCodeRepository\SceneZone-ANC\data\synth_noise\cls_0\1641.wav,0
D:\VSCodeRepository\SceneZone-ANC\data\synth_noise\cls_0\1642.wav,0
D:\VSCodeRepository\SceneZone-ANC\data\synth_noise\cls_0\1643.wav,0
D:\VSCodeRepository\SceneZone-ANC\data\synth_noise\cls_0\1644.wav,0
D:\VSCodeRepository\SceneZone-ANC\data\synth_noise\cls_0\1645.wav,0
D:\VSCodeRepository\SceneZone-ANC\data\synth_noise\cls_0\1646.wav,0
D:\VSCodeRepository\SceneZone-ANC\data\synth_noise\cls_0\1647.wav,0
D:\VSCodeRepository\SceneZone-ANC\data\synth_noise\cls_0\1648.wav,0
D:\VSCodeRepository\SceneZone-ANC\data\synth_noise\cls_0\1649.wav,0
D:\VSCodeRepository\SceneZone-ANC\data\synth_noise\cls_0\1650.wav,0
D:\VSCodeRepository\SceneZone-ANC\data\synth_noise\cls_0\1651.wav,0
D:\VSCodeRepository\SceneZone-ANC\data\synth_noise\cls_0\1652.wav,0
D:\VSCodeRepository\SceneZone-ANC\data\synth_noise\cls_0\1653.wav,0
D:\VSCodeRepository\SceneZone-ANC\data\synth_noise\cls_0\1654.wav,0
D:\VSCodeRepository\SceneZone-ANC\data\synth_noise\cls_0\1655.wav,0
D:\VSCodeRepository\SceneZone-ANC\data\synth_noise\cls_0\1656.wav,0
D:\VSCodeRepository\SceneZone-ANC\data\synth_noise\cls_0\1657.wav,0
D:\VSCodeRepository\SceneZone-ANC\data\synth_noise\cls_0\1658.wav,0
D:\VSCodeRepository\SceneZone-ANC\data\synth_noise\cls_0\1659.wav,0
D:\VSCodeRepository\SceneZone-ANC\data\synth_noise\cls_0\1660.wav,0
D:\VSCodeRepository\SceneZone-ANC\data\synth_noise\cls_0\1661.wav,0
D:\VSCodeRepository\SceneZone-ANC\data\synth_noise\cls_0\1662.wav,0
D:\VSCodeRepository\SceneZone-ANC\data\synth_noise\cls_0\1663.wav,0
D:\VSCodeRepository\SceneZone-ANC\data\synth_noise\cls_0\1664.wav,0
D:\VSCodeRepository\SceneZone-ANC\data\synth_noise\cls_0\1665.wav,0
D:\VSCodeRepository\SceneZone-ANC\data\synth_noise\cls_0\1666.wav,0
D:\VSCodeRepository\SceneZone-ANC\data\synth_noise\cls_0\1667.wav,0
D:\VSCodeRepository\SceneZone-ANC\data\synth_noise\cls_0\1668.wav,0
D:\VSCodeRepository\SceneZone-ANC\data\synth_noise\cls_0\1669.wav,0
D:\VSCodeRepository\SceneZone-ANC\data\synth_noise\cls_0\1670.wav,0
D:\VSCodeRepository\SceneZone-ANC\data\synth_noise\cls_0\1671.wav,0
D:\VSCodeRepository\SceneZone-ANC\data\synth_noise\cls_0\1672.wav,0
D:\VSCodeRepository\SceneZone-ANC\data\synth_noise\cls_0\1673.wav,0
D:\VSCodeRepository\SceneZone-ANC\data\synth_noise\cls_0\1674.wav,0
D:\VSCodeRepository\SceneZone-ANC\data\synth_noise\cls_0\1675.wav,0
D:\VSCodeRepository\SceneZone-ANC\data\synth_noise\cls_0\1676.wav,0
D:\VSCodeRepository\SceneZone-ANC\data\synth_noise\cls_0\1677.wav,0
D:\VSCodeRepository\SceneZone-ANC\data\synth_noise\cls_0\1678.wav,0
D:\VSCodeRepository\SceneZone-ANC\data\synth_noise\cls_0\1679.wav,0
D:\VSCodeRepository\SceneZone-ANC\data\synth_noise\cls_0\1680.wav,0
D:\VSCodeRepository\SceneZone-ANC\data\synth_noise\cls_0\1681.wav,0
D:\VSCodeRepository\SceneZone-ANC\data\synth_noise\cls_0\1682.wav,0
D:\VSCodeRepository\SceneZone-ANC\data\synth_noise\cls_0\1683.wav,0
D:\VSCodeRepository\SceneZone-ANC\data\synth_noise\cls_0\1684.wav,0
D:\VSCodeRepository\SceneZone-ANC\data\synth_noise\cls_0\1685.wav,0
D:\VSCodeRepository\SceneZone-ANC\data\synth_noise\cls_0\1686.wav,0
D:\VSCodeRepository\SceneZone-ANC\data\synth_noise\cls_0\1687.wav,0
D:\VSCodeRepository\SceneZone-ANC\data\synth_noise\cls_0\1688.wav,0
D:\VSCodeRepository\SceneZone-ANC\data\synth_noise\cls_0\1689.wav,0
D:\VSCodeRepository\SceneZone-ANC\data\synth_noise\cls_0\1690.wav,0
D:\VSCodeRepository\SceneZone-ANC\data\synth_noise\cls_0\1691.wav,0
D:\VSCodeRepository\SceneZone-ANC\data\synth_noise\cls_0\1692.wav,0
D:\VSCodeRepository\SceneZone-ANC\data\synth_noise\cls_0\1693.wav,0
D:\VSCodeRepository\SceneZone-ANC\data\synth_noise\cls_0\1694.wav,0
D:\VSCodeRepository\SceneZone-ANC\data\synth_noise\cls_0\1695.wav,0
D:\VSCodeRepository\SceneZone-ANC\data\synth_noise\cls_0\1696.wav,0
D:\VSCodeRepository\SceneZone-ANC\data\synth_noise\cls_0\1697.wav,0
D:\VSCodeRepository\SceneZone-ANC\data\synth_noise\cls_0\1698.wav,0
D:\VSCodeRepository\SceneZone-ANC\data\synth_noise\cls_0\1699.wav,0
D:\VSCodeRepository\SceneZone-ANC\data\synth_noise\cls_0\1700.wav,0
D:\VSCodeRepository\SceneZone-ANC\data\synth_noise\cls_0\1701.wav,0
D:\VSCodeRepository\SceneZone-ANC\data\synth_noise\cls_0\1702.wav,0
D:\VSCodeRepository\SceneZone-ANC\data\synth_noise\cls_0\1703.wav,0
D:\VSCodeRepository\SceneZone-ANC\data\synth_noise\cls_0\1704.wav,0
D:\VSCodeRepository\SceneZone-ANC\data\synth_noise\cls_0\1705.wav,0
D:\VSCodeRepository\SceneZone-ANC\data\synth_noise\cls_0\1706.wav,0
D:\VSCodeRepository\SceneZone-ANC\data\synth_noise\cls_0\1707.wav,0
D:\VSCodeRepository\SceneZone-ANC\data\synth_noise\cls_0\1708.wav,0
D:\VSCodeRepository\SceneZone-ANC\data\synth_noise\cls_0\1709.wav,0
D:\VSCodeRepository\SceneZone-ANC\data\synth_noise\cls_0\1710.wav,0
D:\VSCodeRepository\SceneZone-ANC\data\synth_noise\cls_0\1711.wav,0
D:\VSCodeRepository\SceneZone-ANC\data\synth_noise\cls_0\1712.wav,0
D:\VSCodeRepository\SceneZone-ANC\data\synth_noise\cls_0\1713.wav,0
D:\VSCodeRepository\SceneZone-ANC\data\synth_noise\cls_0\1714.wav,0
D:\VSCodeRepository\SceneZone-ANC\data\synth_noise\cls_0\1715.wav,0
D:\VSCodeRepository\SceneZone-ANC\data\synth_noise\cls_0\1716.wav,0
D:\VSCodeRepository\SceneZone-ANC\data\synth_noise\cls_0\1717.wav,0
D:\VSCodeRepository\SceneZone-ANC\data\synth_noise\cls_0\1718.wav,0
D:\VSCodeRepository\SceneZone-ANC\data\synth_noise\cls_0\1719.wav,0
D:\VSCodeRepository\SceneZone-ANC\data\synth_noise\cls_0\1720.wav,0
D:\VSCodeRepository\SceneZone-ANC\data\synth_noise\cls_0\1721.wav,0
D:\VSCodeRepository\SceneZone-ANC\data\synth_noise\cls_0\1722.wav,0
D:\VSCodeRepository\SceneZone-ANC\data\synth_noise\cls_0\1723.wav,0
D:\VSCodeRepository\SceneZone-ANC\data\synth_noise\cls_0\1724.wav,0
D:\VSCodeRepository\SceneZone-ANC\data\synth_noise\cls_0\1725.wav,0
D:\VSCodeRepository\SceneZone-ANC\data\synth_noise\cls_0\1726.wav,0
D:\VSCodeRepository\SceneZone-ANC\data\synth_noise\cls_0\1727.wav,0
D:\VSCodeRepository\SceneZone-ANC\data\synth_noise\cls_0\1728.wav,0
D:\VSCodeRepository\SceneZone-ANC\data\synth_noise\cls_0\1729.wav,0
D:\VSCodeRepository\SceneZone-ANC\data\synth_noise\cls_0\1730.wav,0
D:\VSCodeRepository\SceneZone-ANC\data\synth_noise\cls_0\1731.wav,0
D:\VSCodeRepository\SceneZone-ANC\data\synth_noise\cls_0\1732.wav,0
D:\VSCodeRepository\SceneZone-ANC\data\synth_noise\cls_0\1733.wav,0
D:\VSCodeRepository\SceneZone-ANC\data\synth_noise\cls_0\1734.wav,0
D:\VSCodeRepository\SceneZone-ANC\data\synth_noise\cls_0\1735.wav,0
D:\VSCodeRepository\SceneZone-ANC\data\synth_noise\cls_0\1736.wav,0
D:\VSCodeRepository\SceneZone-ANC\data\synth_noise\cls_0\1737.wav,0
D:\VSCodeRepository\SceneZone-ANC\data\synth_noise\cls_0\1738.wav,0
D:\VSCodeRepository\SceneZone-ANC\data\synth_noise\cls_0\1739.wav,0
D:\VSCodeRepository\SceneZone-ANC\data\synth_noise\cls_0\1740.wav,0
D:\VSCodeRepository\SceneZone-ANC\data\synth_noise\cls_0\1741.wav,0
D:\VSCodeRepository\SceneZone-ANC\data\synth_noise\cls_0\1742.wav,0
D:\VSCodeRepository\SceneZone-ANC\data\synth_noise\cls_0\1743.wav,0
D:\VSCodeRepository\SceneZone-ANC\data\synth_noise\cls_0\1744.wav,0
D:\VSCodeRepository\SceneZone-ANC\data\synth_noise\cls_0\1745.wav,0
D:\VSCodeRepository\SceneZone-ANC\data\synth_noise\cls_0\1746.wav,0
D:\VSCodeRepository\SceneZone-ANC\data\synth_noise\cls_0\1747.wav,0
D:\VSCodeRepository\SceneZone-ANC\data\synth_noise\cls_0\1748.wav,0
D:\VSCodeRepository\SceneZone-ANC\data\synth_noise\cls_0\1749.wav,0
D:\VSCodeRepository\SceneZone-ANC\data\synth_noise\cls_0\1750.wav,0
D:\VSCodeRepository\SceneZone-ANC\data\synth_noise\cls_0\1751.wav,0
D:\VSCodeRepository\SceneZone-ANC\data\synth_noise\cls_0\1752.wav,0
D:\VSCodeRepository\SceneZone-ANC\data\synth_noise\cls_0\1753.wav,0
D:\VSCodeRepository\SceneZone-ANC\data\synth_noise\cls_0\1754.wav,0
D:\VSCodeRepository\SceneZone-ANC\data\synth_noise\cls_0\1755.wav,0
D:\VSCodeRepository\SceneZone-ANC\data\synth_noise\cls_0\1756.wav,0
D:\VSCodeRepository\SceneZone-ANC\data\synth_noise\cls_0\1757.wav,0
D:\VSCodeRepository\SceneZone-ANC\data\synth_noise\cls_0\1758.wav,0
D:\VSCodeRepository\SceneZone-ANC\data\synth_noise\cls_0\1759.wav,0
D:\VSCodeRepository\SceneZone-ANC\data\synth_noise\cls_0\1760.wav,0
D:\VSCodeRepository\SceneZone-ANC\data\synth_noise\cls_0\1761.wav,0
D:\VSCodeRepository\SceneZone-ANC\data\synth_noise\cls_0\1762.wav,0
D:\VSCodeRepository\SceneZone-ANC\data\synth_noise\cls_0\1763.wav,0
D:\VSCodeRepository\SceneZone-ANC\data\synth_noise\cls_0\1764.wav,0
D:\VSCodeRepository\SceneZone-ANC\data\synth_noise\cls_0\1765.wav,0
D:\VSCodeRepository\SceneZone-ANC\data\synth_noise\cls_0\1766.wav,0
D:\VSCodeRepository\SceneZone-ANC\data\synth_noise\cls_0\1767.wav,0
D:\VSCodeRepository\SceneZone-ANC\data\synth_noise\cls_0\1768.wav,0
D:\VSCodeRepository\SceneZone-ANC\data\synth_noise\cls_0\1769.wav,0
D:\VSCodeRepository\SceneZone-ANC\data\synth_noise\cls_0\1770.wav,0
D:\VSCodeRepository\SceneZone-ANC\data\synth_noise\cls_0\1771.wav,0
D:\VSCodeRepository\SceneZone-ANC\data\synth_noise\cls_0\1772.wav,0
D:\VSCodeRepository\SceneZone-ANC\data\synth_noise\cls_0\1773.wav,0
D:\VSCodeRepository\SceneZone-ANC\data\synth_noise\cls_0\1774.wav,0
D:\VSCodeRepository\SceneZone-ANC\data\synth_noise\cls_0\1775.wav,0
D:\VSCodeRepository\SceneZone-ANC\data\synth_noise\cls_0\1776.wav,0
D:\VSCodeRepository\SceneZone-ANC\data\synth_noise\cls_0\1777.wav,0
D:\VSCodeRepository\SceneZone-ANC\data\synth_noise\cls_0\1778.wav,0
D:\VSCodeRepository\SceneZone-ANC\data\synth_noise\cls_0\1779.wav,0
D:\VSCodeRepository\SceneZone-ANC\data\synth_noise\cls_0\1780.wav,0
D:\VSCodeRepository\SceneZone-ANC\data\synth_noise\cls_0\1781.wav,0
D:\VSCodeRepository\SceneZone-ANC\data\synth_noise\cls_0\1782.wav,0
D:\VSCodeRepository\SceneZone-ANC\data\synth_noise\cls_0\1783.wav,0
D:\VSCodeRepository\SceneZone-ANC\data\synth_noise\cls_0\1784.wav,0
D:\VSCodeRepository\SceneZone-ANC\data\synth_noise\cls_0\1785.wav,0
D:\VSCodeRepository\SceneZone-ANC\data\synth_noise\cls_0\1786.wav,0
D:\VSCodeRepository\SceneZone-ANC\data\synth_noise\cls_0\1787.wav,0
D:\VSCodeRepository\SceneZone-ANC\data\synth_noise\cls_0\1788.wav,0
D:\VSCodeRepository\SceneZone-ANC\data\synth_noise\cls_0\1789.wav,0
D:\VSCodeRepository\SceneZone-ANC\data\synth_noise\cls_0\1790.wav,0
D:\VSCodeRepository\SceneZone-ANC\data\synth_noise\cls_0\1791.wav,0
D:\VSCodeRepository\SceneZone-ANC\data\synth_noise\cls_0\1792.wav,0
D:\VSCodeRepository\SceneZone-ANC\data\synth_noise\cls_0\1793.wav,0
D:\VSCodeRepository\SceneZone-ANC\data\synth_noise\cls_0\1794.wav,0
D:\VSCodeRepository\SceneZone-ANC\data\synth_noise\cls_0\1795.wav,0
D:\VSCodeRepository\SceneZone-ANC\data\synth_noise\cls_0\1796.wav,0
D:\VSCodeRepository\SceneZone-ANC\data\synth_noise\cls_0\1797.wav,0
D:\VSCodeRepository\SceneZone-ANC\data\synth_noise\cls_0\1798.wav,0
D:\VSCodeRepository\SceneZone-ANC\data\synth_noise\cls_0\1799.wav,0
D:\VSCodeRepository\SceneZone-ANC\data\synth_noise\cls_0\1800.wav,0
D:\VSCodeRepository\SceneZone-ANC\data\synth_noise\cls_0\1801.wav,0
D:\VSCodeRepository\SceneZone-ANC\data\synth_noise\cls_0\1802.wav,0
D:\VSCodeRepository\SceneZone-ANC\data\synth_noise\cls_0\1803.wav,0
D:\VSCodeRepository\SceneZone-ANC\data\synth_noise\cls_0\1804.wav,0
D:\VSCodeRepository\SceneZone-ANC\data\synth_noise\cls_0\1805.wav,0
D:\VSCodeRepository\SceneZone-ANC\data\synth_noise\cls_0\1806.wav,0
D:\VSCodeRepository\SceneZone-ANC\data\synth_noise\cls_0\1807.wav,0
D:\VSCodeRepository\SceneZone-ANC\data\synth_noise\cls_0\1808.wav,0
D:\VSCodeRepository\SceneZone-ANC\data\synth_noise\cls_0\1809.wav,0
D:\VSCodeRepository\SceneZone-ANC\data\synth_noise\cls_0\1810.wav,0
D:\VSCodeRepository\SceneZone-ANC\data\synth_noise\cls_0\1811.wav,0
D:\VSCodeRepository\SceneZone-ANC\data\synth_noise\cls_0\1812.wav,0
D:\VSCodeRepository\SceneZone-ANC\data\synth_noise\cls_0\1813.wav,0
D:\VSCodeRepository\SceneZone-ANC\data\synth_noise\cls_0\1814.wav,0
D:\VSCodeRepository\SceneZone-ANC\data\synth_noise\cls_0\1815.wav,0
D:\VSCodeRepository\SceneZone-ANC\data\synth_noise\cls_0\1816.wav,0
D:\VSCodeRepository\SceneZone-ANC\data\synth_noise\cls_0\1817.wav,0
D:\VSCodeRepository\SceneZone-ANC\data\synth_noise\cls_0\1818.wav,0
D:\VSCodeRepository\SceneZone-ANC\data\synth_noise\cls_0\1819.wav,0
D:\VSCodeRepository\SceneZone-ANC\data\synth_noise\cls_0\1820.wav,0
D:\VSCodeRepository\SceneZone-ANC\data\synth_noise\cls_0\1821.wav,0
D:\VSCodeRepository\SceneZone-ANC\data\synth_noise\cls_0\1822.wav,0
D:\VSCodeRepository\SceneZone-ANC\data\synth_noise\cls_0\1823.wav,0
D:\VSCodeRepository\SceneZone-ANC\data\synth_noise\cls_0\1824.wav,0
D:\VSCodeRepository\SceneZone-ANC\data\synth_noise\cls_0\1825.wav,0
D:\VSCodeRepository\SceneZone-ANC\data\synth_noise\cls_0\1826.wav,0
D:\VSCodeRepository\SceneZone-ANC\data\synth_noise\cls_0\1827.wav,0
D:\VSCodeRepository\SceneZone-ANC\data\synth_noise\cls_0\1828.wav,0
D:\VSCodeRepository\SceneZone-ANC\data\synth_noise\cls_0\1829.wav,0
D:\VSCodeRepository\SceneZone-ANC\data\synth_noise\cls_0\1830.wav,0
D:\VSCodeRepository\SceneZone-ANC\data\synth_noise\cls_0\1831.wav,0
D:\VSCodeRepository\SceneZone-ANC\data\synth_noise\cls_0\1832.wav,0
D:\VSCodeRepository\SceneZone-ANC\data\synth_noise\cls_0\1833.wav,0
D:\VSCodeRepository\SceneZone-ANC\data\synth_noise\cls_0\1834.wav,0
D:\VSCodeRepository\SceneZone-ANC\data\synth_noise\cls_0\1835.wav,0
D:\VSCodeRepository\SceneZone-ANC\data\synth_noise\cls_0\1836.wav,0
D:\VSCodeRepository\SceneZone-ANC\data\synth_noise\cls_0\1837.wav,0
D:\VSCodeRepository\SceneZone-ANC\data\synth_noise\cls_0\1838.wav,0
D:\VSCodeRepository\SceneZone-ANC\data\synth_noise\cls_0\1839.wav,0
D:\VSCodeRepository\SceneZone-ANC\data\synth_noise\cls_0\1840.wav,0
D:\VSCodeRepository\SceneZone-ANC\data\synth_noise\cls_0\1841.wav,0
D:\VSCodeRepository\SceneZone-ANC\data\synth_noise\cls_0\1842.wav,0
D:\VSCodeRepository\SceneZone-ANC\data\synth_noise\cls_0\1843.wav,0
D:\VSCodeRepository\SceneZone-ANC\data\synth_noise\cls_0\1844.wav,0
D:\VSCodeRepository\SceneZone-ANC\data\synth_noise\cls_0\1845.wav,0
D:\VSCodeRepository\SceneZone-ANC\data\synth_noise\cls_0\1846.wav,0
D:\VSCodeRepository\SceneZone-ANC\data\synth_noise\cls_0\1847.wav,0
D:\VSCodeRepository\SceneZone-ANC\data\synth_noise\cls_0\1848.wav,0
D:\VSCodeRepository\SceneZone-ANC\data\synth_noise\cls_0\1849.wav,0
D:\VSCodeRepository\SceneZone-ANC\data\synth_noise\cls_0\1850.wav,0
D:\VSCodeRepository\SceneZone-ANC\data\synth_noise\cls_0\1851.wav,0
D:\VSCodeRepository\SceneZone-ANC\data\synth_noise\cls_0\1852.wav,0
D:\VSCodeRepository\SceneZone-ANC\data\synth_noise\cls_0\1853.wav,0
D:\VSCodeRepository\SceneZone-ANC\data\synth_noise\cls_0\1854.wav,0
D:\VSCodeRepository\SceneZone-ANC\data\synth_noise\cls_0\1855.wav,0
D:\VSCodeRepository\SceneZone-ANC\data\synth_noise\cls_0\1856.wav,0
D:\VSCodeRepository\SceneZone-ANC\data\synth_noise\cls_0\1857.wav,0
D:\VSCodeRepository\SceneZone-ANC\data\synth_noise\cls_0\1858.wav,0
D:\VSCodeRepository\SceneZone-ANC\data\synth_noise\cls_0\1859.wav,0
D:\VSCodeRepository\SceneZone-ANC\data\synth_noise\cls_0\1860.wav,0
D:\VSCodeRepository\SceneZone-ANC\data\synth_noise\cls_0\1861.wav,0
D:\VSCodeRepository\SceneZone-ANC\data\synth_noise\cls_0\1862.wav,0
D:\VSCodeRepository\SceneZone-ANC\data\synth_noise\cls_0\1863.wav,0
D:\VSCodeRepository\SceneZone-ANC\data\synth_noise\cls_0\1864.wav,0
D:\VSCodeRepository\SceneZone-ANC\data\synth_noise\cls_0\1865.wav,0
D:\VSCodeRepository\SceneZone-ANC\data\synth_noise\cls_0\1866.wav,0
D:\VSCodeRepository\SceneZone-ANC\data\synth_noise\cls_0\1867.wav,0
D:\VSCodeRepository\SceneZone-ANC\data\synth_noise\cls_0\1868.wav,0
D:\VSCodeRepository\SceneZone-ANC\data\synth_noise\cls_0\1869.wav,0
D:\VSCodeRepository\SceneZone-ANC\data\synth_noise\cls_0\1870.wav,0
D:\VSCodeRepository\SceneZone-ANC\data\synth_noise\cls_0\1871.wav,0
D:\VSCodeRepository\SceneZone-ANC\data\synth_noise\cls_0\1872.wav,0
D:\VSCodeRepository\SceneZone-ANC\data\synth_noise\cls_0\1873.wav,0
D:\VSCodeRepository\SceneZone-ANC\data\synth_noise\cls_0\1874.wav,0
D:\VSCodeRepository\SceneZone-ANC\data\synth_noise\cls_0\1875.wav,0
D:\VSCodeRepository\SceneZone-ANC\data\synth_noise\cls_0\1876.wav,0
D:\VSCodeRepository\SceneZone-ANC\data\synth_noise\cls_0\1877.wav,0
D:\VSCodeRepository\SceneZone-ANC\data\synth_noise\cls_0\1878.wav,0
D:\VSCodeRepository\SceneZone-ANC\data\synth_noise\cls_0\1879.wav,0
D:\VSCodeRepository\SceneZone-ANC\data\synth_noise\cls_0\1880.wav,0
D:\VSCodeRepository\SceneZone-ANC\data\synth_noise\cls_0\1881.wav,0
D:\VSCodeRepository\SceneZone-ANC\data\synth_noise\cls_0\1882.wav,0
D:\VSCodeRepository\SceneZone-ANC\data\synth_noise\cls_0\1883.wav,0
D:\VSCodeRepository\SceneZone-ANC\data\synth_noise\cls_0\1884.wav,0
D:\VSCodeRepository\SceneZone-ANC\data\synth_noise\cls_0\1885.wav,0
D:\VSCodeRepository\SceneZone-ANC\data\synth_noise\cls_0\1886.wav,0
D:\VSCodeRepository\SceneZone-ANC\data\synth_noise\cls_0\1887.wav,0
D:\VSCodeRepository\SceneZone-ANC\data\synth_noise\cls_0\1888.wav,0
D:\VSCodeRepository\SceneZone-ANC\data\synth_noise\cls_0\1889.wav,0
D:\VSCodeRepository\SceneZone-ANC\data\synth_noise\cls_0\1890.wav,0
D:\VSCodeRepository\SceneZone-ANC\data\synth_noise\cls_0\1891.wav,0
D:\VSCodeRepository\SceneZone-ANC\data\synth_noise\cls_0\1892.wav,0
D:\VSCodeRepository\SceneZone-ANC\data\synth_noise\cls_0\1893.wav,0
D:\VSCodeRepository\SceneZone-ANC\data\synth_noise\cls_0\1894.wav,0
D:\VSCodeRepository\SceneZone-ANC\data\synth_noise\cls_0\1895.wav,0
D:\VSCodeRepository\SceneZone-ANC\data\synth_noise\cls_0\1896.wav,0
D:\VSCodeRepository\SceneZone-ANC\data\synth_noise\cls_0\1897.wav,0
D:\VSCodeRepository\SceneZone-ANC\data\synth_noise\cls_0\1898.wav,0
D:\VSCodeRepository\SceneZone-ANC\data\synth_noise\cls_0\1899.wav,0
D:\VSCodeRepository\SceneZone-ANC\data\synth_noise\cls_0\1900.wav,0
D:\VSCodeRepository\SceneZone-ANC\data\synth_noise\cls_0\1901.wav,0
D:\VSCodeRepository\SceneZone-ANC\data\synth_noise\cls_0\1902.wav,0
D:\VSCodeRepository\SceneZone-ANC\data\synth_noise\cls_0\1903.wav,0
D:\VSCodeRepository\SceneZone-ANC\data\synth_noise\cls_0\1904.wav,0
D:\VSCodeRepository\SceneZone-ANC\data\synth_noise\cls_0\1905.wav,0
D:\VSCodeRepository\SceneZone-ANC\data\synth_noise\cls_0\1906.wav,0
D:\VSCodeRepository\SceneZone-ANC\data\synth_noise\cls_0\1907.wav,0
D:\VSCodeRepository\SceneZone-ANC\data\synth_noise\cls_0\1908.wav,0
D:\VSCodeRepository\SceneZone-ANC\data\synth_noise\cls_0\1909.wav,0
D:\VSCodeRepository\SceneZone-ANC\data\synth_noise\cls_0\1910.wav,0
D:\VSCodeRepository\SceneZone-ANC\data\synth_noise\cls_0\1911.wav,0
D:\VSCodeRepository\SceneZone-ANC\data\synth_noise\cls_0\1912.wav,0
D:\VSCodeRepository\SceneZone-ANC\data\synth_noise\cls_0\1913.wav,0
D:\VSCodeRepository\SceneZone-ANC\data\synth_noise\cls_0\1914.wav,0
D:\VSCodeRepository\SceneZone-ANC\data\synth_noise\cls_0\1915.wav,0
D:\VSCodeRepository\SceneZone-ANC\data\synth_noise\cls_0\1916.wav,0
D:\VSCodeRepository\SceneZone-ANC\data\synth_noise\cls_0\1917.wav,0
D:\VSCodeRepository\SceneZone-ANC\data\synth_noise\cls_0\1918.wav,0
D:\VSCodeRepository\SceneZone-ANC\data\synth_noise\cls_0\1919.wav,0
D:\VSCodeRepository\SceneZone-ANC\data\synth_noise\cls_0\1920.wav,0
D:\VSCodeRepository\SceneZone-ANC\data\synth_noise\cls_0\1921.wav,0
D:\VSCodeRepository\SceneZone-ANC\data\synth_noise\cls_0\1922.wav,0
D:\VSCodeRepository\SceneZone-ANC\data\synth_noise\cls_0\1923.wav,0
D:\VSCodeRepository\SceneZone-ANC\data\synth_noise\cls_0\1924.wav,0
D:\VSCodeRepository\SceneZone-ANC\data\synth_noise\cls_0\1925.wav,0
D:\VSCodeRepository\SceneZone-ANC\data\synth_noise\cls_0\1926.wav,0
D:\VSCodeRepository\SceneZone-ANC\data\synth_noise\cls_0\1927.wav,0
D:\VSCodeRepository\SceneZone-ANC\data\synth_noise\cls_0\1928.wav,0
D:\VSCodeRepository\SceneZone-ANC\data\synth_noise\cls_0\1929.wav,0
D:\VSCodeRepository\SceneZone-ANC\data\synth_noise\cls_0\1930.wav,0
D:\VSCodeRepository\SceneZone-ANC\data\synth_noise\cls_0\1931.wav,0
D:\VSCodeRepository\SceneZone-ANC\data\synth_noise\cls_0\1932.wav,0
D:\VSCodeRepository\SceneZone-ANC\data\synth_noise\cls_0\1933.wav,0
D:\VSCodeRepository\SceneZone-ANC\data\synth_noise\cls_0\1934.wav,0
D:\VSCodeRepository\SceneZone-ANC\data\synth_noise\cls_0\1935.wav,0
D:\VSCodeRepository\SceneZone-ANC\data\synth_noise\cls_0\1936.wav,0
D:\VSCodeRepository\SceneZone-ANC\data\synth_noise\cls_0\1937.wav,0
D:\VSCodeRepository\SceneZone-ANC\data\synth_noise\cls_0\1938.wav,0
D:\VSCodeRepository\SceneZone-ANC\data\synth_noise\cls_0\1939.wav,0
D:\VSCodeRepository\SceneZone-ANC\data\synth_noise\cls_0\1940.wav,0
D:\VSCodeRepository\SceneZone-ANC\data\synth_noise\cls_0\1941.wav,0
D:\VSCodeRepository\SceneZone-ANC\data\synth_noise\cls_0\1942.wav,0
D:\VSCodeRepository\SceneZone-ANC\data\synth_noise\cls_0\1943.wav,0
D:\VSCodeRepository\SceneZone-ANC\data\synth_noise\cls_0\1944.wav,0
D:\VSCodeRepository\SceneZone-ANC\data\synth_noise\cls_0\1945.wav,0
D:\VSCodeRepository\SceneZone-ANC\data\synth_noise\cls_0\1946.wav,0
D:\VSCodeRepository\SceneZone-ANC\data\synth_noise\cls_0\1947.wav,0
D:\VSCodeRepository\SceneZone-ANC\data\synth_noise\cls_0\1948.wav,0
D:\VSCodeRepository\SceneZone-ANC\data\synth_noise\cls_0\1949.wav,0
D:\VSCodeRepository\SceneZone-ANC\data\synth_noise\cls_0\1950.wav,0
D:\VSCodeRepository\SceneZone-ANC\data\synth_noise\cls_0\1951.wav,0
D:\VSCodeRepository\SceneZone-ANC\data\synth_noise\cls_0\1952.wav,0
D:\VSCodeRepository\SceneZone-ANC\data\synth_noise\cls_0\1953.wav,0
D:\VSCodeRepository\SceneZone-ANC\data\synth_noise\cls_0\1954.wav,0
D:\VSCodeRepository\SceneZone-ANC\data\synth_noise\cls_0\1955.wav,0
D:\VSCodeRepository\SceneZone-ANC\data\synth_noise\cls_0\1956.wav,0
D:\VSCodeRepository\SceneZone-ANC\data\synth_noise\cls_0\1957.wav,0
D:\VSCodeRepository\SceneZone-ANC\data\synth_noise\cls_0\1958.wav,0
D:\VSCodeRepository\SceneZone-ANC\data\synth_noise\cls_0\1959.wav,0
D:\VSCodeRepository\SceneZone-ANC\data\synth_noise\cls_0\1960.wav,0
D:\VSCodeRepository\SceneZone-ANC\data\synth_noise\cls_0\1961.wav,0
D:\VSCodeRepository\SceneZone-ANC\data\synth_noise\cls_0\1962.wav,0
D:\VSCodeRepository\SceneZone-ANC\data\synth_noise\cls_0\1963.wav,0
D:\VSCodeRepository\SceneZone-ANC\data\synth_noise\cls_0\1964.wav,0
D:\VSCodeRepository\SceneZone-ANC\data\synth_noise\cls_0\1965.wav,0
D:\VSCodeRepository\SceneZone-ANC\data\synth_noise\cls_0\1966.wav,0
D:\VSCodeRepository\SceneZone-ANC\data\synth_noise\cls_0\1967.wav,0
D:\VSCodeRepository\SceneZone-ANC\data\synth_noise\cls_0\1968.wav,0
D:\VSCodeRepository\SceneZone-ANC\data\synth_noise\cls_0\1969.wav,0
D:\VSCodeRepository\SceneZone-ANC\data\synth_noise\cls_0\1970.wav,0
D:\VSCodeRepository\SceneZone-ANC\data\synth_noise\cls_0\1971.wav,0
D:\VSCodeRepository\SceneZone-ANC\data\synth_noise\cls_0\1972.wav,0
D:\VSCodeRepository\SceneZone-ANC\data\synth_noise\cls_0\1973.wav,0
D:\VSCodeRepository\SceneZone-ANC\data\synth_noise\cls_0\1974.wav,0
D:\VSCodeRepository\SceneZone-ANC\data\synth_noise\cls_0\1975.wav,0
D:\VSCodeRepository\SceneZone-ANC\data\synth_noise\cls_0\1976.wav,0
D:\VSCodeRepository\SceneZone-ANC\data\synth_noise\cls_0\1977.wav,0
D:\VSCodeRepository\SceneZone-ANC\data\synth_noise\cls_0\1978.wav,0
D:\VSCodeRepository\SceneZone-ANC\data\synth_noise\cls_0\1979.wav,0
D:\VSCodeRepository\SceneZone-ANC\data\synth_noise\cls_0\1980.wav,0
D:\VSCodeRepository\SceneZone-ANC\data\synth_noise\cls_0\1981.wav,0
D:\VSCodeRepository\SceneZone-ANC\data\synth_noise\cls_0\1982.wav,0
D:\VSCodeRepository\SceneZone-ANC\data\synth_noise\cls_0\1983.wav,0
D:\VSCodeRepository\SceneZone-ANC\data\synth_noise\cls_0\1984.wav,0
D:\VSCodeRepository\SceneZone-ANC\data\synth_noise\cls_0\1985.wav,0
D:\VSCodeRepository\SceneZone-ANC\data\synth_noise\cls_0\1986.wav,0
D:\VSCodeRepository\SceneZone-ANC\data\synth_noise\cls_0\1987.wav,0
D:\VSCodeRepository\SceneZone-ANC\data\synth_noise\cls_0\1988.wav,0
D:\VSCodeRepository\SceneZone-ANC\data\synth_noise\cls_0\1989.wav,0
D:\VSCodeRepository\SceneZone-ANC\data\synth_noise\cls_0\1990.wav,0
D:\VSCodeRepository\SceneZone-ANC\data\synth_noise\cls_0\1991.wav,0
D:\VSCodeRepository\SceneZone-ANC\data\synth_noise\cls_0\1992.wav,0
D:\VSCodeRepository\SceneZone-ANC\data\synth_noise\cls_0\1993.wav,0
D:\VSCodeRepository\SceneZone-ANC\data\synth_noise\cls_0\1994.wav,0
D:\VSCodeRepository\SceneZone-ANC\data\synth_noise\cls_0\1995.wav,0
D:\VSCodeRepository\SceneZone-ANC\data\synth_noise\cls_0\1996.wav,0
D:\VSCodeRepository\SceneZone-ANC\data\synth_noise\cls_0\1997.wav,0
D:\VSCodeRepository\SceneZone-ANC\data\synth_noise\cls_0\1998.wav,0
D:\VSCodeRepository\SceneZone-ANC\data\synth_noise\cls_0\1999.wav,0
D:\VSCodeRepository\SceneZone-ANC\data\synth_noise\cls_1\0300.wav,1
D:\VSCodeRepository\SceneZone-ANC\data\synth_noise\cls_1\0301.wav,1
D:\VSCodeRepository\SceneZone-ANC\data\synth_noise\cls_1\0302.wav,1
D:\VSCodeRepository\SceneZone-ANC\data\synth_noise\cls_1\0303.wav,1
D:\VSCodeRepository\SceneZone-ANC\data\synth_noise\cls_1\0304.wav,1
D:\VSCodeRepository\SceneZone-ANC\data\synth_noise\cls_1\0305.wav,1
D:\VSCodeRepository\SceneZone-ANC\data\synth_noise\cls_1\0306.wav,1
D:\VSCodeRepository\SceneZone-ANC\data\synth_noise\cls_1\0307.wav,1
D:\VSCodeRepository\SceneZone-ANC\data\synth_noise\cls_1\0308.wav,1
D:\VSCodeRepository\SceneZone-ANC\data\synth_noise\cls_1\0309.wav,1
D:\VSCodeRepository\SceneZone-ANC\data\synth_noise\cls_1\0310.wav,1
D:\VSCodeRepository\SceneZone-ANC\data\synth_noise\cls_1\0311.wav,1
D:\VSCodeRepository\SceneZone-ANC\data\synth_noise\cls_1\0312.wav,1
D:\VSCodeRepository\SceneZone-ANC\data\synth_noise\cls_1\0313.wav,1
D:\VSCodeRepository\SceneZone-ANC\data\synth_noise\cls_1\0314.wav,1
D:\VSCodeRepository\SceneZone-ANC\data\synth_noise\cls_1\0315.wav,1
D:\VSCodeRepository\SceneZone-ANC\data\synth_noise\cls_1\0316.wav,1
D:\VSCodeRepository\SceneZone-ANC\data\synth_noise\cls_1\0317.wav,1
D:\VSCodeRepository\SceneZone-ANC\data\synth_noise\cls_1\0318.wav,1
D:\VSCodeRepository\SceneZone-ANC\data\synth_noise\cls_1\0319.wav,1
D:\VSCodeRepository\SceneZone-ANC\data\synth_noise\cls_1\0320.wav,1
D:\VSCodeRepository\SceneZone-ANC\data\synth_noise\cls_1\0321.wav,1
D:\VSCodeRepository\SceneZone-ANC\data\synth_noise\cls_1\0322.wav,1
D:\VSCodeRepository\SceneZone-ANC\data\synth_noise\cls_1\0323.wav,1
D:\VSCodeRepository\SceneZone-ANC\data\synth_noise\cls_1\0324.wav,1
D:\VSCodeRepository\SceneZone-ANC\data\synth_noise\cls_1\0325.wav,1
D:\VSCodeRepository\SceneZone-ANC\data\synth_noise\cls_1\0326.wav,1
D:\VSCodeRepository\SceneZone-ANC\data\synth_noise\cls_1\0327.wav,1
D:\VSCodeRepository\SceneZone-ANC\data\synth_noise\cls_1\0328.wav,1
D:\VSCodeRepository\SceneZone-ANC\data\synth_noise\cls_1\0329.wav,1
D:\VSCodeRepository\SceneZone-ANC\data\synth_noise\cls_1\0330.wav,1
D:\VSCodeRepository\SceneZone-ANC\data\synth_noise\cls_1\0331.wav,1
D:\VSCodeRepository\SceneZone-ANC\data\synth_noise\cls_1\0332.wav,1
D:\VSCodeRepository\SceneZone-ANC\data\synth_noise\cls_1\0333.wav,1
D:\VSCodeRepository\SceneZone-ANC\data\synth_noise\cls_1\0334.wav,1
D:\VSCodeRepository\SceneZone-ANC\data\synth_noise\cls_1\0335.wav,1
D:\VSCodeRepository\SceneZone-ANC\data\synth_noise\cls_1\0336.wav,1
D:\VSCodeRepository\SceneZone-ANC\data\synth_noise\cls_1\0337.wav,1
D:\VSCodeRepository\SceneZone-ANC\data\synth_noise\cls_1\0338.wav,1
D:\VSCodeRepository\SceneZone-ANC\data\synth_noise\cls_1\0339.wav,1
D:\VSCodeRepository\SceneZone-ANC\data\synth_noise\cls_1\0340.wav,1
D:\VSCodeRepository\SceneZone-ANC\data\synth_noise\cls_1\0341.wav,1
D:\VSCodeRepository\SceneZone-ANC\data\synth_noise\cls_1\0342.wav,1
D:\VSCodeRepository\SceneZone-ANC\data\synth_noise\cls_1\0343.wav,1
D:\VSCodeRepository\SceneZone-ANC\data\synth_noise\cls_1\0344.wav,1
D:\VSCodeRepository\SceneZone-ANC\data\synth_noise\cls_1\0345.wav,1
D:\VSCodeRepository\SceneZone-ANC\data\synth_noise\cls_1\0346.wav,1
D:\VSCodeRepository\SceneZone-ANC\data\synth_noise\cls_1\0347.wav,1
D:\VSCodeRepository\SceneZone-ANC\data\synth_noise\cls_1\0348.wav,1
D:\VSCodeRepository\SceneZone-ANC\data\synth_noise\cls_1\0349.wav,1
D:\VSCodeRepository\SceneZone-ANC\data\synth_noise\cls_1\0350.wav,1
D:\VSCodeRepository\SceneZone-ANC\data\synth_noise\cls_1\0351.wav,1
D:\VSCodeRepository\SceneZone-ANC\data\synth_noise\cls_1\0352.wav,1
D:\VSCodeRepository\SceneZone-ANC\data\synth_noise\cls_1\0353.wav,1
D:\VSCodeRepository\SceneZone-ANC\data\synth_noise\cls_1\0354.wav,1
D:\VSCodeRepository\SceneZone-ANC\data\synth_noise\cls_1\0355.wav,1
D:\VSCodeRepository\SceneZone-ANC\data\synth_noise\cls_1\0356.wav,1
D:\VSCodeRepository\SceneZone-ANC\data\synth_noise\cls_1\0357.wav,1
D:\VSCodeRepository\SceneZone-ANC\data\synth_noise\cls_1\0358.wav,1
D:\VSCodeRepository\SceneZone-ANC\data\synth_noise\cls_1\0359.wav,1
D:\VSCodeRepository\SceneZone-ANC\data\synth_noise\cls_1\0360.wav,1
D:\VSCodeRepository\SceneZone-ANC\data\synth_noise\cls_1\0361.wav,1
D:\VSCodeRepository\SceneZone-ANC\data\synth_noise\cls_1\0362.wav,1
D:\VSCodeRepository\SceneZone-ANC\data\synth_noise\cls_1\0363.wav,1
D:\VSCodeRepository\SceneZone-ANC\data\synth_noise\cls_1\0364.wav,1
D:\VSCodeRepository\SceneZone-ANC\data\synth_noise\cls_1\0365.wav,1
D:\VSCodeRepository\SceneZone-ANC\data\synth_noise\cls_1\0366.wav,1
D:\VSCodeRepository\SceneZone-ANC\data\synth_noise\cls_1\0367.wav,1
D:\VSCodeRepository\SceneZone-ANC\data\synth_noise\cls_1\0368.wav,1
D:\VSCodeRepository\SceneZone-ANC\data\synth_noise\cls_1\0369.wav,1
D:\VSCodeRepository\SceneZone-ANC\data\synth_noise\cls_1\0370.wav,1
D:\VSCodeRepository\SceneZone-ANC\data\synth_noise\cls_1\0371.wav,1
D:\VSCodeRepository\SceneZone-ANC\data\synth_noise\cls_1\0372.wav,1
D:\VSCodeRepository\SceneZone-ANC\data\synth_noise\cls_1\0373.wav,1
D:\VSCodeRepository\SceneZone-ANC\data\synth_noise\cls_1\0374.wav,1
D:\VSCodeRepository\SceneZone-ANC\data\synth_noise\cls_1\0375.wav,1
D:\VSCodeRepository\SceneZone-ANC\data\synth_noise\cls_1\0376.wav,1
D:\VSCodeRepository\SceneZone-ANC\data\synth_noise\cls_1\0377.wav,1
D:\VSCodeRepository\SceneZone-ANC\data\synth_noise\cls_1\0378.wav,1
D:\VSCodeRepository\SceneZone-ANC\data\synth_noise\cls_1\0379.wav,1
D:\VSCodeRepository\SceneZone-ANC\data\synth_noise\cls_1\0380.wav,1
D:\VSCodeRepository\SceneZone-ANC\data\synth_noise\cls_1\0381.wav,1
D:\VSCodeRepository\SceneZone-ANC\data\synth_noise\cls_1\0382.wav,1
D:\VSCodeRepository\SceneZone-ANC\data\synth_noise\cls_1\0383.wav,1
D:\VSCodeRepository\SceneZone-ANC\data\synth_noise\cls_1\0384.wav,1
D:\VSCodeRepository\SceneZone-ANC\data\synth_noise\cls_1\0385.wav,1
D:\VSCodeRepository\SceneZone-ANC\data\synth_noise\cls_1\0386.wav,1
D:\VSCodeRepository\SceneZone-ANC\data\synth_noise\cls_1\0387.wav,1
D:\VSCodeRepository\SceneZone-ANC\data\synth_noise\cls_1\0388.wav,1
D:\VSCodeRepository\SceneZone-ANC\data\synth_noise\cls_1\0389.wav,1
D:\VSCodeRepository\SceneZone-ANC\data\synth_noise\cls_1\0390.wav,1
D:\VSCodeRepository\SceneZone-ANC\data\synth_noise\cls_1\0391.wav,1
D:\VSCodeRepository\SceneZone-ANC\data\synth_noise\cls_1\0392.wav,1
D:\VSCodeRepository\SceneZone-ANC\data\synth_noise\cls_1\0393.wav,1
D:\VSCodeRepository\SceneZone-ANC\data\synth_noise\cls_1\0394.wav,1
D:\VSCodeRepository\SceneZone-ANC\data\synth_noise\cls_1\0395.wav,1
D:\VSCodeRepository\SceneZone-ANC\data\synth_noise\cls_1\0396.wav,1
D:\VSCodeRepository\SceneZone-ANC\data\synth_noise\cls_1\0397.wav,1
D:\VSCodeRepository\SceneZone-ANC\data\synth_noise\cls_1\0398.wav,1
D:\VSCodeRepository\SceneZone-ANC\data\synth_noise\cls_1\0399.wav,1
D:\VSCodeRepository\SceneZone-ANC\data\synth_noise\cls_1\0400.wav,1
D:\VSCodeRepository\SceneZone-ANC\data\synth_noise\cls_1\0401.wav,1
D:\VSCodeRepository\SceneZone-ANC\data\synth_noise\cls_1\0402.wav,1
D:\VSCodeRepository\SceneZone-ANC\data\synth_noise\cls_1\0403.wav,1
D:\VSCodeRepository\SceneZone-ANC\data\synth_noise\cls_1\0404.wav,1
D:\VSCodeRepository\SceneZone-ANC\data\synth_noise\cls_1\0405.wav,1
D:\VSCodeRepository\SceneZone-ANC\data\synth_noise\cls_1\0406.wav,1
D:\VSCodeRepository\SceneZone-ANC\data\synth_noise\cls_1\0407.wav,1
D:\VSCodeRepository\SceneZone-ANC\data\synth_noise\cls_1\0408.wav,1
D:\VSCodeRepository\SceneZone-ANC\data\synth_noise\cls_1\0409.wav,1
D:\VSCodeRepository\SceneZone-ANC\data\synth_noise\cls_1\0410.wav,1
D:\VSCodeRepository\SceneZone-ANC\data\synth_noise\cls_1\0411.wav,1
D:\VSCodeRepository\SceneZone-ANC\data\synth_noise\cls_1\0412.wav,1
D:\VSCodeRepository\SceneZone-ANC\data\synth_noise\cls_1\0413.wav,1
D:\VSCodeRepository\SceneZone-ANC\data\synth_noise\cls_1\0414.wav,1
D:\VSCodeRepository\SceneZone-ANC\data\synth_noise\cls_1\0415.wav,1
D:\VSCodeRepository\SceneZone-ANC\data\synth_noise\cls_1\0416.wav,1
D:\VSCodeRepository\SceneZone-ANC\data\synth_noise\cls_1\0417.wav,1
D:\VSCodeRepository\SceneZone-ANC\data\synth_noise\cls_1\0418.wav,1
D:\VSCodeRepository\SceneZone-ANC\data\synth_noise\cls_1\0419.wav,1
D:\VSCodeRepository\SceneZone-ANC\data\synth_noise\cls_1\0420.wav,1
D:\VSCodeRepository\SceneZone-ANC\data\synth_noise\cls_1\0421.wav,1
D:\VSCodeRepository\SceneZone-ANC\data\synth_noise\cls_1\0422.wav,1
D:\VSCodeRepository\SceneZone-ANC\data\synth_noise\cls_1\0423.wav,1
D:\VSCodeRepository\SceneZone-ANC\data\synth_noise\cls_1\0424.wav,1
D:\VSCodeRepository\SceneZone-ANC\data\synth_noise\cls_1\0425.wav,1
D:\VSCodeRepository\SceneZone-ANC\data\synth_noise\cls_1\0426.wav,1
D:\VSCodeRepository\SceneZone-ANC\data\synth_noise\cls_1\0427.wav,1
D:\VSCodeRepository\SceneZone-ANC\data\synth_noise\cls_1\0428.wav,1
D:\VSCodeRepository\SceneZone-ANC\data\synth_noise\cls_1\0429.wav,1
D:\VSCodeRepository\SceneZone-ANC\data\synth_noise\cls_1\0430.wav,1
D:\VSCodeRepository\SceneZone-ANC\data\synth_noise\cls_1\0431.wav,1
D:\VSCodeRepository\SceneZone-ANC\data\synth_noise\cls_1\0432.wav,1
D:\VSCodeRepository\SceneZone-ANC\data\synth_noise\cls_1\0433.wav,1
D:\VSCodeRepository\SceneZone-ANC\data\synth_noise\cls_1\0434.wav,1
D:\VSCodeRepository\SceneZone-ANC\data\synth_noise\cls_1\0435.wav,1
D:\VSCodeRepository\SceneZone-ANC\data\synth_noise\cls_1\0436.wav,1
D:\VSCodeRepository\SceneZone-ANC\data\synth_noise\cls_1\0437.wav,1
D:\VSCodeRepository\SceneZone-ANC\data\synth_noise\cls_1\0438.wav,1
D:\VSCodeRepository\SceneZone-ANC\data\synth_noise\cls_1\0439.wav,1
D:\VSCodeRepository\SceneZone-ANC\data\synth_noise\cls_1\0440.wav,1
D:\VSCodeRepository\SceneZone-ANC\data\synth_noise\cls_1\0441.wav,1
D:\VSCodeRepository\SceneZone-ANC\data\synth_noise\cls_1\0442.wav,1
D:\VSCodeRepository\SceneZone-ANC\data\synth_noise\cls_1\0443.wav,1
D:\VSCodeRepository\SceneZone-ANC\data\synth_noise\cls_1\0444.wav,1
D:\VSCodeRepository\SceneZone-ANC\data\synth_noise\cls_1\0445.wav,1
D:\VSCodeRepository\SceneZone-ANC\data\synth_noise\cls_1\0446.wav,1
D:\VSCodeRepository\SceneZone-ANC\data\synth_noise\cls_1\0447.wav,1
D:\VSCodeRepository\SceneZone-ANC\data\synth_noise\cls_1\0448.wav,1
D:\VSCodeRepository\SceneZone-ANC\data\synth_noise\cls_1\0449.wav,1
D:\VSCodeRepository\SceneZone-ANC\data\synth_noise\cls_1\0450.wav,1
D:\VSCodeRepository\SceneZone-ANC\data\synth_noise\cls_1\0451.wav,1
D:\VSCodeRepository\SceneZone-ANC\data\synth_noise\cls_1\0452.wav,1
D:\VSCodeRepository\SceneZone-ANC\data\synth_noise\cls_1\0453.wav,1
D:\VSCodeRepository\SceneZone-ANC\data\synth_noise\cls_1\0454.wav,1
D:\VSCodeRepository\SceneZone-ANC\data\synth_noise\cls_1\0455.wav,1
D:\VSCodeRepository\SceneZone-ANC\data\synth_noise\cls_1\0456.wav,1
D:\VSCodeRepository\SceneZone-ANC\data\synth_noise\cls_1\0457.wav,1
D:\VSCodeRepository\SceneZone-ANC\data\synth_noise\cls_1\0458.wav,1
D:\VSCodeRepository\SceneZone-ANC\data\synth_noise\cls_1\0459.wav,1
D:\VSCodeRepository\SceneZone-ANC\data\synth_noise\cls_1\0460.wav,1
D:\VSCodeRepository\SceneZone-ANC\data\synth_noise\cls_1\0461.wav,1
D:\VSCodeRepository\SceneZone-ANC\data\synth_noise\cls_1\0462.wav,1
D:\VSCodeRepository\SceneZone-ANC\data\synth_noise\cls_1\0463.wav,1
D:\VSCodeRepository\SceneZone-ANC\data\synth_noise\cls_1\0464.wav,1
D:\VSCodeRepository\SceneZone-ANC\data\synth_noise\cls_1\0465.wav,1
D:\VSCodeRepository\SceneZone-ANC\data\synth_noise\cls_1\0466.wav,1
D:\VSCodeRepository\SceneZone-ANC\data\synth_noise\cls_1\0467.wav,1
D:\VSCodeRepository\SceneZone-ANC\data\synth_noise\cls_1\0468.wav,1
D:\VSCodeRepository\SceneZone-ANC\data\synth_noise\cls_1\0469.wav,1
D:\VSCodeRepository\SceneZone-ANC\data\synth_noise\cls_1\0470.wav,1
D:\VSCodeRepository\SceneZone-ANC\data\synth_noise\cls_1\0471.wav,1
D:\VSCodeRepository\SceneZone-ANC\data\synth_noise\cls_1\0472.wav,1
D:\VSCodeRepository\SceneZone-ANC\data\synth_noise\cls_1\0473.wav,1
D:\VSCodeRepository\SceneZone-ANC\data\synth_noise\cls_1\0474.wav,1
D:\VSCodeRepository\SceneZone-ANC\data\synth_noise\cls_1\0475.wav,1
D:\VSCodeRepository\SceneZone-ANC\data\synth_noise\cls_1\0476.wav,1
D:\VSCodeRepository\SceneZone-ANC\data\synth_noise\cls_1\0477.wav,1
D:\VSCodeRepository\SceneZone-ANC\data\synth_noise\cls_1\0478.wav,1
D:\VSCodeRepository\SceneZone-ANC\data\synth_noise\cls_1\0479.wav,1
D:\VSCodeRepository\SceneZone-ANC\data\synth_noise\cls_1\0480.wav,1
D:\VSCodeRepository\SceneZone-ANC\data\synth_noise\cls_1\0481.wav,1
D:\VSCodeRepository\SceneZone-ANC\data\synth_noise\cls_1\0482.wav,1
D:\VSCodeRepository\SceneZone-ANC\data\synth_noise\cls_1\0483.wav,1
D:\VSCodeRepository\SceneZone-ANC\data\synth_noise\cls_1\0484.wav,1
D:\VSCodeRepository\SceneZone-ANC\data\synth_noise\cls_1\0485.wav,1
D:\VSCodeRepository\SceneZone-ANC\data\synth_noise\cls_1\0486.wav,1
D:\VSCodeRepository\SceneZone-ANC\data\synth_noise\cls_1\0487.wav,1
D:\VSCodeRepository\SceneZone-ANC\data\synth_noise\cls_1\0488.wav,1
D:\VSCodeRepository\SceneZone-ANC\data\synth_noise\cls_1\0489.wav,1
D:\VSCodeRepository\SceneZone-ANC\data\synth_noise\cls_1\0490.wav,1
D:\VSCodeRepository\SceneZone-ANC\data\synth_noise\cls_1\0491.wav,1
D:\VSCodeRepository\SceneZone-ANC\data\synth_noise\cls_1\0492.wav,1
D:\VSCodeRepository\SceneZone-ANC\data\synth_noise\cls_1\0493.wav,1
D:\VSCodeRepository\SceneZone-ANC\data\synth_noise\cls_1\0494.wav,1
D:\VSCodeRepository\SceneZone-ANC\data\synth_noise\cls_1\0495.wav,1
D:\VSCodeRepository\SceneZone-ANC\data\synth_noise\cls_1\0496.wav,1
D:\VSCodeRepository\SceneZone-ANC\data\synth_noise\cls_1\0497.wav,1
D:\VSCodeRepository\SceneZone-ANC\data\synth_noise\cls_1\0498.wav,1
D:\VSCodeRepository\SceneZone-ANC\data\synth_noise\cls_1\0499.wav,1
D:\VSCodeRepository\SceneZone-ANC\data\synth_noise\cls_1\0500.wav,1
D:\VSCodeRepository\SceneZone-ANC\data\synth_noise\cls_1\0501.wav,1
D:\VSCodeRepository\SceneZone-ANC\data\synth_noise\cls_1\0502.wav,1
D:\VSCodeRepository\SceneZone-ANC\data\synth_noise\cls_1\0503.wav,1
D:\VSCodeRepository\SceneZone-ANC\data\synth_noise\cls_1\0504.wav,1
D:\VSCodeRepository\SceneZone-ANC\data\synth_noise\cls_1\0505.wav,1
D:\VSCodeRepository\SceneZone-ANC\data\synth_noise\cls_1\0506.wav,1
D:\VSCodeRepository\SceneZone-ANC\data\synth_noise\cls_1\0507.wav,1
D:\VSCodeRepository\SceneZone-ANC\data\synth_noise\cls_1\0508.wav,1
D:\VSCodeRepository\SceneZone-ANC\data\synth_noise\cls_1\0509.wav,1
D:\VSCodeRepository\SceneZone-ANC\data\synth_noise\cls_1\0510.wav,1
D:\VSCodeRepository\SceneZone-ANC\data\synth_noise\cls_1\0511.wav,1
D:\VSCodeRepository\SceneZone-ANC\data\synth_noise\cls_1\0512.wav,1
D:\VSCodeRepository\SceneZone-ANC\data\synth_noise\cls_1\0513.wav,1
D:\VSCodeRepository\SceneZone-ANC\data\synth_noise\cls_1\0514.wav,1
D:\VSCodeRepository\SceneZone-ANC\data\synth_noise\cls_1\0515.wav,1
D:\VSCodeRepository\SceneZone-ANC\data\synth_noise\cls_1\0516.wav,1
D:\VSCodeRepository\SceneZone-ANC\data\synth_noise\cls_1\0517.wav,1
D:\VSCodeRepository\SceneZone-ANC\data\synth_noise\cls_1\0518.wav,1
D:\VSCodeRepository\SceneZone-ANC\data\synth_noise\cls_1\0519.wav,1
D:\VSCodeRepository\SceneZone-ANC\data\synth_noise\cls_1\0520.wav,1
D:\VSCodeRepository\SceneZone-ANC\data\synth_noise\cls_1\0521.wav,1
D:\VSCodeRepository\SceneZone-ANC\data\synth_noise\cls_1\0522.wav,1
D:\VSCodeRepository\SceneZone-ANC\data\synth_noise\cls_1\0523.wav,1
D:\VSCodeRepository\SceneZone-ANC\data\synth_noise\cls_1\0524.wav,1
D:\VSCodeRepository\SceneZone-ANC\data\synth_noise\cls_1\0525.wav,1
D:\VSCodeRepository\SceneZone-ANC\data\synth_noise\cls_1\0526.wav,1
D:\VSCodeRepository\SceneZone-ANC\data\synth_noise\cls_1\0527.wav,1
D:\VSCodeRepository\SceneZone-ANC\data\synth_noise\cls_1\0528.wav,1
D:\VSCodeRepository\SceneZone-ANC\data\synth_noise\cls_1\0529.wav,1
D:\VSCodeRepository\SceneZone-ANC\data\synth_noise\cls_1\0530.wav,1
D:\VSCodeRepository\SceneZone-ANC\data\synth_noise\cls_1\0531.wav,1
D:\VSCodeRepository\SceneZone-ANC\data\synth_noise\cls_1\0532.wav,1
D:\VSCodeRepository\SceneZone-ANC\data\synth_noise\cls_1\0533.wav,1
D:\VSCodeRepository\SceneZone-ANC\data\synth_noise\cls_1\0534.wav,1
D:\VSCodeRepository\SceneZone-ANC\data\synth_noise\cls_1\0535.wav,1
D:\VSCodeRepository\SceneZone-ANC\data\synth_noise\cls_1\0536.wav,1
D:\VSCodeRepository\SceneZone-ANC\data\synth_noise\cls_1\0537.wav,1
D:\VSCodeRepository\SceneZone-ANC\data\synth_noise\cls_1\0538.wav,1
D:\VSCodeRepository\SceneZone-ANC\data\synth_noise\cls_1\0539.wav,1
D:\VSCodeRepository\SceneZone-ANC\data\synth_noise\cls_1\0540.wav,1
D:\VSCodeRepository\SceneZone-ANC\data\synth_noise\cls_1\0541.wav,1
D:\VSCodeRepository\SceneZone-ANC\data\synth_noise\cls_1\0542.wav,1
D:\VSCodeRepository\SceneZone-ANC\data\synth_noise\cls_1\0543.wav,1
D:\VSCodeRepository\SceneZone-ANC\data\synth_noise\cls_1\0544.wav,1
D:\VSCodeRepository\SceneZone-ANC\data\synth_noise\cls_1\0545.wav,1
D:\VSCodeRepository\SceneZone-ANC\data\synth_noise\cls_1\0546.wav,1
D:\VSCodeRepository\SceneZone-ANC\data\synth_noise\cls_1\0547.wav,1
D:\VSCodeRepository\SceneZone-ANC\data\synth_noise\cls_1\0548.wav,1
D:\VSCodeRepository\SceneZone-ANC\data\synth_noise\cls_1\0549.wav,1
D:\VSCodeRepository\SceneZone-ANC\data\synth_noise\cls_1\0550.wav,1
D:\VSCodeRepository\SceneZone-ANC\data\synth_noise\cls_1\0551.wav,1
D:\VSCodeRepository\SceneZone-ANC\data\synth_noise\cls_1\0552.wav,1
D:\VSCodeRepository\SceneZone-ANC\data\synth_noise\cls_1\0553.wav,1
D:\VSCodeRepository\SceneZone-ANC\data\synth_noise\cls_1\0554.wav,1
D:\VSCodeRepository\SceneZone-ANC\data\synth_noise\cls_1\0555.wav,1
D:\VSCodeRepository\SceneZone-ANC\data\synth_noise\cls_1\0556.wav,1
D:\VSCodeRepository\SceneZone-ANC\data\synth_noise\cls_1\0557.wav,1
D:\VSCodeRepository\SceneZone-ANC\data\synth_noise\cls_1\0558.wav,1
D:\VSCodeRepository\SceneZone-ANC\data\synth_noise\cls_1\0559.wav,1
D:\VSCodeRepository\SceneZone-ANC\data\synth_noise\cls_1\0560.wav,1
D:\VSCodeRepository\SceneZone-ANC\data\synth_noise\cls_1\0561.wav,1
D:\VSCodeRepository\SceneZone-ANC\data\synth_noise\cls_1\0562.wav,1
D:\VSCodeRepository\SceneZone-ANC\data\synth_noise\cls_1\0563.wav,1
D:\VSCodeRepository\SceneZone-ANC\data\synth_noise\cls_1\0564.wav,1
D:\VSCodeRepository\SceneZone-ANC\data\synth_noise\cls_1\0565.wav,1
D:\VSCodeRepository\SceneZone-ANC\data\synth_noise\cls_1\0566.wav,1
D:\VSCodeRepository\SceneZone-ANC\data\synth_noise\cls_1\0567.wav,1
D:\VSCodeRepository\SceneZone-ANC\data\synth_noise\cls_1\0568.wav,1
D:\VSCodeRepository\SceneZone-ANC\data\synth_noise\cls_1\0569.wav,1
D:\VSCodeRepository\SceneZone-ANC\data\synth_noise\cls_1\0570.wav,1
D:\VSCodeRepository\SceneZone-ANC\data\synth_noise\cls_1\0571.wav,1
D:\VSCodeRepository\SceneZone-ANC\data\synth_noise\cls_1\0572.wav,1
D:\VSCodeRepository\SceneZone-ANC\data\synth_noise\cls_1\0573.wav,1
D:\VSCodeRepository\SceneZone-ANC\data\synth_noise\cls_1\0574.wav,1
D:\VSCodeRepository\SceneZone-ANC\data\synth_noise\cls_1\0575.wav,1
D:\VSCodeRepository\SceneZone-ANC\data\synth_noise\cls_1\0576.wav,1
D:\VSCodeRepository\SceneZone-ANC\data\synth_noise\cls_1\0577.wav,1
D:\VSCodeRepository\SceneZone-ANC\data\synth_noise\cls_1\0578.wav,1
D:\VSCodeRepository\SceneZone-ANC\data\synth_noise\cls_1\0579.wav,1
D:\VSCodeRepository\SceneZone-ANC\data\synth_noise\cls_1\0580.wav,1
D:\VSCodeRepository\SceneZone-ANC\data\synth_noise\cls_1\0581.wav,1
D:\VSCodeRepository\SceneZone-ANC\data\synth_noise\cls_1\0582.wav,1
D:\VSCodeRepository\SceneZone-ANC\data\synth_noise\cls_1\0583.wav,1
D:\VSCodeRepository\SceneZone-ANC\data\synth_noise\cls_1\0584.wav,1
D:\VSCodeRepository\SceneZone-ANC\data\synth_noise\cls_1\0585.wav,1
D:\VSCodeRepository\SceneZone-ANC\data\synth_noise\cls_1\0586.wav,1
D:\VSCodeRepository\SceneZone-ANC\data\synth_noise\cls_1\0587.wav,1
D:\VSCodeRepository\SceneZone-ANC\data\synth_noise\cls_1\0588.wav,1
D:\VSCodeRepository\SceneZone-ANC\data\synth_noise\cls_1\0589.wav,1
D:\VSCodeRepository\SceneZone-ANC\data\synth_noise\cls_1\0590.wav,1
D:\VSCodeRepository\SceneZone-ANC\data\synth_noise\cls_1\0591.wav,1
D:\VSCodeRepository\SceneZone-ANC\data\synth_noise\cls_1\0592.wav,1
D:\VSCodeRepository\SceneZone-ANC\data\synth_noise\cls_1\0593.wav,1
D:\VSCodeRepository\SceneZone-ANC\data\synth_noise\cls_1\0594.wav,1
D:\VSCodeRepository\SceneZone-ANC\data\synth_noise\cls_1\0595.wav,1
D:\VSCodeRepository\SceneZone-ANC\data\synth_noise\cls_1\0596.wav,1
D:\VSCodeRepository\SceneZone-ANC\data\synth_noise\cls_1\0597.wav,1
D:\VSCodeRepository\SceneZone-ANC\data\synth_noise\cls_1\0598.wav,1
D:\VSCodeRepository\SceneZone-ANC\data\synth_noise\cls_1\0599.wav,1
D:\VSCodeRepository\SceneZone-ANC\data\synth_noise\cls_1\0600.wav,1
D:\VSCodeRepository\SceneZone-ANC\data\synth_noise\cls_1\0601.wav,1
D:\VSCodeRepository\SceneZone-ANC\data\synth_noise\cls_1\0602.wav,1
D:\VSCodeRepository\SceneZone-ANC\data\synth_noise\cls_1\0603.wav,1
D:\VSCodeRepository\SceneZone-ANC\data\synth_noise\cls_1\0604.wav,1
D:\VSCodeRepository\SceneZone-ANC\data\synth_noise\cls_1\0605.wav,1
D:\VSCodeRepository\SceneZone-ANC\data\synth_noise\cls_1\0606.wav,1
D:\VSCodeRepository\SceneZone-ANC\data\synth_noise\cls_1\0607.wav,1
D:\VSCodeRepository\SceneZone-ANC\data\synth_noise\cls_1\0608.wav,1
D:\VSCodeRepository\SceneZone-ANC\data\synth_noise\cls_1\0609.wav,1
D:\VSCodeRepository\SceneZone-ANC\data\synth_noise\cls_1\0610.wav,1
D:\VSCodeRepository\SceneZone-ANC\data\synth_noise\cls_1\0611.wav,1
D:\VSCodeRepository\SceneZone-ANC\data\synth_noise\cls_1\0612.wav,1
D:\VSCodeRepository\SceneZone-ANC\data\synth_noise\cls_1\0613.wav,1
D:\VSCodeRepository\SceneZone-ANC\data\synth_noise\cls_1\0614.wav,1
D:\VSCodeRepository\SceneZone-ANC\data\synth_noise\cls_1\0615.wav,1
D:\VSCodeRepository\SceneZone-ANC\data\synth_noise\cls_1\0616.wav,1
D:\VSCodeRepository\SceneZone-ANC\data\synth_noise\cls_1\0617.wav,1
D:\VSCodeRepository\SceneZone-ANC\data\synth_noise\cls_1\0618.wav,1
D:\VSCodeRepository\SceneZone-ANC\data\synth_noise\cls_1\0619.wav,1
D:\VSCodeRepository\SceneZone-ANC\data\synth_noise\cls_1\0620.wav,1
D:\VSCodeRepository\SceneZone-ANC\data\synth_noise\cls_1\0621.wav,1
D:\VSCodeRepository\SceneZone-ANC\data\synth_noise\cls_1\0622.wav,1
D:\VSCodeRepository\SceneZone-ANC\data\synth_noise\cls_1\0623.wav,1
D:\VSCodeRepository\SceneZone-ANC\data\synth_noise\cls_1\0624.wav,1
D:\VSCodeRepository\SceneZone-ANC\data\synth_noise\cls_1\0625.wav,1
D:\VSCodeRepository\SceneZone-ANC\data\synth_noise\cls_1\0626.wav,1
D:\VSCodeRepository\SceneZone-ANC\data\synth_noise\cls_1\0627.wav,1
D:\VSCodeRepository\SceneZone-ANC\data\synth_noise\cls_1\0628.wav,1
D:\VSCodeRepository\SceneZone-ANC\data\synth_noise\cls_1\0629.wav,1
D:\VSCodeRepository\SceneZone-ANC\data\synth_noise\cls_1\0630.wav,1
D:\VSCodeRepository\SceneZone-ANC\data\synth_noise\cls_1\0631.wav,1
D:\VSCodeRepository\SceneZone-ANC\data\synth_noise\cls_1\0632.wav,1
D:\VSCodeRepository\SceneZone-ANC\data\synth_noise\cls_1\0633.wav,1
D:\VSCodeRepository\SceneZone-ANC\data\synth_noise\cls_1\0634.wav,1
D:\VSCodeRepository\SceneZone-ANC\data\synth_noise\cls_1\0635.wav,1
D:\VSCodeRepository\SceneZone-ANC\data\synth_noise\cls_1\0636.wav,1
D:\VSCodeRepository\SceneZone-ANC\data\synth_noise\cls_1\0637.wav,1
D:\VSCodeRepository\SceneZone-ANC\data\synth_noise\cls_1\0638.wav,1
D:\VSCodeRepository\SceneZone-ANC\data\synth_noise\cls_1\0639.wav,1
D:\VSCodeRepository\SceneZone-ANC\data\synth_noise\cls_1\0640.wav,1
D:\VSCodeRepository\SceneZone-ANC\data\synth_noise\cls_1\0641.wav,1
D:\VSCodeRepository\SceneZone-ANC\data\synth_noise\cls_1\0642.wav,1
D:\VSCodeRepository\SceneZone-ANC\data\synth_noise\cls_1\0643.wav,1
D:\VSCodeRepository\SceneZone-ANC\data\synth_noise\cls_1\0644.wav,1
D:\VSCodeRepository\SceneZone-ANC\data\synth_noise\cls_1\0645.wav,1
D:\VSCodeRepository\SceneZone-ANC\data\synth_noise\cls_1\0646.wav,1
D:\VSCodeRepository\SceneZone-ANC\data\synth_noise\cls_1\0647.wav,1
D:\VSCodeRepository\SceneZone-ANC\data\synth_noise\cls_1\0648.wav,1
D:\VSCodeRepository\SceneZone-ANC\data\synth_noise\cls_1\0649.wav,1
D:\VSCodeRepository\SceneZone-ANC\data\synth_noise\cls_1\0650.wav,1
D:\VSCodeRepository\SceneZone-ANC\data\synth_noise\cls_1\0651.wav,1
D:\VSCodeRepository\SceneZone-ANC\data\synth_noise\cls_1\0652.wav,1
D:\VSCodeRepository\SceneZone-ANC\data\synth_noise\cls_1\0653.wav,1
D:\VSCodeRepository\SceneZone-ANC\data\synth_noise\cls_1\0654.wav,1
D:\VSCodeRepository\SceneZone-ANC\data\synth_noise\cls_1\0655.wav,1
D:\VSCodeRepository\SceneZone-ANC\data\synth_noise\cls_1\0656.wav,1
D:\VSCodeRepository\SceneZone-ANC\data\synth_noise\cls_1\0657.wav,1
D:\VSCodeRepository\SceneZone-ANC\data\synth_noise\cls_1\0658.wav,1
D:\VSCodeRepository\SceneZone-ANC\data\synth_noise\cls_1\0659.wav,1
D:\VSCodeRepository\SceneZone-ANC\data\synth_noise\cls_1\0660.wav,1
D:\VSCodeRepository\SceneZone-ANC\data\synth_noise\cls_1\0661.wav,1
D:\VSCodeRepository\SceneZone-ANC\data\synth_noise\cls_1\0662.wav,1
D:\VSCodeRepository\SceneZone-ANC\data\synth_noise\cls_1\0663.wav,1
D:\VSCodeRepository\SceneZone-ANC\data\synth_noise\cls_1\0664.wav,1
D:\VSCodeRepository\SceneZone-ANC\data\synth_noise\cls_1\0665.wav,1
D:\VSCodeRepository\SceneZone-ANC\data\synth_noise\cls_1\0666.wav,1
D:\VSCodeRepository\SceneZone-ANC\data\synth_noise\cls_1\0667.wav,1
D:\VSCodeRepository\SceneZone-ANC\data\synth_noise\cls_1\0668.wav,1
D:\VSCodeRepository\SceneZone-ANC\data\synth_noise\cls_1\0669.wav,1
D:\VSCodeRepository\SceneZone-ANC\data\synth_noise\cls_1\0670.wav,1
D:\VSCodeRepository\SceneZone-ANC\data\synth_noise\cls_1\0671.wav,1
D:\VSCodeRepository\SceneZone-ANC\data\synth_noise\cls_1\0672.wav,1
D:\VSCodeRepository\SceneZone-ANC\data\synth_noise\cls_1\0673.wav,1
D:\VSCodeRepository\SceneZone-ANC\data\synth_noise\cls_1\0674.wav,1
D:\VSCodeRepository\SceneZone-ANC\data\synth_noise\cls_1\0675.wav,1
D:\VSCodeRepository\SceneZone-ANC\data\synth_noise\cls_1\0676.wav,1
D:\VSCodeRepository\SceneZone-ANC\data\synth_noise\cls_1\0677.wav,1
D:\VSCodeRepository\SceneZone-ANC\data\synth_noise\cls_1\0678.wav,1
D:\VSCodeRepository\SceneZone-ANC\data\synth_noise\cls_1\0679.wav,1
D:\VSCodeRepository\SceneZone-ANC\data\synth_noise\cls_1\0680.wav,1
D:\VSCodeRepository\SceneZone-ANC\data\synth_noise\cls_1\0681.wav,1
D:\VSCodeRepository\SceneZone-ANC\data\synth_noise\cls_1\0682.wav,1
D:\VSCodeRepository\SceneZone-ANC\data\synth_noise\cls_1\0683.wav,1
D:\VSCodeRepository\SceneZone-ANC\data\synth_noise\cls_1\0684.wav,1
D:\VSCodeRepository\SceneZone-ANC\data\synth_noise\cls_1\0685.wav,1
D:\VSCodeRepository\SceneZone-ANC\data\synth_noise\cls_1\0686.wav,1
D:\VSCodeRepository\SceneZone-ANC\data\synth_noise\cls_1\0687.wav,1
D:\VSCodeRepository\SceneZone-ANC\data\synth_noise\cls_1\0688.wav,1
D:\VSCodeRepository\SceneZone-ANC\data\synth_noise\cls_1\0689.wav,1
D:\VSCodeRepository\SceneZone-ANC\data\synth_noise\cls_1\0690.wav,1
D:\VSCodeRepository\SceneZone-ANC\data\synth_noise\cls_1\0691.wav,1
D:\VSCodeRepository\SceneZone-ANC\data\synth_noise\cls_1\0692.wav,1
D:\VSCodeRepository\SceneZone-ANC\data\synth_noise\cls_1\0693.wav,1
D:\VSCodeRepository\SceneZone-ANC\data\synth_noise\cls_1\0694.wav,1
D:\VSCodeRepository\SceneZone-ANC\data\synth_noise\cls_1\0695.wav,1
D:\VSCodeRepository\SceneZone-ANC\data\synth_noise\cls_1\0696.wav,1
D:\VSCodeRepository\SceneZone-ANC\data\synth_noise\cls_1\0697.wav,1
D:\VSCodeRepository\SceneZone-ANC\data\synth_noise\cls_1\0698.wav,1
D:\VSCodeRepository\SceneZone-ANC\data\synth_noise\cls_1\0699.wav,1
D:\VSCodeRepository\SceneZone-ANC\data\synth_noise\cls_1\0700.wav,1
D:\VSCodeRepository\SceneZone-ANC\data\synth_noise\cls_1\0701.wav,1
D:\VSCodeRepository\SceneZone-ANC\data\synth_noise\cls_1\0702.wav,1
D:\VSCodeRepository\SceneZone-ANC\data\synth_noise\cls_1\0703.wav,1
D:\VSCodeRepository\SceneZone-ANC\data\synth_noise\cls_1\0704.wav,1
D:\VSCodeRepository\SceneZone-ANC\data\synth_noise\cls_1\0705.wav,1
D:\VSCodeRepository\SceneZone-ANC\data\synth_noise\cls_1\0706.wav,1
D:\VSCodeRepository\SceneZone-ANC\data\synth_noise\cls_1\0707.wav,1
D:\VSCodeRepository\SceneZone-ANC\data\synth_noise\cls_1\0708.wav,1
D:\VSCodeRepository\SceneZone-ANC\data\synth_noise\cls_1\0709.wav,1
D:\VSCodeRepository\SceneZone-ANC\data\synth_noise\cls_1\0710.wav,1
D:\VSCodeRepository\SceneZone-ANC\data\synth_noise\cls_1\0711.wav,1
D:\VSCodeRepository\SceneZone-ANC\data\synth_noise\cls_1\0712.wav,1
D:\VSCodeRepository\SceneZone-ANC\data\synth_noise\cls_1\0713.wav,1
D:\VSCodeRepository\SceneZone-ANC\data\synth_noise\cls_1\0714.wav,1
D:\VSCodeRepository\SceneZone-ANC\data\synth_noise\cls_1\0715.wav,1
D:\VSCodeRepository\SceneZone-ANC\data\synth_noise\cls_1\0716.wav,1
D:\VSCodeRepository\SceneZone-ANC\data\synth_noise\cls_1\0717.wav,1
D:\VSCodeRepository\SceneZone-ANC\data\synth_noise\cls_1\0718.wav,1
D:\VSCodeRepository\SceneZone-ANC\data\synth_noise\cls_1\0719.wav,1
D:\VSCodeRepository\SceneZone-ANC\data\synth_noise\cls_1\0720.wav,1
D:\VSCodeRepository\SceneZone-ANC\data\synth_noise\cls_1\0721.wav,1
D:\VSCodeRepository\SceneZone-ANC\data\synth_noise\cls_1\0722.wav,1
D:\VSCodeRepository\SceneZone-ANC\data\synth_noise\cls_1\0723.wav,1
D:\VSCodeRepository\SceneZone-ANC\data\synth_noise\cls_1\0724.wav,1
D:\VSCodeRepository\SceneZone-ANC\data\synth_noise\cls_1\0725.wav,1
D:\VSCodeRepository\SceneZone-ANC\data\synth_noise\cls_1\0726.wav,1
D:\VSCodeRepository\SceneZone-ANC\data\synth_noise\cls_1\0727.wav,1
D:\VSCodeRepository\SceneZone-ANC\data\synth_noise\cls_1\0728.wav,1
D:\VSCodeRepository\SceneZone-ANC\data\synth_noise\cls_1\0729.wav,1
D:\VSCodeRepository\SceneZone-ANC\data\synth_noise\cls_1\0730.wav,1
D:\VSCodeRepository\SceneZone-ANC\data\synth_noise\cls_1\0731.wav,1
D:\VSCodeRepository\SceneZone-ANC\data\synth_noise\cls_1\0732.wav,1
D:\VSCodeRepository\SceneZone-ANC\data\synth_noise\cls_1\0733.wav,1
D:\VSCodeRepository\SceneZone-ANC\data\synth_noise\cls_1\0734.wav,1
D:\VSCodeRepository\SceneZone-ANC\data\synth_noise\cls_1\0735.wav,1
D:\VSCodeRepository\SceneZone-ANC\data\synth_noise\cls_1\0736.wav,1
D:\VSCodeRepository\SceneZone-ANC\data\synth_noise\cls_1\0737.wav,1
D:\VSCodeRepository\SceneZone-ANC\data\synth_noise\cls_1\0738.wav,1
D:\VSCodeRepository\SceneZone-ANC\data\synth_noise\cls_1\0739.wav,1
D:\VSCodeRepository\SceneZone-ANC\data\synth_noise\cls_1\0740.wav,1
D:\VSCodeRepository\SceneZone-ANC\data\synth_noise\cls_1\0741.wav,1
D:\VSCodeRepository\SceneZone-ANC\data\synth_noise\cls_1\0742.wav,1
D:\VSCodeRepository\SceneZone-ANC\data\synth_noise\cls_1\0743.wav,1
D:\VSCodeRepository\SceneZone-ANC\data\synth_noise\cls_1\0744.wav,1
D:\VSCodeRepository\SceneZone-ANC\data\synth_noise\cls_1\0745.wav,1
D:\VSCodeRepository\SceneZone-ANC\data\synth_noise\cls_1\0746.wav,1
D:\VSCodeRepository\SceneZone-ANC\data\synth_noise\cls_1\0747.wav,1
D:\VSCodeRepository\SceneZone-ANC\data\synth_noise\cls_1\0748.wav,1
D:\VSCodeRepository\SceneZone-ANC\data\synth_noise\cls_1\0749.wav,1
D:\VSCodeRepository\SceneZone-ANC\data\synth_noise\cls_1\0750.wav,1
D:\VSCodeRepository\SceneZone-ANC\data\synth_noise\cls_1\0751.wav,1
D:\VSCodeRepository\SceneZone-ANC\data\synth_noise\cls_1\0752.wav,1
D:\VSCodeRepository\SceneZone-ANC\data\synth_noise\cls_1\0753.wav,1
D:\VSCodeRepository\SceneZone-ANC\data\synth_noise\cls_1\0754.wav,1
D:\VSCodeRepository\SceneZone-ANC\data\synth_noise\cls_1\0755.wav,1
D:\VSCodeRepository\SceneZone-ANC\data\synth_noise\cls_1\0756.wav,1
D:\VSCodeRepository\SceneZone-ANC\data\synth_noise\cls_1\0757.wav,1
D:\VSCodeRepository\SceneZone-ANC\data\synth_noise\cls_1\0758.wav,1
D:\VSCodeRepository\SceneZone-ANC\data\synth_noise\cls_1\0759.wav,1
D:\VSCodeRepository\SceneZone-ANC\data\synth_noise\cls_1\0760.wav,1
D:\VSCodeRepository\SceneZone-ANC\data\synth_noise\cls_1\0761.wav,1
D:\VSCodeRepository\SceneZone-ANC\data\synth_noise\cls_1\0762.wav,1
D:\VSCodeRepository\SceneZone-ANC\data\synth_noise\cls_1\0763.wav,1
D:\VSCodeRepository\SceneZone-ANC\data\synth_noise\cls_1\0764.wav,1
D:\VSCodeRepository\SceneZone-ANC\data\synth_noise\cls_1\0765.wav,1
D:\VSCodeRepository\SceneZone-ANC\data\synth_noise\cls_1\0766.wav,1
D:\VSCodeRepository\SceneZone-ANC\data\synth_noise\cls_1\0767.wav,1
D:\VSCodeRepository\SceneZone-ANC\data\synth_noise\cls_1\0768.wav,1
D:\VSCodeRepository\SceneZone-ANC\data\synth_noise\cls_1\0769.wav,1
D:\VSCodeRepository\SceneZone-ANC\data\synth_noise\cls_1\0770.wav,1
D:\VSCodeRepository\SceneZone-ANC\data\synth_noise\cls_1\0771.wav,1
D:\VSCodeRepository\SceneZone-ANC\data\synth_noise\cls_1\0772.wav,1
D:\VSCodeRepository\SceneZone-ANC\data\synth_noise\cls_1\0773.wav,1
D:\VSCodeRepository\SceneZone-ANC\data\synth_noise\cls_1\0774.wav,1
D:\VSCodeRepository\SceneZone-ANC\data\synth_noise\cls_1\0775.wav,1
D:\VSCodeRepository\SceneZone-ANC\data\synth_noise\cls_1\0776.wav,1
D:\VSCodeRepository\SceneZone-ANC\data\synth_noise\cls_1\0777.wav,1
D:\VSCodeRepository\SceneZone-ANC\data\synth_noise\cls_1\0778.wav,1
D:\VSCodeRepository\SceneZone-ANC\data\synth_noise\cls_1\0779.wav,1
D:\VSCodeRepository\SceneZone-ANC\data\synth_noise\cls_1\0780.wav,1
D:\VSCodeRepository\SceneZone-ANC\data\synth_noise\cls_1\0781.wav,1
D:\VSCodeRepository\SceneZone-ANC\data\synth_noise\cls_1\0782.wav,1
D:\VSCodeRepository\SceneZone-ANC\data\synth_noise\cls_1\0783.wav,1
D:\VSCodeRepository\SceneZone-ANC\data\synth_noise\cls_1\0784.wav,1
D:\VSCodeRepository\SceneZone-ANC\data\synth_noise\cls_1\0785.wav,1
D:\VSCodeRepository\SceneZone-ANC\data\synth_noise\cls_1\0786.wav,1
D:\VSCodeRepository\SceneZone-ANC\data\synth_noise\cls_1\0787.wav,1
D:\VSCodeRepository\SceneZone-ANC\data\synth_noise\cls_1\0788.wav,1
D:\VSCodeRepository\SceneZone-ANC\data\synth_noise\cls_1\0789.wav,1
D:\VSCodeRepository\SceneZone-ANC\data\synth_noise\cls_1\0790.wav,1
D:\VSCodeRepository\SceneZone-ANC\data\synth_noise\cls_1\0791.wav,1
D:\VSCodeRepository\SceneZone-ANC\data\synth_noise\cls_1\0792.wav,1
D:\VSCodeRepository\SceneZone-ANC\data\synth_noise\cls_1\0793.wav,1
D:\VSCodeRepository\SceneZone-ANC\data\synth_noise\cls_1\0794.wav,1
D:\VSCodeRepository\SceneZone-ANC\data\synth_noise\cls_1\0795.wav,1
D:\VSCodeRepository\SceneZone-ANC\data\synth_noise\cls_1\0796.wav,1
D:\VSCodeRepository\SceneZone-ANC\data\synth_noise\cls_1\0797.wav,1
D:\VSCodeRepository\SceneZone-ANC\data\synth_noise\cls_1\0798.wav,1
D:\VSCodeRepository\SceneZone-ANC\data\synth_noise\cls_1\0799.wav,1
D:\VSCodeRepository\SceneZone-ANC\data\synth_noise\cls_1\0800.wav,1
D:\VSCodeRepository\SceneZone-ANC\data\synth_noise\cls_1\0801.wav,1
D:\VSCodeRepository\SceneZone-ANC\data\synth_noise\cls_1\0802.wav,1
D:\VSCodeRepository\SceneZone-ANC\data\synth_noise\cls_1\0803.wav,1
D:\VSCodeRepository\SceneZone-ANC\data\synth_noise\cls_1\0804.wav,1
D:\VSCodeRepository\SceneZone-ANC\data\synth_noise\cls_1\0805.wav,1
D:\VSCodeRepository\SceneZone-ANC\data\synth_noise\cls_1\0806.wav,1
D:\VSCodeRepository\SceneZone-ANC\data\synth_noise\cls_1\0807.wav,1
D:\VSCodeRepository\SceneZone-ANC\data\synth_noise\cls_1\0808.wav,1
D:\VSCodeRepository\SceneZone-ANC\data\synth_noise\cls_1\0809.wav,1
D:\VSCodeRepository\SceneZone-ANC\data\synth_noise\cls_1\0810.wav,1
D:\VSCodeRepository\SceneZone-ANC\data\synth_noise\cls_1\0811.wav,1
D:\VSCodeRepository\SceneZone-ANC\data\synth_noise\cls_1\0812.wav,1
D:\VSCodeRepository\SceneZone-ANC\data\synth_noise\cls_1\0813.wav,1
D:\VSCodeRepository\SceneZone-ANC\data\synth_noise\cls_1\0814.wav,1
D:\VSCodeRepository\SceneZone-ANC\data\synth_noise\cls_1\0815.wav,1
D:\VSCodeRepository\SceneZone-ANC\data\synth_noise\cls_1\0816.wav,1
D:\VSCodeRepository\SceneZone-ANC\data\synth_noise\cls_1\0817.wav,1
D:\VSCodeRepository\SceneZone-ANC\data\synth_noise\cls_1\0818.wav,1
D:\VSCodeRepository\SceneZone-ANC\data\synth_noise\cls_1\0819.wav,1
D:\VSCodeRepository\SceneZone-ANC\data\synth_noise\cls_1\0820.wav,1
D:\VSCodeRepository\SceneZone-ANC\data\synth_noise\cls_1\0821.wav,1
D:\VSCodeRepository\SceneZone-ANC\data\synth_noise\cls_1\0822.wav,1
D:\VSCodeRepository\SceneZone-ANC\data\synth_noise\cls_1\0823.wav,1
D:\VSCodeRepository\SceneZone-ANC\data\synth_noise\cls_1\0824.wav,1
D:\VSCodeRepository\SceneZone-ANC\data\synth_noise\cls_1\0825.wav,1
D:\VSCodeRepository\SceneZone-ANC\data\synth_noise\cls_1\0826.wav,1
D:\VSCodeRepository\SceneZone-ANC\data\synth_noise\cls_1\0827.wav,1
D:\VSCodeRepository\SceneZone-ANC\data\synth_noise\cls_1\0828.wav,1
D:\VSCodeRepository\SceneZone-ANC\data\synth_noise\cls_1\0829.wav,1
D:\VSCodeRepository\SceneZone-ANC\data\synth_noise\cls_1\0830.wav,1
D:\VSCodeRepository\SceneZone-ANC\data\synth_noise\cls_1\0831.wav,1
D:\VSCodeRepository\SceneZone-ANC\data\synth_noise\cls_1\0832.wav,1
D:\VSCodeRepository\SceneZone-ANC\data\synth_noise\cls_1\0833.wav,1
D:\VSCodeRepository\SceneZone-ANC\data\synth_noise\cls_1\0834.wav,1
D:\VSCodeRepository\SceneZone-ANC\data\synth_noise\cls_1\0835.wav,1
D:\VSCodeRepository\SceneZone-ANC\data\synth_noise\cls_1\0836.wav,1
D:\VSCodeRepository\SceneZone-ANC\data\synth_noise\cls_1\0837.wav,1
D:\VSCodeRepository\SceneZone-ANC\data\synth_noise\cls_1\0838.wav,1
D:\VSCodeRepository\SceneZone-ANC\data\synth_noise\cls_1\0839.wav,1
D:\VSCodeRepository\SceneZone-ANC\data\synth_noise\cls_1\0840.wav,1
D:\VSCodeRepository\SceneZone-ANC\data\synth_noise\cls_1\0841.wav,1
D:\VSCodeRepository\SceneZone-ANC\data\synth_noise\cls_1\0842.wav,1
D:\VSCodeRepository\SceneZone-ANC\data\synth_noise\cls_1\0843.wav,1
D:\VSCodeRepository\SceneZone-ANC\data\synth_noise\cls_1\0844.wav,1
D:\VSCodeRepository\SceneZone-ANC\data\synth_noise\cls_1\0845.wav,1
D:\VSCodeRepository\SceneZone-ANC\data\synth_noise\cls_1\0846.wav,1
D:\VSCodeRepository\SceneZone-ANC\data\synth_noise\cls_1\0847.wav,1
D:\VSCodeRepository\SceneZone-ANC\data\synth_noise\cls_1\0848.wav,1
D:\VSCodeRepository\SceneZone-ANC\data\synth_noise\cls_1\0849.wav,1
D:\VSCodeRepository\SceneZone-ANC\data\synth_noise\cls_1\0850.wav,1
D:\VSCodeRepository\SceneZone-ANC\data\synth_noise\cls_1\0851.wav,1
D:\VSCodeRepository\SceneZone-ANC\data\synth_noise\cls_1\0852.wav,1
D:\VSCodeRepository\SceneZone-ANC\data\synth_noise\cls_1\0853.wav,1
D:\VSCodeRepository\SceneZone-ANC\data\synth_noise\cls_1\0854.wav,1
D:\VSCodeRepository\SceneZone-ANC\data\synth_noise\cls_1\0855.wav,1
D:\VSCodeRepository\SceneZone-ANC\data\synth_noise\cls_1\0856.wav,1
D:\VSCodeRepository\SceneZone-ANC\data\synth_noise\cls_1\0857.wav,1
D:\VSCodeRepository\SceneZone-ANC\data\synth_noise\cls_1\0858.wav,1
D:\VSCodeRepository\SceneZone-ANC\data\synth_noise\cls_1\0859.wav,1
D:\VSCodeRepository\SceneZone-ANC\data\synth_noise\cls_1\0860.wav,1
D:\VSCodeRepository\SceneZone-ANC\data\synth_noise\cls_1\0861.wav,1
D:\VSCodeRepository\SceneZone-ANC\data\synth_noise\cls_1\0862.wav,1
D:\VSCodeRepository\SceneZone-ANC\data\synth_noise\cls_1\0863.wav,1
D:\VSCodeRepository\SceneZone-ANC\data\synth_noise\cls_1\0864.wav,1
D:\VSCodeRepository\SceneZone-ANC\data\synth_noise\cls_1\0865.wav,1
D:\VSCodeRepository\SceneZone-ANC\data\synth_noise\cls_1\0866.wav,1
D:\VSCodeRepository\SceneZone-ANC\data\synth_noise\cls_1\0867.wav,1
D:\VSCodeRepository\SceneZone-ANC\data\synth_noise\cls_1\0868.wav,1
D:\VSCodeRepository\SceneZone-ANC\data\synth_noise\cls_1\0869.wav,1
D:\VSCodeRepository\SceneZone-ANC\data\synth_noise\cls_1\0870.wav,1
D:\VSCodeRepository\SceneZone-ANC\data\synth_noise\cls_1\0871.wav,1
D:\VSCodeRepository\SceneZone-ANC\data\synth_noise\cls_1\0872.wav,1
D:\VSCodeRepository\SceneZone-ANC\data\synth_noise\cls_1\0873.wav,1
D:\VSCodeRepository\SceneZone-ANC\data\synth_noise\cls_1\0874.wav,1
D:\VSCodeRepository\SceneZone-ANC\data\synth_noise\cls_1\0875.wav,1
D:\VSCodeRepository\SceneZone-ANC\data\synth_noise\cls_1\0876.wav,1
D:\VSCodeRepository\SceneZone-ANC\data\synth_noise\cls_1\0877.wav,1
D:\VSCodeRepository\SceneZone-ANC\data\synth_noise\cls_1\0878.wav,1
D:\VSCodeRepository\SceneZone-ANC\data\synth_noise\cls_1\0879.wav,1
D:\VSCodeRepository\SceneZone-ANC\data\synth_noise\cls_1\0880.wav,1
D:\VSCodeRepository\SceneZone-ANC\data\synth_noise\cls_1\0881.wav,1
D:\VSCodeRepository\SceneZone-ANC\data\synth_noise\cls_1\0882.wav,1
D:\VSCodeRepository\SceneZone-ANC\data\synth_noise\cls_1\0883.wav,1
D:\VSCodeRepository\SceneZone-ANC\data\synth_noise\cls_1\0884.wav,1
D:\VSCodeRepository\SceneZone-ANC\data\synth_noise\cls_1\0885.wav,1
D:\VSCodeRepository\SceneZone-ANC\data\synth_noise\cls_1\0886.wav,1
D:\VSCodeRepository\SceneZone-ANC\data\synth_noise\cls_1\0887.wav,1
D:\VSCodeRepository\SceneZone-ANC\data\synth_noise\cls_1\0888.wav,1
D:\VSCodeRepository\SceneZone-ANC\data\synth_noise\cls_1\0889.wav,1
D:\VSCodeRepository\SceneZone-ANC\data\synth_noise\cls_1\0890.wav,1
D:\VSCodeRepository\SceneZone-ANC\data\synth_noise\cls_1\0891.wav,1
D:\VSCodeRepository\SceneZone-ANC\data\synth_noise\cls_1\0892.wav,1
D:\VSCodeRepository\SceneZone-ANC\data\synth_noise\cls_1\0893.wav,1
D:\VSCodeRepository\SceneZone-ANC\data\synth_noise\cls_1\0894.wav,1
D:\VSCodeRepository\SceneZone-ANC\data\synth_noise\cls_1\0895.wav,1
D:\VSCodeRepository\SceneZone-ANC\data\synth_noise\cls_1\0896.wav,1
D:\VSCodeRepository\SceneZone-ANC\data\synth_noise\cls_1\0897.wav,1
D:\VSCodeRepository\SceneZone-ANC\data\synth_noise\cls_1\0898.wav,1
D:\VSCodeRepository\SceneZone-ANC\data\synth_noise\cls_1\0899.wav,1
D:\VSCodeRepository\SceneZone-ANC\data\synth_noise\cls_1\0900.wav,1
D:\VSCodeRepository\SceneZone-ANC\data\synth_noise\cls_1\0901.wav,1
D:\VSCodeRepository\SceneZone-ANC\data\synth_noise\cls_1\0902.wav,1
D:\VSCodeRepository\SceneZone-ANC\data\synth_noise\cls_1\0903.wav,1
D:\VSCodeRepository\SceneZone-ANC\data\synth_noise\cls_1\0904.wav,1
D:\VSCodeRepository\SceneZone-ANC\data\synth_noise\cls_1\0905.wav,1
D:\VSCodeRepository\SceneZone-ANC\data\synth_noise\cls_1\0906.wav,1
D:\VSCodeRepository\SceneZone-ANC\data\synth_noise\cls_1\0907.wav,1
D:\VSCodeRepository\SceneZone-ANC\data\synth_noise\cls_1\0908.wav,1
D:\VSCodeRepository\SceneZone-ANC\data\synth_noise\cls_1\0909.wav,1
D:\VSCodeRepository\SceneZone-ANC\data\synth_noise\cls_1\0910.wav,1
D:\VSCodeRepository\SceneZone-ANC\data\synth_noise\cls_1\0911.wav,1
D:\VSCodeRepository\SceneZone-ANC\data\synth_noise\cls_1\0912.wav,1
D:\VSCodeRepository\SceneZone-ANC\data\synth_noise\cls_1\0913.wav,1
D:\VSCodeRepository\SceneZone-ANC\data\synth_noise\cls_1\0914.wav,1
D:\VSCodeRepository\SceneZone-ANC\data\synth_noise\cls_1\0915.wav,1
D:\VSCodeRepository\SceneZone-ANC\data\synth_noise\cls_1\0916.wav,1
D:\VSCodeRepository\SceneZone-ANC\data\synth_noise\cls_1\0917.wav,1
D:\VSCodeRepository\SceneZone-ANC\data\synth_noise\cls_1\0918.wav,1
D:\VSCodeRepository\SceneZone-ANC\data\synth_noise\cls_1\0919.wav,1
D:\VSCodeRepository\SceneZone-ANC\data\synth_noise\cls_1\0920.wav,1
D:\VSCodeRepository\SceneZone-ANC\data\synth_noise\cls_1\0921.wav,1
D:\VSCodeRepository\SceneZone-ANC\data\synth_noise\cls_1\0922.wav,1
D:\VSCodeRepository\SceneZone-ANC\data\synth_noise\cls_1\0923.wav,1
D:\VSCodeRepository\SceneZone-ANC\data\synth_noise\cls_1\0924.wav,1
D:\VSCodeRepository\SceneZone-ANC\data\synth_noise\cls_1\0925.wav,1
D:\VSCodeRepository\SceneZone-ANC\data\synth_noise\cls_1\0926.wav,1
D:\VSCodeRepository\SceneZone-ANC\data\synth_noise\cls_1\0927.wav,1
D:\VSCodeRepository\SceneZone-ANC\data\synth_noise\cls_1\0928.wav,1
D:\VSCodeRepository\SceneZone-ANC\data\synth_noise\cls_1\0929.wav,1
D:\VSCodeRepository\SceneZone-ANC\data\synth_noise\cls_1\0930.wav,1
D:\VSCodeRepository\SceneZone-ANC\data\synth_noise\cls_1\0931.wav,1
D:\VSCodeRepository\SceneZone-ANC\data\synth_noise\cls_1\0932.wav,1
D:\VSCodeRepository\SceneZone-ANC\data\synth_noise\cls_1\0933.wav,1
D:\VSCodeRepository\SceneZone-ANC\data\synth_noise\cls_1\0934.wav,1
D:\VSCodeRepository\SceneZone-ANC\data\synth_noise\cls_1\0935.wav,1
D:\VSCodeRepository\SceneZone-ANC\data\synth_noise\cls_1\0936.wav,1
D:\VSCodeRepository\SceneZone-ANC\data\synth_noise\cls_1\0937.wav,1
D:\VSCodeRepository\SceneZone-ANC\data\synth_noise\cls_1\0938.wav,1
D:\VSCodeRepository\SceneZone-ANC\data\synth_noise\cls_1\0939.wav,1
D:\VSCodeRepository\SceneZone-ANC\data\synth_noise\cls_1\0940.wav,1
D:\VSCodeRepository\SceneZone-ANC\data\synth_noise\cls_1\0941.wav,1
D:\VSCodeRepository\SceneZone-ANC\data\synth_noise\cls_1\0942.wav,1
D:\VSCodeRepository\SceneZone-ANC\data\synth_noise\cls_1\0943.wav,1
D:\VSCodeRepository\SceneZone-ANC\data\synth_noise\cls_1\0944.wav,1
D:\VSCodeRepository\SceneZone-ANC\data\synth_noise\cls_1\0945.wav,1
D:\VSCodeRepository\SceneZone-ANC\data\synth_noise\cls_1\0946.wav,1
D:\VSCodeRepository\SceneZone-ANC\data\synth_noise\cls_1\0947.wav,1
D:\VSCodeRepository\SceneZone-ANC\data\synth_noise\cls_1\0948.wav,1
D:\VSCodeRepository\SceneZone-ANC\data\synth_noise\cls_1\0949.wav,1
D:\VSCodeRepository\SceneZone-ANC\data\synth_noise\cls_1\0950.wav,1
D:\VSCodeRepository\SceneZone-ANC\data\synth_noise\cls_1\0951.wav,1
D:\VSCodeRepository\SceneZone-ANC\data\synth_noise\cls_1\0952.wav,1
D:\VSCodeRepository\SceneZone-ANC\data\synth_noise\cls_1\0953.wav,1
D:\VSCodeRepository\SceneZone-ANC\data\synth_noise\cls_1\0954.wav,1
D:\VSCodeRepository\SceneZone-ANC\data\synth_noise\cls_1\0955.wav,1
D:\VSCodeRepository\SceneZone-ANC\data\synth_noise\cls_1\0956.wav,1
D:\VSCodeRepository\SceneZone-ANC\data\synth_noise\cls_1\0957.wav,1
D:\VSCodeRepository\SceneZone-ANC\data\synth_noise\cls_1\0958.wav,1
D:\VSCodeRepository\SceneZone-ANC\data\synth_noise\cls_1\0959.wav,1
D:\VSCodeRepository\SceneZone-ANC\data\synth_noise\cls_1\0960.wav,1
D:\VSCodeRepository\SceneZone-ANC\data\synth_noise\cls_1\0961.wav,1
D:\VSCodeRepository\SceneZone-ANC\data\synth_noise\cls_1\0962.wav,1
D:\VSCodeRepository\SceneZone-ANC\data\synth_noise\cls_1\0963.wav,1
D:\VSCodeRepository\SceneZone-ANC\data\synth_noise\cls_1\0964.wav,1
D:\VSCodeRepository\SceneZone-ANC\data\synth_noise\cls_1\0965.wav,1
D:\VSCodeRepository\SceneZone-ANC\data\synth_noise\cls_1\0966.wav,1
D:\VSCodeRepository\SceneZone-ANC\data\synth_noise\cls_1\0967.wav,1
D:\VSCodeRepository\SceneZone-ANC\data\synth_noise\cls_1\0968.wav,1
D:\VSCodeRepository\SceneZone-ANC\data\synth_noise\cls_1\0969.wav,1
D:\VSCodeRepository\SceneZone-ANC\data\synth_noise\cls_1\0970.wav,1
D:\VSCodeRepository\SceneZone-ANC\data\synth_noise\cls_1\0971.wav,1
D:\VSCodeRepository\SceneZone-ANC\data\synth_noise\cls_1\0972.wav,1
D:\VSCodeRepository\SceneZone-ANC\data\synth_noise\cls_1\0973.wav,1
D:\VSCodeRepository\SceneZone-ANC\data\synth_noise\cls_1\0974.wav,1
D:\VSCodeRepository\SceneZone-ANC\data\synth_noise\cls_1\0975.wav,1
D:\VSCodeRepository\SceneZone-ANC\data\synth_noise\cls_1\0976.wav,1
D:\VSCodeRepository\SceneZone-ANC\data\synth_noise\cls_1\0977.wav,1
D:\VSCodeRepository\SceneZone-ANC\data\synth_noise\cls_1\0978.wav,1
D:\VSCodeRepository\SceneZone-ANC\data\synth_noise\cls_1\0979.wav,1
D:\VSCodeRepository\SceneZone-ANC\data\synth_noise\cls_1\0980.wav,1
D:\VSCodeRepository\SceneZone-ANC\data\synth_noise\cls_1\0981.wav,1
D:\VSCodeRepository\SceneZone-ANC\data\synth_noise\cls_1\0982.wav,1
D:\VSCodeRepository\SceneZone-ANC\data\synth_noise\cls_1\0983.wav,1
D:\VSCodeRepository\SceneZone-ANC\data\synth_noise\cls_1\0984.wav,1
D:\VSCodeRepository\SceneZone-ANC\data\synth_noise\cls_1\0985.wav,1
D:\VSCodeRepository\SceneZone-ANC\data\synth_noise\cls_1\0986.wav,1
D:\VSCodeRepository\SceneZone-ANC\data\synth_noise\cls_1\0987.wav,1
D:\VSCodeRepository\SceneZone-ANC\data\synth_noise\cls_1\0988.wav,1
D:\VSCodeRepository\SceneZone-ANC\data\synth_noise\cls_1\0989.wav,1
D:\VSCodeRepository\SceneZone-ANC\data\synth_noise\cls_1\0990.wav,1
D:\VSCodeRepository\SceneZone-ANC\data\synth_noise\cls_1\0991.wav,1
D:\VSCodeRepository\SceneZone-ANC\data\synth_noise\cls_1\0992.wav,1
D:\VSCodeRepository\SceneZone-ANC\data\synth_noise\cls_1\0993.wav,1
D:\VSCodeRepository\SceneZone-ANC\data\synth_noise\cls_1\0994.wav,1
D:\VSCodeRepository\SceneZone-ANC\data\synth_noise\cls_1\0995.wav,1
D:\VSCodeRepository\SceneZone-ANC\data\synth_noise\cls_1\0996.wav,1
D:\VSCodeRepository\SceneZone-ANC\data\synth_noise\cls_1\0997.wav,1
D:\VSCodeRepository\SceneZone-ANC\data\synth_noise\cls_1\0998.wav,1
D:\VSCodeRepository\SceneZone-ANC\data\synth_noise\cls_1\0999.wav,1
D:\VSCodeRepository\SceneZone-ANC\data\synth_noise\cls_1\1000.wav,1
D:\VSCodeRepository\SceneZone-ANC\data\synth_noise\cls_1\1001.wav,1
D:\VSCodeRepository\SceneZone-ANC\data\synth_noise\cls_1\1002.wav,1
D:\VSCodeRepository\SceneZone-ANC\data\synth_noise\cls_1\1003.wav,1
D:\VSCodeRepository\SceneZone-ANC\data\synth_noise\cls_1\1004.wav,1
D:\VSCodeRepository\SceneZone-ANC\data\synth_noise\cls_1\1005.wav,1
D:\VSCodeRepository\SceneZone-ANC\data\synth_noise\cls_1\1006.wav,1
D:\VSCodeRepository\SceneZone-ANC\data\synth_noise\cls_1\1007.wav,1
D:\VSCodeRepository\SceneZone-ANC\data\synth_noise\cls_1\1008.wav,1
D:\VSCodeRepository\SceneZone-ANC\data\synth_noise\cls_1\1009.wav,1
D:\VSCodeRepository\SceneZone-ANC\data\synth_noise\cls_1\1010.wav,1
D:\VSCodeRepository\SceneZone-ANC\data\synth_noise\cls_1\1011.wav,1
D:\VSCodeRepository\SceneZone-ANC\data\synth_noise\cls_1\1012.wav,1
D:\VSCodeRepository\SceneZone-ANC\data\synth_noise\cls_1\1013.wav,1
D:\VSCodeRepository\SceneZone-ANC\data\synth_noise\cls_1\1014.wav,1
D:\VSCodeRepository\SceneZone-ANC\data\synth_noise\cls_1\1015.wav,1
D:\VSCodeRepository\SceneZone-ANC\data\synth_noise\cls_1\1016.wav,1
D:\VSCodeRepository\SceneZone-ANC\data\synth_noise\cls_1\1017.wav,1
D:\VSCodeRepository\SceneZone-ANC\data\synth_noise\cls_1\1018.wav,1
D:\VSCodeRepository\SceneZone-ANC\data\synth_noise\cls_1\1019.wav,1
D:\VSCodeRepository\SceneZone-ANC\data\synth_noise\cls_1\1020.wav,1
D:\VSCodeRepository\SceneZone-ANC\data\synth_noise\cls_1\1021.wav,1
D:\VSCodeRepository\SceneZone-ANC\data\synth_noise\cls_1\1022.wav,1
D:\VSCodeRepository\SceneZone-ANC\data\synth_noise\cls_1\1023.wav,1
D:\VSCodeRepository\SceneZone-ANC\data\synth_noise\cls_1\1024.wav,1
D:\VSCodeRepository\SceneZone-ANC\data\synth_noise\cls_1\1025.wav,1
D:\VSCodeRepository\SceneZone-ANC\data\synth_noise\cls_1\1026.wav,1
D:\VSCodeRepository\SceneZone-ANC\data\synth_noise\cls_1\1027.wav,1
D:\VSCodeRepository\SceneZone-ANC\data\synth_noise\cls_1\1028.wav,1
D:\VSCodeRepository\SceneZone-ANC\data\synth_noise\cls_1\1029.wav,1
D:\VSCodeRepository\SceneZone-ANC\data\synth_noise\cls_1\1030.wav,1
D:\VSCodeRepository\SceneZone-ANC\data\synth_noise\cls_1\1031.wav,1
D:\VSCodeRepository\SceneZone-ANC\data\synth_noise\cls_1\1032.wav,1
D:\VSCodeRepository\SceneZone-ANC\data\synth_noise\cls_1\1033.wav,1
D:\VSCodeRepository\SceneZone-ANC\data\synth_noise\cls_1\1034.wav,1
D:\VSCodeRepository\SceneZone-ANC\data\synth_noise\cls_1\1035.wav,1
D:\VSCodeRepository\SceneZone-ANC\data\synth_noise\cls_1\1036.wav,1
D:\VSCodeRepository\SceneZone-ANC\data\synth_noise\cls_1\1037.wav,1
D:\VSCodeRepository\SceneZone-ANC\data\synth_noise\cls_1\1038.wav,1
D:\VSCodeRepository\SceneZone-ANC\data\synth_noise\cls_1\1039.wav,1
D:\VSCodeRepository\SceneZone-ANC\data\synth_noise\cls_1\1040.wav,1
D:\VSCodeRepository\SceneZone-ANC\data\synth_noise\cls_1\1041.wav,1
D:\VSCodeRepository\SceneZone-ANC\data\synth_noise\cls_1\1042.wav,1
D:\VSCodeRepository\SceneZone-ANC\data\synth_noise\cls_1\1043.wav,1
D:\VSCodeRepository\SceneZone-ANC\data\synth_noise\cls_1\1044.wav,1
D:\VSCodeRepository\SceneZone-ANC\data\synth_noise\cls_1\1045.wav,1
D:\VSCodeRepository\SceneZone-ANC\data\synth_noise\cls_1\1046.wav,1
D:\VSCodeRepository\SceneZone-ANC\data\synth_noise\cls_1\1047.wav,1
D:\VSCodeRepository\SceneZone-ANC\data\synth_noise\cls_1\1048.wav,1
D:\VSCodeRepository\SceneZone-ANC\data\synth_noise\cls_1\1049.wav,1
D:\VSCodeRepository\SceneZone-ANC\data\synth_noise\cls_1\1050.wav,1
D:\VSCodeRepository\SceneZone-ANC\data\synth_noise\cls_1\1051.wav,1
D:\VSCodeRepository\SceneZone-ANC\data\synth_noise\cls_1\1052.wav,1
D:\VSCodeRepository\SceneZone-ANC\data\synth_noise\cls_1\1053.wav,1
D:\VSCodeRepository\SceneZone-ANC\data\synth_noise\cls_1\1054.wav,1
D:\VSCodeRepository\SceneZone-ANC\data\synth_noise\cls_1\1055.wav,1
D:\VSCodeRepository\SceneZone-ANC\data\synth_noise\cls_1\1056.wav,1
D:\VSCodeRepository\SceneZone-ANC\data\synth_noise\cls_1\1057.wav,1
D:\VSCodeRepository\SceneZone-ANC\data\synth_noise\cls_1\1058.wav,1
D:\VSCodeRepository\SceneZone-ANC\data\synth_noise\cls_1\1059.wav,1
D:\VSCodeRepository\SceneZone-ANC\data\synth_noise\cls_1\1060.wav,1
D:\VSCodeRepository\SceneZone-ANC\data\synth_noise\cls_1\1061.wav,1
D:\VSCodeRepository\SceneZone-ANC\data\synth_noise\cls_1\1062.wav,1
D:\VSCodeRepository\SceneZone-ANC\data\synth_noise\cls_1\1063.wav,1
D:\VSCodeRepository\SceneZone-ANC\data\synth_noise\cls_1\1064.wav,1
D:\VSCodeRepository\SceneZone-ANC\data\synth_noise\cls_1\1065.wav,1
D:\VSCodeRepository\SceneZone-ANC\data\synth_noise\cls_1\1066.wav,1
D:\VSCodeRepository\SceneZone-ANC\data\synth_noise\cls_1\1067.wav,1
D:\VSCodeRepository\SceneZone-ANC\data\synth_noise\cls_1\1068.wav,1
D:\VSCodeRepository\SceneZone-ANC\data\synth_noise\cls_1\1069.wav,1
D:\VSCodeRepository\SceneZone-ANC\data\synth_noise\cls_1\1070.wav,1
D:\VSCodeRepository\SceneZone-ANC\data\synth_noise\cls_1\1071.wav,1
D:\VSCodeRepository\SceneZone-ANC\data\synth_noise\cls_1\1072.wav,1
D:\VSCodeRepository\SceneZone-ANC\data\synth_noise\cls_1\1073.wav,1
D:\VSCodeRepository\SceneZone-ANC\data\synth_noise\cls_1\1074.wav,1
D:\VSCodeRepository\SceneZone-ANC\data\synth_noise\cls_1\1075.wav,1
D:\VSCodeRepository\SceneZone-ANC\data\synth_noise\cls_1\1076.wav,1
D:\VSCodeRepository\SceneZone-ANC\data\synth_noise\cls_1\1077.wav,1
D:\VSCodeRepository\SceneZone-ANC\data\synth_noise\cls_1\1078.wav,1
D:\VSCodeRepository\SceneZone-ANC\data\synth_noise\cls_1\1079.wav,1
D:\VSCodeRepository\SceneZone-ANC\data\synth_noise\cls_1\1080.wav,1
D:\VSCodeRepository\SceneZone-ANC\data\synth_noise\cls_1\1081.wav,1
D:\VSCodeRepository\SceneZone-ANC\data\synth_noise\cls_1\1082.wav,1
D:\VSCodeRepository\SceneZone-ANC\data\synth_noise\cls_1\1083.wav,1
D:\VSCodeRepository\SceneZone-ANC\data\synth_noise\cls_1\1084.wav,1
D:\VSCodeRepository\SceneZone-ANC\data\synth_noise\cls_1\1085.wav,1
D:\VSCodeRepository\SceneZone-ANC\data\synth_noise\cls_1\1086.wav,1
D:\VSCodeRepository\SceneZone-ANC\data\synth_noise\cls_1\1087.wav,1
D:\VSCodeRepository\SceneZone-ANC\data\synth_noise\cls_1\1088.wav,1
D:\VSCodeRepository\SceneZone-ANC\data\synth_noise\cls_1\1089.wav,1
D:\VSCodeRepository\SceneZone-ANC\data\synth_noise\cls_1\1090.wav,1
D:\VSCodeRepository\SceneZone-ANC\data\synth_noise\cls_1\1091.wav,1
D:\VSCodeRepository\SceneZone-ANC\data\synth_noise\cls_1\1092.wav,1
D:\VSCodeRepository\SceneZone-ANC\data\synth_noise\cls_1\1093.wav,1
D:\VSCodeRepository\SceneZone-ANC\data\synth_noise\cls_1\1094.wav,1
D:\VSCodeRepository\SceneZone-ANC\data\synth_noise\cls_1\1095.wav,1
D:\VSCodeRepository\SceneZone-ANC\data\synth_noise\cls_1\1096.wav,1
D:\VSCodeRepository\SceneZone-ANC\data\synth_noise\cls_1\1097.wav,1
D:\VSCodeRepository\SceneZone-ANC\data\synth_noise\cls_1\1098.wav,1
D:\VSCodeRepository\SceneZone-ANC\data\synth_noise\cls_1\1099.wav,1
D:\VSCodeRepository\SceneZone-ANC\data\synth_noise\cls_1\1100.wav,1
D:\VSCodeRepository\SceneZone-ANC\data\synth_noise\cls_1\1101.wav,1
D:\VSCodeRepository\SceneZone-ANC\data\synth_noise\cls_1\1102.wav,1
D:\VSCodeRepository\SceneZone-ANC\data\synth_noise\cls_1\1103.wav,1
D:\VSCodeRepository\SceneZone-ANC\data\synth_noise\cls_1\1104.wav,1
D:\VSCodeRepository\SceneZone-ANC\data\synth_noise\cls_1\1105.wav,1
D:\VSCodeRepository\SceneZone-ANC\data\synth_noise\cls_1\1106.wav,1
D:\VSCodeRepository\SceneZone-ANC\data\synth_noise\cls_1\1107.wav,1
D:\VSCodeRepository\SceneZone-ANC\data\synth_noise\cls_1\1108.wav,1
D:\VSCodeRepository\SceneZone-ANC\data\synth_noise\cls_1\1109.wav,1
D:\VSCodeRepository\SceneZone-ANC\data\synth_noise\cls_1\1110.wav,1
D:\VSCodeRepository\SceneZone-ANC\data\synth_noise\cls_1\1111.wav,1
D:\VSCodeRepository\SceneZone-ANC\data\synth_noise\cls_1\1112.wav,1
D:\VSCodeRepository\SceneZone-ANC\data\synth_noise\cls_1\1113.wav,1
D:\VSCodeRepository\SceneZone-ANC\data\synth_noise\cls_1\1114.wav,1
D:\VSCodeRepository\SceneZone-ANC\data\synth_noise\cls_1\1115.wav,1
D:\VSCodeRepository\SceneZone-ANC\data\synth_noise\cls_1\1116.wav,1
D:\VSCodeRepository\SceneZone-ANC\data\synth_noise\cls_1\1117.wav,1
D:\VSCodeRepository\SceneZone-ANC\data\synth_noise\cls_1\1118.wav,1
D:\VSCodeRepository\SceneZone-ANC\data\synth_noise\cls_1\1119.wav,1
D:\VSCodeRepository\SceneZone-ANC\data\synth_noise\cls_1\1120.wav,1
D:\VSCodeRepository\SceneZone-ANC\data\synth_noise\cls_1\1121.wav,1
D:\VSCodeRepository\SceneZone-ANC\data\synth_noise\cls_1\1122.wav,1
D:\VSCodeRepository\SceneZone-ANC\data\synth_noise\cls_1\1123.wav,1
D:\VSCodeRepository\SceneZone-ANC\data\synth_noise\cls_1\1124.wav,1
D:\VSCodeRepository\SceneZone-ANC\data\synth_noise\cls_1\1125.wav,1
D:\VSCodeRepository\SceneZone-ANC\data\synth_noise\cls_1\1126.wav,1
D:\VSCodeRepository\SceneZone-ANC\data\synth_noise\cls_1\1127.wav,1
D:\VSCodeRepository\SceneZone-ANC\data\synth_noise\cls_1\1128.wav,1
D:\VSCodeRepository\SceneZone-ANC\data\synth_noise\cls_1\1129.wav,1
D:\VSCodeRepository\SceneZone-ANC\data\synth_noise\cls_1\1130.wav,1
D:\VSCodeRepository\SceneZone-ANC\data\synth_noise\cls_1\1131.wav,1
D:\VSCodeRepository\SceneZone-ANC\data\synth_noise\cls_1\1132.wav,1
D:\VSCodeRepository\SceneZone-ANC\data\synth_noise\cls_1\1133.wav,1
D:\VSCodeRepository\SceneZone-ANC\data\synth_noise\cls_1\1134.wav,1
D:\VSCodeRepository\SceneZone-ANC\data\synth_noise\cls_1\1135.wav,1
D:\VSCodeRepository\SceneZone-ANC\data\synth_noise\cls_1\1136.wav,1
D:\VSCodeRepository\SceneZone-ANC\data\synth_noise\cls_1\1137.wav,1
D:\VSCodeRepository\SceneZone-ANC\data\synth_noise\cls_1\1138.wav,1
D:\VSCodeRepository\SceneZone-ANC\data\synth_noise\cls_1\1139.wav,1
D:\VSCodeRepository\SceneZone-ANC\data\synth_noise\cls_1\1140.wav,1
D:\VSCodeRepository\SceneZone-ANC\data\synth_noise\cls_1\1141.wav,1
D:\VSCodeRepository\SceneZone-ANC\data\synth_noise\cls_1\1142.wav,1
D:\VSCodeRepository\SceneZone-ANC\data\synth_noise\cls_1\1143.wav,1
D:\VSCodeRepository\SceneZone-ANC\data\synth_noise\cls_1\1144.wav,1
D:\VSCodeRepository\SceneZone-ANC\data\synth_noise\cls_1\1145.wav,1
D:\VSCodeRepository\SceneZone-ANC\data\synth_noise\cls_1\1146.wav,1
D:\VSCodeRepository\SceneZone-ANC\data\synth_noise\cls_1\1147.wav,1
D:\VSCodeRepository\SceneZone-ANC\data\synth_noise\cls_1\1148.wav,1
D:\VSCodeRepository\SceneZone-ANC\data\synth_noise\cls_1\1149.wav,1
D:\VSCodeRepository\SceneZone-ANC\data\synth_noise\cls_1\1150.wav,1
D:\VSCodeRepository\SceneZone-ANC\data\synth_noise\cls_1\1151.wav,1
D:\VSCodeRepository\SceneZone-ANC\data\synth_noise\cls_1\1152.wav,1
D:\VSCodeRepository\SceneZone-ANC\data\synth_noise\cls_1\1153.wav,1
D:\VSCodeRepository\SceneZone-ANC\data\synth_noise\cls_1\1154.wav,1
D:\VSCodeRepository\SceneZone-ANC\data\synth_noise\cls_1\1155.wav,1
D:\VSCodeRepository\SceneZone-ANC\data\synth_noise\cls_1\1156.wav,1
D:\VSCodeRepository\SceneZone-ANC\data\synth_noise\cls_1\1157.wav,1
D:\VSCodeRepository\SceneZone-ANC\data\synth_noise\cls_1\1158.wav,1
D:\VSCodeRepository\SceneZone-ANC\data\synth_noise\cls_1\1159.wav,1
D:\VSCodeRepository\SceneZone-ANC\data\synth_noise\cls_1\1160.wav,1
D:\VSCodeRepository\SceneZone-ANC\data\synth_noise\cls_1\1161.wav,1
D:\VSCodeRepository\SceneZone-ANC\data\synth_noise\cls_1\1162.wav,1
D:\VSCodeRepository\SceneZone-ANC\data\synth_noise\cls_1\1163.wav,1
D:\VSCodeRepository\SceneZone-ANC\data\synth_noise\cls_1\1164.wav,1
D:\VSCodeRepository\SceneZone-ANC\data\synth_noise\cls_1\1165.wav,1
D:\VSCodeRepository\SceneZone-ANC\data\synth_noise\cls_1\1166.wav,1
D:\VSCodeRepository\SceneZone-ANC\data\synth_noise\cls_1\1167.wav,1
D:\VSCodeRepository\SceneZone-ANC\data\synth_noise\cls_1\1168.wav,1
D:\VSCodeRepository\SceneZone-ANC\data\synth_noise\cls_1\1169.wav,1
D:\VSCodeRepository\SceneZone-ANC\data\synth_noise\cls_1\1170.wav,1
D:\VSCodeRepository\SceneZone-ANC\data\synth_noise\cls_1\1171.wav,1
D:\VSCodeRepository\SceneZone-ANC\data\synth_noise\cls_1\1172.wav,1
D:\VSCodeRepository\SceneZone-ANC\data\synth_noise\cls_1\1173.wav,1
D:\VSCodeRepository\SceneZone-ANC\data\synth_noise\cls_1\1174.wav,1
D:\VSCodeRepository\SceneZone-ANC\data\synth_noise\cls_1\1175.wav,1
D:\VSCodeRepository\SceneZone-ANC\data\synth_noise\cls_1\1176.wav,1
D:\VSCodeRepository\SceneZone-ANC\data\synth_noise\cls_1\1177.wav,1
D:\VSCodeRepository\SceneZone-ANC\data\synth_noise\cls_1\1178.wav,1
D:\VSCodeRepository\SceneZone-ANC\data\synth_noise\cls_1\1179.wav,1
D:\VSCodeRepository\SceneZone-ANC\data\synth_noise\cls_1\1180.wav,1
D:\VSCodeRepository\SceneZone-ANC\data\synth_noise\cls_1\1181.wav,1
D:\VSCodeRepository\SceneZone-ANC\data\synth_noise\cls_1\1182.wav,1
D:\VSCodeRepository\SceneZone-ANC\data\synth_noise\cls_1\1183.wav,1
D:\VSCodeRepository\SceneZone-ANC\data\synth_noise\cls_1\1184.wav,1
D:\VSCodeRepository\SceneZone-ANC\data\synth_noise\cls_1\1185.wav,1
D:\VSCodeRepository\SceneZone-ANC\data\synth_noise\cls_1\1186.wav,1
D:\VSCodeRepository\SceneZone-ANC\data\synth_noise\cls_1\1187.wav,1
D:\VSCodeRepository\SceneZone-ANC\data\synth_noise\cls_1\1188.wav,1
D:\VSCodeRepository\SceneZone-ANC\data\synth_noise\cls_1\1189.wav,1
D:\VSCodeRepository\SceneZone-ANC\data\synth_noise\cls_1\1190.wav,1
D:\VSCodeRepository\SceneZone-ANC\data\synth_noise\cls_1\1191.wav,1
D:\VSCodeRepository\SceneZone-ANC\data\synth_noise\cls_1\1192.wav,1
D:\VSCodeRepository\SceneZone-ANC\data\synth_noise\cls_1\1193.wav,1
D:\VSCodeRepository\SceneZone-ANC\data\synth_noise\cls_1\1194.wav,1
D:\VSCodeRepository\SceneZone-ANC\data\synth_noise\cls_1\1195.wav,1
D:\VSCodeRepository\SceneZone-ANC\data\synth_noise\cls_1\1196.wav,1
D:\VSCodeRepository\SceneZone-ANC\data\synth_noise\cls_1\1197.wav,1
D:\VSCodeRepository\SceneZone-ANC\data\synth_noise\cls_1\1198.wav,1
D:\VSCodeRepository\SceneZone-ANC\data\synth_noise\cls_1\1199.wav,1
D:\VSCodeRepository\SceneZone-ANC\data\synth_noise\cls_1\1200.wav,1
D:\VSCodeRepository\SceneZone-ANC\data\synth_noise\cls_1\1201.wav,1
D:\VSCodeRepository\SceneZone-ANC\data\synth_noise\cls_1\1202.wav,1
D:\VSCodeRepository\SceneZone-ANC\data\synth_noise\cls_1\1203.wav,1
D:\VSCodeRepository\SceneZone-ANC\data\synth_noise\cls_1\1204.wav,1
D:\VSCodeRepository\SceneZone-ANC\data\synth_noise\cls_1\1205.wav,1
D:\VSCodeRepository\SceneZone-ANC\data\synth_noise\cls_1\1206.wav,1
D:\VSCodeRepository\SceneZone-ANC\data\synth_noise\cls_1\1207.wav,1
D:\VSCodeRepository\SceneZone-ANC\data\synth_noise\cls_1\1208.wav,1
D:\VSCodeRepository\SceneZone-ANC\data\synth_noise\cls_1\1209.wav,1
D:\VSCodeRepository\SceneZone-ANC\data\synth_noise\cls_1\1210.wav,1
D:\VSCodeRepository\SceneZone-ANC\data\synth_noise\cls_1\1211.wav,1
D:\VSCodeRepository\SceneZone-ANC\data\synth_noise\cls_1\1212.wav,1
D:\VSCodeRepository\SceneZone-ANC\data\synth_noise\cls_1\1213.wav,1
D:\VSCodeRepository\SceneZone-ANC\data\synth_noise\cls_1\1214.wav,1
D:\VSCodeRepository\SceneZone-ANC\data\synth_noise\cls_1\1215.wav,1
D:\VSCodeRepository\SceneZone-ANC\data\synth_noise\cls_1\1216.wav,1
D:\VSCodeRepository\SceneZone-ANC\data\synth_noise\cls_1\1217.wav,1
D:\VSCodeRepository\SceneZone-ANC\data\synth_noise\cls_1\1218.wav,1
D:\VSCodeRepository\SceneZone-ANC\data\synth_noise\cls_1\1219.wav,1
D:\VSCodeRepository\SceneZone-ANC\data\synth_noise\cls_1\1220.wav,1
D:\VSCodeRepository\SceneZone-ANC\data\synth_noise\cls_1\1221.wav,1
D:\VSCodeRepository\SceneZone-ANC\data\synth_noise\cls_1\1222.wav,1
D:\VSCodeRepository\SceneZone-ANC\data\synth_noise\cls_1\1223.wav,1
D:\VSCodeRepository\SceneZone-ANC\data\synth_noise\cls_1\1224.wav,1
D:\VSCodeRepository\SceneZone-ANC\data\synth_noise\cls_1\1225.wav,1
D:\VSCodeRepository\SceneZone-ANC\data\synth_noise\cls_1\1226.wav,1
D:\VSCodeRepository\SceneZone-ANC\data\synth_noise\cls_1\1227.wav,1
D:\VSCodeRepository\SceneZone-ANC\data\synth_noise\cls_1\1228.wav,1
D:\VSCodeRepository\SceneZone-ANC\data\synth_noise\cls_1\1229.wav,1
D:\VSCodeRepository\SceneZone-ANC\data\synth_noise\cls_1\1230.wav,1
D:\VSCodeRepository\SceneZone-ANC\data\synth_noise\cls_1\1231.wav,1
D:\VSCodeRepository\SceneZone-ANC\data\synth_noise\cls_1\1232.wav,1
D:\VSCodeRepository\SceneZone-ANC\data\synth_noise\cls_1\1233.wav,1
D:\VSCodeRepository\SceneZone-ANC\data\synth_noise\cls_1\1234.wav,1
D:\VSCodeRepository\SceneZone-ANC\data\synth_noise\cls_1\1235.wav,1
D:\VSCodeRepository\SceneZone-ANC\data\synth_noise\cls_1\1236.wav,1
D:\VSCodeRepository\SceneZone-ANC\data\synth_noise\cls_1\1237.wav,1
D:\VSCodeRepository\SceneZone-ANC\data\synth_noise\cls_1\1238.wav,1
D:\VSCodeRepository\SceneZone-ANC\data\synth_noise\cls_1\1239.wav,1
D:\VSCodeRepository\SceneZone-ANC\data\synth_noise\cls_1\1240.wav,1
D:\VSCodeRepository\SceneZone-ANC\data\synth_noise\cls_1\1241.wav,1
D:\VSCodeRepository\SceneZone-ANC\data\synth_noise\cls_1\1242.wav,1
D:\VSCodeRepository\SceneZone-ANC\data\synth_noise\cls_1\1243.wav,1
D:\VSCodeRepository\SceneZone-ANC\data\synth_noise\cls_1\1244.wav,1
D:\VSCodeRepository\SceneZone-ANC\data\synth_noise\cls_1\1245.wav,1
D:\VSCodeRepository\SceneZone-ANC\data\synth_noise\cls_1\1246.wav,1
D:\VSCodeRepository\SceneZone-ANC\data\synth_noise\cls_1\1247.wav,1
D:\VSCodeRepository\SceneZone-ANC\data\synth_noise\cls_1\1248.wav,1
D:\VSCodeRepository\SceneZone-ANC\data\synth_noise\cls_1\1249.wav,1
D:\VSCodeRepository\SceneZone-ANC\data\synth_noise\cls_1\1250.wav,1
D:\VSCodeRepository\SceneZone-ANC\data\synth_noise\cls_1\1251.wav,1
D:\VSCodeRepository\SceneZone-ANC\data\synth_noise\cls_1\1252.wav,1
D:\VSCodeRepository\SceneZone-ANC\data\synth_noise\cls_1\1253.wav,1
D:\VSCodeRepository\SceneZone-ANC\data\synth_noise\cls_1\1254.wav,1
D:\VSCodeRepository\SceneZone-ANC\data\synth_noise\cls_1\1255.wav,1
D:\VSCodeRepository\SceneZone-ANC\data\synth_noise\cls_1\1256.wav,1
D:\VSCodeRepository\SceneZone-ANC\data\synth_noise\cls_1\1257.wav,1
D:\VSCodeRepository\SceneZone-ANC\data\synth_noise\cls_1\1258.wav,1
D:\VSCodeRepository\SceneZone-ANC\data\synth_noise\cls_1\1259.wav,1
D:\VSCodeRepository\SceneZone-ANC\data\synth_noise\cls_1\1260.wav,1
D:\VSCodeRepository\SceneZone-ANC\data\synth_noise\cls_1\1261.wav,1
D:\VSCodeRepository\SceneZone-ANC\data\synth_noise\cls_1\1262.wav,1
D:\VSCodeRepository\SceneZone-ANC\data\synth_noise\cls_1\1263.wav,1
D:\VSCodeRepository\SceneZone-ANC\data\synth_noise\cls_1\1264.wav,1
D:\VSCodeRepository\SceneZone-ANC\data\synth_noise\cls_1\1265.wav,1
D:\VSCodeRepository\SceneZone-ANC\data\synth_noise\cls_1\1266.wav,1
D:\VSCodeRepository\SceneZone-ANC\data\synth_noise\cls_1\1267.wav,1
D:\VSCodeRepository\SceneZone-ANC\data\synth_noise\cls_1\1268.wav,1
D:\VSCodeRepository\SceneZone-ANC\data\synth_noise\cls_1\1269.wav,1
D:\VSCodeRepository\SceneZone-ANC\data\synth_noise\cls_1\1270.wav,1
D:\VSCodeRepository\SceneZone-ANC\data\synth_noise\cls_1\1271.wav,1
D:\VSCodeRepository\SceneZone-ANC\data\synth_noise\cls_1\1272.wav,1
D:\VSCodeRepository\SceneZone-ANC\data\synth_noise\cls_1\1273.wav,1
D:\VSCodeRepository\SceneZone-ANC\data\synth_noise\cls_1\1274.wav,1
D:\VSCodeRepository\SceneZone-ANC\data\synth_noise\cls_1\1275.wav,1
D:\VSCodeRepository\SceneZone-ANC\data\synth_noise\cls_1\1276.wav,1
D:\VSCodeRepository\SceneZone-ANC\data\synth_noise\cls_1\1277.wav,1
D:\VSCodeRepository\SceneZone-ANC\data\synth_noise\cls_1\1278.wav,1
D:\VSCodeRepository\SceneZone-ANC\data\synth_noise\cls_1\1279.wav,1
D:\VSCodeRepository\SceneZone-ANC\data\synth_noise\cls_1\1280.wav,1
D:\VSCodeRepository\SceneZone-ANC\data\synth_noise\cls_1\1281.wav,1
D:\VSCodeRepository\SceneZone-ANC\data\synth_noise\cls_1\1282.wav,1
D:\VSCodeRepository\SceneZone-ANC\data\synth_noise\cls_1\1283.wav,1
D:\VSCodeRepository\SceneZone-ANC\data\synth_noise\cls_1\1284.wav,1
D:\VSCodeRepository\SceneZone-ANC\data\synth_noise\cls_1\1285.wav,1
D:\VSCodeRepository\SceneZone-ANC\data\synth_noise\cls_1\1286.wav,1
D:\VSCodeRepository\SceneZone-ANC\data\synth_noise\cls_1\1287.wav,1
D:\VSCodeRepository\SceneZone-ANC\data\synth_noise\cls_1\1288.wav,1
D:\VSCodeRepository\SceneZone-ANC\data\synth_noise\cls_1\1289.wav,1
D:\VSCodeRepository\SceneZone-ANC\data\synth_noise\cls_1\1290.wav,1
D:\VSCodeRepository\SceneZone-ANC\data\synth_noise\cls_1\1291.wav,1
D:\VSCodeRepository\SceneZone-ANC\data\synth_noise\cls_1\1292.wav,1
D:\VSCodeRepository\SceneZone-ANC\data\synth_noise\cls_1\1293.wav,1
D:\VSCodeRepository\SceneZone-ANC\data\synth_noise\cls_1\1294.wav,1
D:\VSCodeRepository\SceneZone-ANC\data\synth_noise\cls_1\1295.wav,1
D:\VSCodeRepository\SceneZone-ANC\data\synth_noise\cls_1\1296.wav,1
D:\VSCodeRepository\SceneZone-ANC\data\synth_noise\cls_1\1297.wav,1
D:\VSCodeRepository\SceneZone-ANC\data\synth_noise\cls_1\1298.wav,1
D:\VSCodeRepository\SceneZone-ANC\data\synth_noise\cls_1\1299.wav,1
D:\VSCodeRepository\SceneZone-ANC\data\synth_noise\cls_1\1300.wav,1
D:\VSCodeRepository\SceneZone-ANC\data\synth_noise\cls_1\1301.wav,1
D:\VSCodeRepository\SceneZone-ANC\data\synth_noise\cls_1\1302.wav,1
D:\VSCodeRepository\SceneZone-ANC\data\synth_noise\cls_1\1303.wav,1
D:\VSCodeRepository\SceneZone-ANC\data\synth_noise\cls_1\1304.wav,1
D:\VSCodeRepository\SceneZone-ANC\data\synth_noise\cls_1\1305.wav,1
D:\VSCodeRepository\SceneZone-ANC\data\synth_noise\cls_1\1306.wav,1
D:\VSCodeRepository\SceneZone-ANC\data\synth_noise\cls_1\1307.wav,1
D:\VSCodeRepository\SceneZone-ANC\data\synth_noise\cls_1\1308.wav,1
D:\VSCodeRepository\SceneZone-ANC\data\synth_noise\cls_1\1309.wav,1
D:\VSCodeRepository\SceneZone-ANC\data\synth_noise\cls_1\1310.wav,1
D:\VSCodeRepository\SceneZone-ANC\data\synth_noise\cls_1\1311.wav,1
D:\VSCodeRepository\SceneZone-ANC\data\synth_noise\cls_1\1312.wav,1
D:\VSCodeRepository\SceneZone-ANC\data\synth_noise\cls_1\1313.wav,1
D:\VSCodeRepository\SceneZone-ANC\data\synth_noise\cls_1\1314.wav,1
D:\VSCodeRepository\SceneZone-ANC\data\synth_noise\cls_1\1315.wav,1
D:\VSCodeRepository\SceneZone-ANC\data\synth_noise\cls_1\1316.wav,1
D:\VSCodeRepository\SceneZone-ANC\data\synth_noise\cls_1\1317.wav,1
D:\VSCodeRepository\SceneZone-ANC\data\synth_noise\cls_1\1318.wav,1
D:\VSCodeRepository\SceneZone-ANC\data\synth_noise\cls_1\1319.wav,1
D:\VSCodeRepository\SceneZone-ANC\data\synth_noise\cls_1\1320.wav,1
D:\VSCodeRepository\SceneZone-ANC\data\synth_noise\cls_1\1321.wav,1
D:\VSCodeRepository\SceneZone-ANC\data\synth_noise\cls_1\1322.wav,1
D:\VSCodeRepository\SceneZone-ANC\data\synth_noise\cls_1\1323.wav,1
D:\VSCodeRepository\SceneZone-ANC\data\synth_noise\cls_1\1324.wav,1
D:\VSCodeRepository\SceneZone-ANC\data\synth_noise\cls_1\1325.wav,1
D:\VSCodeRepository\SceneZone-ANC\data\synth_noise\cls_1\1326.wav,1
D:\VSCodeRepository\SceneZone-ANC\data\synth_noise\cls_1\1327.wav,1
D:\VSCodeRepository\SceneZone-ANC\data\synth_noise\cls_1\1328.wav,1
D:\VSCodeRepository\SceneZone-ANC\data\synth_noise\cls_1\1329.wav,1
D:\VSCodeRepository\SceneZone-ANC\data\synth_noise\cls_1\1330.wav,1
D:\VSCodeRepository\SceneZone-ANC\data\synth_noise\cls_1\1331.wav,1
D:\VSCodeRepository\SceneZone-ANC\data\synth_noise\cls_1\1332.wav,1
D:\VSCodeRepository\SceneZone-ANC\data\synth_noise\cls_1\1333.wav,1
D:\VSCodeRepository\SceneZone-ANC\data\synth_noise\cls_1\1334.wav,1
D:\VSCodeRepository\SceneZone-ANC\data\synth_noise\cls_1\1335.wav,1
D:\VSCodeRepository\SceneZone-ANC\data\synth_noise\cls_1\1336.wav,1
D:\VSCodeRepository\SceneZone-ANC\data\synth_noise\cls_1\1337.wav,1
D:\VSCodeRepository\SceneZone-ANC\data\synth_noise\cls_1\1338.wav,1
D:\VSCodeRepository\SceneZone-ANC\data\synth_noise\cls_1\1339.wav,1
D:\VSCodeRepository\SceneZone-ANC\data\synth_noise\cls_1\1340.wav,1
D:\VSCodeRepository\SceneZone-ANC\data\synth_noise\cls_1\1341.wav,1
D:\VSCodeRepository\SceneZone-ANC\data\synth_noise\cls_1\1342.wav,1
D:\VSCodeRepository\SceneZone-ANC\data\synth_noise\cls_1\1343.wav,1
D:\VSCodeRepository\SceneZone-ANC\data\synth_noise\cls_1\1344.wav,1
D:\VSCodeRepository\SceneZone-ANC\data\synth_noise\cls_1\1345.wav,1
D:\VSCodeRepository\SceneZone-ANC\data\synth_noise\cls_1\1346.wav,1
D:\VSCodeRepository\SceneZone-ANC\data\synth_noise\cls_1\1347.wav,1
D:\VSCodeRepository\SceneZone-ANC\data\synth_noise\cls_1\1348.wav,1
D:\VSCodeRepository\SceneZone-ANC\data\synth_noise\cls_1\1349.wav,1
D:\VSCodeRepository\SceneZone-ANC\data\synth_noise\cls_1\1350.wav,1
D:\VSCodeRepository\SceneZone-ANC\data\synth_noise\cls_1\1351.wav,1
D:\VSCodeRepository\SceneZone-ANC\data\synth_noise\cls_1\1352.wav,1
D:\VSCodeRepository\SceneZone-ANC\data\synth_noise\cls_1\1353.wav,1
D:\VSCodeRepository\SceneZone-ANC\data\synth_noise\cls_1\1354.wav,1
D:\VSCodeRepository\SceneZone-ANC\data\synth_noise\cls_1\1355.wav,1
D:\VSCodeRepository\SceneZone-ANC\data\synth_noise\cls_1\1356.wav,1
D:\VSCodeRepository\SceneZone-ANC\data\synth_noise\cls_1\1357.wav,1
D:\VSCodeRepository\SceneZone-ANC\data\synth_noise\cls_1\1358.wav,1
D:\VSCodeRepository\SceneZone-ANC\data\synth_noise\cls_1\1359.wav,1
D:\VSCodeRepository\SceneZone-ANC\data\synth_noise\cls_1\1360.wav,1
D:\VSCodeRepository\SceneZone-ANC\data\synth_noise\cls_1\1361.wav,1
D:\VSCodeRepository\SceneZone-ANC\data\synth_noise\cls_1\1362.wav,1
D:\VSCodeRepository\SceneZone-ANC\data\synth_noise\cls_1\1363.wav,1
D:\VSCodeRepository\SceneZone-ANC\data\synth_noise\cls_1\1364.wav,1
D:\VSCodeRepository\SceneZone-ANC\data\synth_noise\cls_1\1365.wav,1
D:\VSCodeRepository\SceneZone-ANC\data\synth_noise\cls_1\1366.wav,1
D:\VSCodeRepository\SceneZone-ANC\data\synth_noise\cls_1\1367.wav,1
D:\VSCodeRepository\SceneZone-ANC\data\synth_noise\cls_1\1368.wav,1
D:\VSCodeRepository\SceneZone-ANC\data\synth_noise\cls_1\1369.wav,1
D:\VSCodeRepository\SceneZone-ANC\data\synth_noise\cls_1\1370.wav,1
D:\VSCodeRepository\SceneZone-ANC\data\synth_noise\cls_1\1371.wav,1
D:\VSCodeRepository\SceneZone-ANC\data\synth_noise\cls_1\1372.wav,1
D:\VSCodeRepository\SceneZone-ANC\data\synth_noise\cls_1\1373.wav,1
D:\VSCodeRepository\SceneZone-ANC\data\synth_noise\cls_1\1374.wav,1
D:\VSCodeRepository\SceneZone-ANC\data\synth_noise\cls_1\1375.wav,1
D:\VSCodeRepository\SceneZone-ANC\data\synth_noise\cls_1\1376.wav,1
D:\VSCodeRepository\SceneZone-ANC\data\synth_noise\cls_1\1377.wav,1
D:\VSCodeRepository\SceneZone-ANC\data\synth_noise\cls_1\1378.wav,1
D:\VSCodeRepository\SceneZone-ANC\data\synth_noise\cls_1\1379.wav,1
D:\VSCodeRepository\SceneZone-ANC\data\synth_noise\cls_1\1380.wav,1
D:\VSCodeRepository\SceneZone-ANC\data\synth_noise\cls_1\1381.wav,1
D:\VSCodeRepository\SceneZone-ANC\data\synth_noise\cls_1\1382.wav,1
D:\VSCodeRepository\SceneZone-ANC\data\synth_noise\cls_1\1383.wav,1
D:\VSCodeRepository\SceneZone-ANC\data\synth_noise\cls_1\1384.wav,1
D:\VSCodeRepository\SceneZone-ANC\data\synth_noise\cls_1\1385.wav,1
D:\VSCodeRepository\SceneZone-ANC\data\synth_noise\cls_1\1386.wav,1
D:\VSCodeRepository\SceneZone-ANC\data\synth_noise\cls_1\1387.wav,1
D:\VSCodeRepository\SceneZone-ANC\data\synth_noise\cls_1\1388.wav,1
D:\VSCodeRepository\SceneZone-ANC\data\synth_noise\cls_1\1389.wav,1
D:\VSCodeRepository\SceneZone-ANC\data\synth_noise\cls_1\1390.wav,1
D:\VSCodeRepository\SceneZone-ANC\data\synth_noise\cls_1\1391.wav,1
D:\VSCodeRepository\SceneZone-ANC\data\synth_noise\cls_1\1392.wav,1
D:\VSCodeRepository\SceneZone-ANC\data\synth_noise\cls_1\1393.wav,1
D:\VSCodeRepository\SceneZone-ANC\data\synth_noise\cls_1\1394.wav,1
D:\VSCodeRepository\SceneZone-ANC\data\synth_noise\cls_1\1395.wav,1
D:\VSCodeRepository\SceneZone-ANC\data\synth_noise\cls_1\1396.wav,1
D:\VSCodeRepository\SceneZone-ANC\data\synth_noise\cls_1\1397.wav,1
D:\VSCodeRepository\SceneZone-ANC\data\synth_noise\cls_1\1398.wav,1
D:\VSCodeRepository\SceneZone-ANC\data\synth_noise\cls_1\1399.wav,1
D:\VSCodeRepository\SceneZone-ANC\data\synth_noise\cls_1\1400.wav,1
D:\VSCodeRepository\SceneZone-ANC\data\synth_noise\cls_1\1401.wav,1
D:\VSCodeRepository\SceneZone-ANC\data\synth_noise\cls_1\1402.wav,1
D:\VSCodeRepository\SceneZone-ANC\data\synth_noise\cls_1\1403.wav,1
D:\VSCodeRepository\SceneZone-ANC\data\synth_noise\cls_1\1404.wav,1
D:\VSCodeRepository\SceneZone-ANC\data\synth_noise\cls_1\1405.wav,1
D:\VSCodeRepository\SceneZone-ANC\data\synth_noise\cls_1\1406.wav,1
D:\VSCodeRepository\SceneZone-ANC\data\synth_noise\cls_1\1407.wav,1
D:\VSCodeRepository\SceneZone-ANC\data\synth_noise\cls_1\1408.wav,1
D:\VSCodeRepository\SceneZone-ANC\data\synth_noise\cls_1\1409.wav,1
D:\VSCodeRepository\SceneZone-ANC\data\synth_noise\cls_1\1410.wav,1
D:\VSCodeRepository\SceneZone-ANC\data\synth_noise\cls_1\1411.wav,1
D:\VSCodeRepository\SceneZone-ANC\data\synth_noise\cls_1\1412.wav,1
D:\VSCodeRepository\SceneZone-ANC\data\synth_noise\cls_1\1413.wav,1
D:\VSCodeRepository\SceneZone-ANC\data\synth_noise\cls_1\1414.wav,1
D:\VSCodeRepository\SceneZone-ANC\data\synth_noise\cls_1\1415.wav,1
D:\VSCodeRepository\SceneZone-ANC\data\synth_noise\cls_1\1416.wav,1
D:\VSCodeRepository\SceneZone-ANC\data\synth_noise\cls_1\1417.wav,1
D:\VSCodeRepository\SceneZone-ANC\data\synth_noise\cls_1\1418.wav,1
D:\VSCodeRepository\SceneZone-ANC\data\synth_noise\cls_1\1419.wav,1
D:\VSCodeRepository\SceneZone-ANC\data\synth_noise\cls_1\1420.wav,1
D:\VSCodeRepository\SceneZone-ANC\data\synth_noise\cls_1\1421.wav,1
D:\VSCodeRepository\SceneZone-ANC\data\synth_noise\cls_1\1422.wav,1
D:\VSCodeRepository\SceneZone-ANC\data\synth_noise\cls_1\1423.wav,1
D:\VSCodeRepository\SceneZone-ANC\data\synth_noise\cls_1\1424.wav,1
D:\VSCodeRepository\SceneZone-ANC\data\synth_noise\cls_1\1425.wav,1
D:\VSCodeRepository\SceneZone-ANC\data\synth_noise\cls_1\1426.wav,1
D:\VSCodeRepository\SceneZone-ANC\data\synth_noise\cls_1\1427.wav,1
D:\VSCodeRepository\SceneZone-ANC\data\synth_noise\cls_1\1428.wav,1
D:\VSCodeRepository\SceneZone-ANC\data\synth_noise\cls_1\1429.wav,1
D:\VSCodeRepository\SceneZone-ANC\data\synth_noise\cls_1\1430.wav,1
D:\VSCodeRepository\SceneZone-ANC\data\synth_noise\cls_1\1431.wav,1
D:\VSCodeRepository\SceneZone-ANC\data\synth_noise\cls_1\1432.wav,1
D:\VSCodeRepository\SceneZone-ANC\data\synth_noise\cls_1\1433.wav,1
D:\VSCodeRepository\SceneZone-ANC\data\synth_noise\cls_1\1434.wav,1
D:\VSCodeRepository\SceneZone-ANC\data\synth_noise\cls_1\1435.wav,1
D:\VSCodeRepository\SceneZone-ANC\data\synth_noise\cls_1\1436.wav,1
D:\VSCodeRepository\SceneZone-ANC\data\synth_noise\cls_1\1437.wav,1
D:\VSCodeRepository\SceneZone-ANC\data\synth_noise\cls_1\1438.wav,1
D:\VSCodeRepository\SceneZone-ANC\data\synth_noise\cls_1\1439.wav,1
D:\VSCodeRepository\SceneZone-ANC\data\synth_noise\cls_1\1440.wav,1
D:\VSCodeRepository\SceneZone-ANC\data\synth_noise\cls_1\1441.wav,1
D:\VSCodeRepository\SceneZone-ANC\data\synth_noise\cls_1\1442.wav,1
D:\VSCodeRepository\SceneZone-ANC\data\synth_noise\cls_1\1443.wav,1
D:\VSCodeRepository\SceneZone-ANC\data\synth_noise\cls_1\1444.wav,1
D:\VSCodeRepository\SceneZone-ANC\data\synth_noise\cls_1\1445.wav,1
D:\VSCodeRepository\SceneZone-ANC\data\synth_noise\cls_1\1446.wav,1
D:\VSCodeRepository\SceneZone-ANC\data\synth_noise\cls_1\1447.wav,1
D:\VSCodeRepository\SceneZone-ANC\data\synth_noise\cls_1\1448.wav,1
D:\VSCodeRepository\SceneZone-ANC\data\synth_noise\cls_1\1449.wav,1
D:\VSCodeRepository\SceneZone-ANC\data\synth_noise\cls_1\1450.wav,1
D:\VSCodeRepository\SceneZone-ANC\data\synth_noise\cls_1\1451.wav,1
D:\VSCodeRepository\SceneZone-ANC\data\synth_noise\cls_1\1452.wav,1
D:\VSCodeRepository\SceneZone-ANC\data\synth_noise\cls_1\1453.wav,1
D:\VSCodeRepository\SceneZone-ANC\data\synth_noise\cls_1\1454.wav,1
D:\VSCodeRepository\SceneZone-ANC\data\synth_noise\cls_1\1455.wav,1
D:\VSCodeRepository\SceneZone-ANC\data\synth_noise\cls_1\1456.wav,1
D:\VSCodeRepository\SceneZone-ANC\data\synth_noise\cls_1\1457.wav,1
D:\VSCodeRepository\SceneZone-ANC\data\synth_noise\cls_1\1458.wav,1
D:\VSCodeRepository\SceneZone-ANC\data\synth_noise\cls_1\1459.wav,1
D:\VSCodeRepository\SceneZone-ANC\data\synth_noise\cls_1\1460.wav,1
D:\VSCodeRepository\SceneZone-ANC\data\synth_noise\cls_1\1461.wav,1
D:\VSCodeRepository\SceneZone-ANC\data\synth_noise\cls_1\1462.wav,1
D:\VSCodeRepository\SceneZone-ANC\data\synth_noise\cls_1\1463.wav,1
D:\VSCodeRepository\SceneZone-ANC\data\synth_noise\cls_1\1464.wav,1
D:\VSCodeRepository\SceneZone-ANC\data\synth_noise\cls_1\1465.wav,1
D:\VSCodeRepository\SceneZone-ANC\data\synth_noise\cls_1\1466.wav,1
D:\VSCodeRepository\SceneZone-ANC\data\synth_noise\cls_1\1467.wav,1
D:\VSCodeRepository\SceneZone-ANC\data\synth_noise\cls_1\1468.wav,1
D:\VSCodeRepository\SceneZone-ANC\data\synth_noise\cls_1\1469.wav,1
D:\VSCodeRepository\SceneZone-ANC\data\synth_noise\cls_1\1470.wav,1
D:\VSCodeRepository\SceneZone-ANC\data\synth_noise\cls_1\1471.wav,1
D:\VSCodeRepository\SceneZone-ANC\data\synth_noise\cls_1\1472.wav,1
D:\VSCodeRepository\SceneZone-ANC\data\synth_noise\cls_1\1473.wav,1
D:\VSCodeRepository\SceneZone-ANC\data\synth_noise\cls_1\1474.wav,1
D:\VSCodeRepository\SceneZone-ANC\data\synth_noise\cls_1\1475.wav,1
D:\VSCodeRepository\SceneZone-ANC\data\synth_noise\cls_1\1476.wav,1
D:\VSCodeRepository\SceneZone-ANC\data\synth_noise\cls_1\1477.wav,1
D:\VSCodeRepository\SceneZone-ANC\data\synth_noise\cls_1\1478.wav,1
D:\VSCodeRepository\SceneZone-ANC\data\synth_noise\cls_1\1479.wav,1
D:\VSCodeRepository\SceneZone-ANC\data\synth_noise\cls_1\1480.wav,1
D:\VSCodeRepository\SceneZone-ANC\data\synth_noise\cls_1\1481.wav,1
D:\VSCodeRepository\SceneZone-ANC\data\synth_noise\cls_1\1482.wav,1
D:\VSCodeRepository\SceneZone-ANC\data\synth_noise\cls_1\1483.wav,1
D:\VSCodeRepository\SceneZone-ANC\data\synth_noise\cls_1\1484.wav,1
D:\VSCodeRepository\SceneZone-ANC\data\synth_noise\cls_1\1485.wav,1
D:\VSCodeRepository\SceneZone-ANC\data\synth_noise\cls_1\1486.wav,1
D:\VSCodeRepository\SceneZone-ANC\data\synth_noise\cls_1\1487.wav,1
D:\VSCodeRepository\SceneZone-ANC\data\synth_noise\cls_1\1488.wav,1
D:\VSCodeRepository\SceneZone-ANC\data\synth_noise\cls_1\1489.wav,1
D:\VSCodeRepository\SceneZone-ANC\data\synth_noise\cls_1\1490.wav,1
D:\VSCodeRepository\SceneZone-ANC\data\synth_noise\cls_1\1491.wav,1
D:\VSCodeRepository\SceneZone-ANC\data\synth_noise\cls_1\1492.wav,1
D:\VSCodeRepository\SceneZone-ANC\data\synth_noise\cls_1\1493.wav,1
D:\VSCodeRepository\SceneZone-ANC\data\synth_noise\cls_1\1494.wav,1
D:\VSCodeRepository\SceneZone-ANC\data\synth_noise\cls_1\1495.wav,1
D:\VSCodeRepository\SceneZone-ANC\data\synth_noise\cls_1\1496.wav,1
D:\VSCodeRepository\SceneZone-ANC\data\synth_noise\cls_1\1497.wav,1
D:\VSCodeRepository\SceneZone-ANC\data\synth_noise\cls_1\1498.wav,1
D:\VSCodeRepository\SceneZone-ANC\data\synth_noise\cls_1\1499.wav,1
D:\VSCodeRepository\SceneZone-ANC\data\synth_noise\cls_1\1500.wav,1
D:\VSCodeRepository\SceneZone-ANC\data\synth_noise\cls_1\1501.wav,1
D:\VSCodeRepository\SceneZone-ANC\data\synth_noise\cls_1\1502.wav,1
D:\VSCodeRepository\SceneZone-ANC\data\synth_noise\cls_1\1503.wav,1
D:\VSCodeRepository\SceneZone-ANC\data\synth_noise\cls_1\1504.wav,1
D:\VSCodeRepository\SceneZone-ANC\data\synth_noise\cls_1\1505.wav,1
D:\VSCodeRepository\SceneZone-ANC\data\synth_noise\cls_1\1506.wav,1
D:\VSCodeRepository\SceneZone-ANC\data\synth_noise\cls_1\1507.wav,1
D:\VSCodeRepository\SceneZone-ANC\data\synth_noise\cls_1\1508.wav,1
D:\VSCodeRepository\SceneZone-ANC\data\synth_noise\cls_1\1509.wav,1
D:\VSCodeRepository\SceneZone-ANC\data\synth_noise\cls_1\1510.wav,1
D:\VSCodeRepository\SceneZone-ANC\data\synth_noise\cls_1\1511.wav,1
D:\VSCodeRepository\SceneZone-ANC\data\synth_noise\cls_1\1512.wav,1
D:\VSCodeRepository\SceneZone-ANC\data\synth_noise\cls_1\1513.wav,1
D:\VSCodeRepository\SceneZone-ANC\data\synth_noise\cls_1\1514.wav,1
D:\VSCodeRepository\SceneZone-ANC\data\synth_noise\cls_1\1515.wav,1
D:\VSCodeRepository\SceneZone-ANC\data\synth_noise\cls_1\1516.wav,1
D:\VSCodeRepository\SceneZone-ANC\data\synth_noise\cls_1\1517.wav,1
D:\VSCodeRepository\SceneZone-ANC\data\synth_noise\cls_1\1518.wav,1
D:\VSCodeRepository\SceneZone-ANC\data\synth_noise\cls_1\1519.wav,1
D:\VSCodeRepository\SceneZone-ANC\data\synth_noise\cls_1\1520.wav,1
D:\VSCodeRepository\SceneZone-ANC\data\synth_noise\cls_1\1521.wav,1
D:\VSCodeRepository\SceneZone-ANC\data\synth_noise\cls_1\1522.wav,1
D:\VSCodeRepository\SceneZone-ANC\data\synth_noise\cls_1\1523.wav,1
D:\VSCodeRepository\SceneZone-ANC\data\synth_noise\cls_1\1524.wav,1
D:\VSCodeRepository\SceneZone-ANC\data\synth_noise\cls_1\1525.wav,1
D:\VSCodeRepository\SceneZone-ANC\data\synth_noise\cls_1\1526.wav,1
D:\VSCodeRepository\SceneZone-ANC\data\synth_noise\cls_1\1527.wav,1
D:\VSCodeRepository\SceneZone-ANC\data\synth_noise\cls_1\1528.wav,1
D:\VSCodeRepository\SceneZone-ANC\data\synth_noise\cls_1\1529.wav,1
D:\VSCodeRepository\SceneZone-ANC\data\synth_noise\cls_1\1530.wav,1
D:\VSCodeRepository\SceneZone-ANC\data\synth_noise\cls_1\1531.wav,1
D:\VSCodeRepository\SceneZone-ANC\data\synth_noise\cls_1\1532.wav,1
D:\VSCodeRepository\SceneZone-ANC\data\synth_noise\cls_1\1533.wav,1
D:\VSCodeRepository\SceneZone-ANC\data\synth_noise\cls_1\1534.wav,1
D:\VSCodeRepository\SceneZone-ANC\data\synth_noise\cls_1\1535.wav,1
D:\VSCodeRepository\SceneZone-ANC\data\synth_noise\cls_1\1536.wav,1
D:\VSCodeRepository\SceneZone-ANC\data\synth_noise\cls_1\1537.wav,1
D:\VSCodeRepository\SceneZone-ANC\data\synth_noise\cls_1\1538.wav,1
D:\VSCodeRepository\SceneZone-ANC\data\synth_noise\cls_1\1539.wav,1
D:\VSCodeRepository\SceneZone-ANC\data\synth_noise\cls_1\1540.wav,1
D:\VSCodeRepository\SceneZone-ANC\data\synth_noise\cls_1\1541.wav,1
D:\VSCodeRepository\SceneZone-ANC\data\synth_noise\cls_1\1542.wav,1
D:\VSCodeRepository\SceneZone-ANC\data\synth_noise\cls_1\1543.wav,1
D:\VSCodeRepository\SceneZone-ANC\data\synth_noise\cls_1\1544.wav,1
D:\VSCodeRepository\SceneZone-ANC\data\synth_noise\cls_1\1545.wav,1
D:\VSCodeRepository\SceneZone-ANC\data\synth_noise\cls_1\1546.wav,1
D:\VSCodeRepository\SceneZone-ANC\data\synth_noise\cls_1\1547.wav,1
D:\VSCodeRepository\SceneZone-ANC\data\synth_noise\cls_1\1548.wav,1
D:\VSCodeRepository\SceneZone-ANC\data\synth_noise\cls_1\1549.wav,1
D:\VSCodeRepository\SceneZone-ANC\data\synth_noise\cls_1\1550.wav,1
D:\VSCodeRepository\SceneZone-ANC\data\synth_noise\cls_1\1551.wav,1
D:\VSCodeRepository\SceneZone-ANC\data\synth_noise\cls_1\1552.wav,1
D:\VSCodeRepository\SceneZone-ANC\data\synth_noise\cls_1\1553.wav,1
D:\VSCodeRepository\SceneZone-ANC\data\synth_noise\cls_1\1554.wav,1
D:\VSCodeRepository\SceneZone-ANC\data\synth_noise\cls_1\1555.wav,1
D:\VSCodeRepository\SceneZone-ANC\data\synth_noise\cls_1\1556.wav,1
D:\VSCodeRepository\SceneZone-ANC\data\synth_noise\cls_1\1557.wav,1
D:\VSCodeRepository\SceneZone-ANC\data\synth_noise\cls_1\1558.wav,1
D:\VSCodeRepository\SceneZone-ANC\data\synth_noise\cls_1\1559.wav,1
D:\VSCodeRepository\SceneZone-ANC\data\synth_noise\cls_1\1560.wav,1
D:\VSCodeRepository\SceneZone-ANC\data\synth_noise\cls_1\1561.wav,1
D:\VSCodeRepository\SceneZone-ANC\data\synth_noise\cls_1\1562.wav,1
D:\VSCodeRepository\SceneZone-ANC\data\synth_noise\cls_1\1563.wav,1
D:\VSCodeRepository\SceneZone-ANC\data\synth_noise\cls_1\1564.wav,1
D:\VSCodeRepository\SceneZone-ANC\data\synth_noise\cls_1\1565.wav,1
D:\VSCodeRepository\SceneZone-ANC\data\synth_noise\cls_1\1566.wav,1
D:\VSCodeRepository\SceneZone-ANC\data\synth_noise\cls_1\1567.wav,1
D:\VSCodeRepository\SceneZone-ANC\data\synth_noise\cls_1\1568.wav,1
D:\VSCodeRepository\SceneZone-ANC\data\synth_noise\cls_1\1569.wav,1
D:\VSCodeRepository\SceneZone-ANC\data\synth_noise\cls_1\1570.wav,1
D:\VSCodeRepository\SceneZone-ANC\data\synth_noise\cls_1\1571.wav,1
D:\VSCodeRepository\SceneZone-ANC\data\synth_noise\cls_1\1572.wav,1
D:\VSCodeRepository\SceneZone-ANC\data\synth_noise\cls_1\1573.wav,1
D:\VSCodeRepository\SceneZone-ANC\data\synth_noise\cls_1\1574.wav,1
D:\VSCodeRepository\SceneZone-ANC\data\synth_noise\cls_1\1575.wav,1
D:\VSCodeRepository\SceneZone-ANC\data\synth_noise\cls_1\1576.wav,1
D:\VSCodeRepository\SceneZone-ANC\data\synth_noise\cls_1\1577.wav,1
D:\VSCodeRepository\SceneZone-ANC\data\synth_noise\cls_1\1578.wav,1
D:\VSCodeRepository\SceneZone-ANC\data\synth_noise\cls_1\1579.wav,1
D:\VSCodeRepository\SceneZone-ANC\data\synth_noise\cls_1\1580.wav,1
D:\VSCodeRepository\SceneZone-ANC\data\synth_noise\cls_1\1581.wav,1
D:\VSCodeRepository\SceneZone-ANC\data\synth_noise\cls_1\1582.wav,1
D:\VSCodeRepository\SceneZone-ANC\data\synth_noise\cls_1\1583.wav,1
D:\VSCodeRepository\SceneZone-ANC\data\synth_noise\cls_1\1584.wav,1
D:\VSCodeRepository\SceneZone-ANC\data\synth_noise\cls_1\1585.wav,1
D:\VSCodeRepository\SceneZone-ANC\data\synth_noise\cls_1\1586.wav,1
D:\VSCodeRepository\SceneZone-ANC\data\synth_noise\cls_1\1587.wav,1
D:\VSCodeRepository\SceneZone-ANC\data\synth_noise\cls_1\1588.wav,1
D:\VSCodeRepository\SceneZone-ANC\data\synth_noise\cls_1\1589.wav,1
D:\VSCodeRepository\SceneZone-ANC\data\synth_noise\cls_1\1590.wav,1
D:\VSCodeRepository\SceneZone-ANC\data\synth_noise\cls_1\1591.wav,1
D:\VSCodeRepository\SceneZone-ANC\data\synth_noise\cls_1\1592.wav,1
D:\VSCodeRepository\SceneZone-ANC\data\synth_noise\cls_1\1593.wav,1
D:\VSCodeRepository\SceneZone-ANC\data\synth_noise\cls_1\1594.wav,1
D:\VSCodeRepository\SceneZone-ANC\data\synth_noise\cls_1\1595.wav,1
D:\VSCodeRepository\SceneZone-ANC\data\synth_noise\cls_1\1596.wav,1
D:\VSCodeRepository\SceneZone-ANC\data\synth_noise\cls_1\1597.wav,1
D:\VSCodeRepository\SceneZone-ANC\data\synth_noise\cls_1\1598.wav,1
D:\VSCodeRepository\SceneZone-ANC\data\synth_noise\cls_1\1599.wav,1
D:\VSCodeRepository\SceneZone-ANC\data\synth_noise\cls_1\1600.wav,1
D:\VSCodeRepository\SceneZone-ANC\data\synth_noise\cls_1\1601.wav,1
D:\VSCodeRepository\SceneZone-ANC\data\synth_noise\cls_1\1602.wav,1
D:\VSCodeRepository\SceneZone-ANC\data\synth_noise\cls_1\1603.wav,1
D:\VSCodeRepository\SceneZone-ANC\data\synth_noise\cls_1\1604.wav,1
D:\VSCodeRepository\SceneZone-ANC\data\synth_noise\cls_1\1605.wav,1
D:\VSCodeRepository\SceneZone-ANC\data\synth_noise\cls_1\1606.wav,1
D:\VSCodeRepository\SceneZone-ANC\data\synth_noise\cls_1\1607.wav,1
D:\VSCodeRepository\SceneZone-ANC\data\synth_noise\cls_1\1608.wav,1
D:\VSCodeRepository\SceneZone-ANC\data\synth_noise\cls_1\1609.wav,1
D:\VSCodeRepository\SceneZone-ANC\data\synth_noise\cls_1\1610.wav,1
D:\VSCodeRepository\SceneZone-ANC\data\synth_noise\cls_1\1611.wav,1
D:\VSCodeRepository\SceneZone-ANC\data\synth_noise\cls_1\1612.wav,1
D:\VSCodeRepository\SceneZone-ANC\data\synth_noise\cls_1\1613.wav,1
D:\VSCodeRepository\SceneZone-ANC\data\synth_noise\cls_1\1614.wav,1
D:\VSCodeRepository\SceneZone-ANC\data\synth_noise\cls_1\1615.wav,1
D:\VSCodeRepository\SceneZone-ANC\data\synth_noise\cls_1\1616.wav,1
D:\VSCodeRepository\SceneZone-ANC\data\synth_noise\cls_1\1617.wav,1
D:\VSCodeRepository\SceneZone-ANC\data\synth_noise\cls_1\1618.wav,1
D:\VSCodeRepository\SceneZone-ANC\data\synth_noise\cls_1\1619.wav,1
D:\VSCodeRepository\SceneZone-ANC\data\synth_noise\cls_1\1620.wav,1
D:\VSCodeRepository\SceneZone-ANC\data\synth_noise\cls_1\1621.wav,1
D:\VSCodeRepository\SceneZone-ANC\data\synth_noise\cls_1\1622.wav,1
D:\VSCodeRepository\SceneZone-ANC\data\synth_noise\cls_1\1623.wav,1
D:\VSCodeRepository\SceneZone-ANC\data\synth_noise\cls_1\1624.wav,1
D:\VSCodeRepository\SceneZone-ANC\data\synth_noise\cls_1\1625.wav,1
D:\VSCodeRepository\SceneZone-ANC\data\synth_noise\cls_1\1626.wav,1
D:\VSCodeRepository\SceneZone-ANC\data\synth_noise\cls_1\1627.wav,1
D:\VSCodeRepository\SceneZone-ANC\data\synth_noise\cls_1\1628.wav,1
D:\VSCodeRepository\SceneZone-ANC\data\synth_noise\cls_1\1629.wav,1
D:\VSCodeRepository\SceneZone-ANC\data\synth_noise\cls_1\1630.wav,1
D:\VSCodeRepository\SceneZone-ANC\data\synth_noise\cls_1\1631.wav,1
D:\VSCodeRepository\SceneZone-ANC\data\synth_noise\cls_1\1632.wav,1
D:\VSCodeRepository\SceneZone-ANC\data\synth_noise\cls_1\1633.wav,1
D:\VSCodeRepository\SceneZone-ANC\data\synth_noise\cls_1\1634.wav,1
D:\VSCodeRepository\SceneZone-ANC\data\synth_noise\cls_1\1635.wav,1
D:\VSCodeRepository\SceneZone-ANC\data\synth_noise\cls_1\1636.wav,1
D:\VSCodeRepository\SceneZone-ANC\data\synth_noise\cls_1\1637.wav,1
D:\VSCodeRepository\SceneZone-ANC\data\synth_noise\cls_1\1638.wav,1
D:\VSCodeRepository\SceneZone-ANC\data\synth_noise\cls_1\1639.wav,1
D:\VSCodeRepository\SceneZone-ANC\data\synth_noise\cls_1\1640.wav,1
D:\VSCodeRepository\SceneZone-ANC\data\synth_noise\cls_1\1641.wav,1
D:\VSCodeRepository\SceneZone-ANC\data\synth_noise\cls_1\1642.wav,1
D:\VSCodeRepository\SceneZone-ANC\data\synth_noise\cls_1\1643.wav,1
D:\VSCodeRepository\SceneZone-ANC\data\synth_noise\cls_1\1644.wav,1
D:\VSCodeRepository\SceneZone-ANC\data\synth_noise\cls_1\1645.wav,1
D:\VSCodeRepository\SceneZone-ANC\data\synth_noise\cls_1\1646.wav,1
D:\VSCodeRepository\SceneZone-ANC\data\synth_noise\cls_1\1647.wav,1
D:\VSCodeRepository\SceneZone-ANC\data\synth_noise\cls_1\1648.wav,1
D:\VSCodeRepository\SceneZone-ANC\data\synth_noise\cls_1\1649.wav,1
D:\VSCodeRepository\SceneZone-ANC\data\synth_noise\cls_1\1650.wav,1
D:\VSCodeRepository\SceneZone-ANC\data\synth_noise\cls_1\1651.wav,1
D:\VSCodeRepository\SceneZone-ANC\data\synth_noise\cls_1\1652.wav,1
D:\VSCodeRepository\SceneZone-ANC\data\synth_noise\cls_1\1653.wav,1
D:\VSCodeRepository\SceneZone-ANC\data\synth_noise\cls_1\1654.wav,1
D:\VSCodeRepository\SceneZone-ANC\data\synth_noise\cls_1\1655.wav,1
D:\VSCodeRepository\SceneZone-ANC\data\synth_noise\cls_1\1656.wav,1
D:\VSCodeRepository\SceneZone-ANC\data\synth_noise\cls_1\1657.wav,1
D:\VSCodeRepository\SceneZone-ANC\data\synth_noise\cls_1\1658.wav,1
D:\VSCodeRepository\SceneZone-ANC\data\synth_noise\cls_1\1659.wav,1
D:\VSCodeRepository\SceneZone-ANC\data\synth_noise\cls_1\1660.wav,1
D:\VSCodeRepository\SceneZone-ANC\data\synth_noise\cls_1\1661.wav,1
D:\VSCodeRepository\SceneZone-ANC\data\synth_noise\cls_1\1662.wav,1
D:\VSCodeRepository\SceneZone-ANC\data\synth_noise\cls_1\1663.wav,1
D:\VSCodeRepository\SceneZone-ANC\data\synth_noise\cls_1\1664.wav,1
D:\VSCodeRepository\SceneZone-ANC\data\synth_noise\cls_1\1665.wav,1
D:\VSCodeRepository\SceneZone-ANC\data\synth_noise\cls_1\1666.wav,1
D:\VSCodeRepository\SceneZone-ANC\data\synth_noise\cls_1\1667.wav,1
D:\VSCodeRepository\SceneZone-ANC\data\synth_noise\cls_1\1668.wav,1
D:\VSCodeRepository\SceneZone-ANC\data\synth_noise\cls_1\1669.wav,1
D:\VSCodeRepository\SceneZone-ANC\data\synth_noise\cls_1\1670.wav,1
D:\VSCodeRepository\SceneZone-ANC\data\synth_noise\cls_1\1671.wav,1
D:\VSCodeRepository\SceneZone-ANC\data\synth_noise\cls_1\1672.wav,1
D:\VSCodeRepository\SceneZone-ANC\data\synth_noise\cls_1\1673.wav,1
D:\VSCodeRepository\SceneZone-ANC\data\synth_noise\cls_1\1674.wav,1
D:\VSCodeRepository\SceneZone-ANC\data\synth_noise\cls_1\1675.wav,1
D:\VSCodeRepository\SceneZone-ANC\data\synth_noise\cls_1\1676.wav,1
D:\VSCodeRepository\SceneZone-ANC\data\synth_noise\cls_1\1677.wav,1
D:\VSCodeRepository\SceneZone-ANC\data\synth_noise\cls_1\1678.wav,1
D:\VSCodeRepository\SceneZone-ANC\data\synth_noise\cls_1\1679.wav,1
D:\VSCodeRepository\SceneZone-ANC\data\synth_noise\cls_1\1680.wav,1
D:\VSCodeRepository\SceneZone-ANC\data\synth_noise\cls_1\1681.wav,1
D:\VSCodeRepository\SceneZone-ANC\data\synth_noise\cls_1\1682.wav,1
D:\VSCodeRepository\SceneZone-ANC\data\synth_noise\cls_1\1683.wav,1
D:\VSCodeRepository\SceneZone-ANC\data\synth_noise\cls_1\1684.wav,1
D:\VSCodeRepository\SceneZone-ANC\data\synth_noise\cls_1\1685.wav,1
D:\VSCodeRepository\SceneZone-ANC\data\synth_noise\cls_1\1686.wav,1
D:\VSCodeRepository\SceneZone-ANC\data\synth_noise\cls_1\1687.wav,1
D:\VSCodeRepository\SceneZone-ANC\data\synth_noise\cls_1\1688.wav,1
D:\VSCodeRepository\SceneZone-ANC\data\synth_noise\cls_1\1689.wav,1
D:\VSCodeRepository\SceneZone-ANC\data\synth_noise\cls_1\1690.wav,1
D:\VSCodeRepository\SceneZone-ANC\data\synth_noise\cls_1\1691.wav,1
D:\VSCodeRepository\SceneZone-ANC\data\synth_noise\cls_1\1692.wav,1
D:\VSCodeRepository\SceneZone-ANC\data\synth_noise\cls_1\1693.wav,1
D:\VSCodeRepository\SceneZone-ANC\data\synth_noise\cls_1\1694.wav,1
D:\VSCodeRepository\SceneZone-ANC\data\synth_noise\cls_1\1695.wav,1
D:\VSCodeRepository\SceneZone-ANC\data\synth_noise\cls_1\1696.wav,1
D:\VSCodeRepository\SceneZone-ANC\data\synth_noise\cls_1\1697.wav,1
D:\VSCodeRepository\SceneZone-ANC\data\synth_noise\cls_1\1698.wav,1
D:\VSCodeRepository\SceneZone-ANC\data\synth_noise\cls_1\1699.wav,1
D:\VSCodeRepository\SceneZone-ANC\data\synth_noise\cls_1\1700.wav,1
D:\VSCodeRepository\SceneZone-ANC\data\synth_noise\cls_1\1701.wav,1
D:\VSCodeRepository\SceneZone-ANC\data\synth_noise\cls_1\1702.wav,1
D:\VSCodeRepository\SceneZone-ANC\data\synth_noise\cls_1\1703.wav,1
D:\VSCodeRepository\SceneZone-ANC\data\synth_noise\cls_1\1704.wav,1
D:\VSCodeRepository\SceneZone-ANC\data\synth_noise\cls_1\1705.wav,1
D:\VSCodeRepository\SceneZone-ANC\data\synth_noise\cls_1\1706.wav,1
D:\VSCodeRepository\SceneZone-ANC\data\synth_noise\cls_1\1707.wav,1
D:\VSCodeRepository\SceneZone-ANC\data\synth_noise\cls_1\1708.wav,1
D:\VSCodeRepository\SceneZone-ANC\data\synth_noise\cls_1\1709.wav,1
D:\VSCodeRepository\SceneZone-ANC\data\synth_noise\cls_1\1710.wav,1
D:\VSCodeRepository\SceneZone-ANC\data\synth_noise\cls_1\1711.wav,1
D:\VSCodeRepository\SceneZone-ANC\data\synth_noise\cls_1\1712.wav,1
D:\VSCodeRepository\SceneZone-ANC\data\synth_noise\cls_1\1713.wav,1
D:\VSCodeRepository\SceneZone-ANC\data\synth_noise\cls_1\1714.wav,1
D:\VSCodeRepository\SceneZone-ANC\data\synth_noise\cls_1\1715.wav,1
D:\VSCodeRepository\SceneZone-ANC\data\synth_noise\cls_1\1716.wav,1
D:\VSCodeRepository\SceneZone-ANC\data\synth_noise\cls_1\1717.wav,1
D:\VSCodeRepository\SceneZone-ANC\data\synth_noise\cls_1\1718.wav,1
D:\VSCodeRepository\SceneZone-ANC\data\synth_noise\cls_1\1719.wav,1
D:\VSCodeRepository\SceneZone-ANC\data\synth_noise\cls_1\1720.wav,1
D:\VSCodeRepository\SceneZone-ANC\data\synth_noise\cls_1\1721.wav,1
D:\VSCodeRepository\SceneZone-ANC\data\synth_noise\cls_1\1722.wav,1
D:\VSCodeRepository\SceneZone-ANC\data\synth_noise\cls_1\1723.wav,1
D:\VSCodeRepository\SceneZone-ANC\data\synth_noise\cls_1\1724.wav,1
D:\VSCodeRepository\SceneZone-ANC\data\synth_noise\cls_1\1725.wav,1
D:\VSCodeRepository\SceneZone-ANC\data\synth_noise\cls_1\1726.wav,1
D:\VSCodeRepository\SceneZone-ANC\data\synth_noise\cls_1\1727.wav,1
D:\VSCodeRepository\SceneZone-ANC\data\synth_noise\cls_1\1728.wav,1
D:\VSCodeRepository\SceneZone-ANC\data\synth_noise\cls_1\1729.wav,1
D:\VSCodeRepository\SceneZone-ANC\data\synth_noise\cls_1\1730.wav,1
D:\VSCodeRepository\SceneZone-ANC\data\synth_noise\cls_1\1731.wav,1
D:\VSCodeRepository\SceneZone-ANC\data\synth_noise\cls_1\1732.wav,1
D:\VSCodeRepository\SceneZone-ANC\data\synth_noise\cls_1\1733.wav,1
D:\VSCodeRepository\SceneZone-ANC\data\synth_noise\cls_1\1734.wav,1
D:\VSCodeRepository\SceneZone-ANC\data\synth_noise\cls_1\1735.wav,1
D:\VSCodeRepository\SceneZone-ANC\data\synth_noise\cls_1\1736.wav,1
D:\VSCodeRepository\SceneZone-ANC\data\synth_noise\cls_1\1737.wav,1
D:\VSCodeRepository\SceneZone-ANC\data\synth_noise\cls_1\1738.wav,1
D:\VSCodeRepository\SceneZone-ANC\data\synth_noise\cls_1\1739.wav,1
D:\VSCodeRepository\SceneZone-ANC\data\synth_noise\cls_1\1740.wav,1
D:\VSCodeRepository\SceneZone-ANC\data\synth_noise\cls_1\1741.wav,1
D:\VSCodeRepository\SceneZone-ANC\data\synth_noise\cls_1\1742.wav,1
D:\VSCodeRepository\SceneZone-ANC\data\synth_noise\cls_1\1743.wav,1
D:\VSCodeRepository\SceneZone-ANC\data\synth_noise\cls_1\1744.wav,1
D:\VSCodeRepository\SceneZone-ANC\data\synth_noise\cls_1\1745.wav,1
D:\VSCodeRepository\SceneZone-ANC\data\synth_noise\cls_1\1746.wav,1
D:\VSCodeRepository\SceneZone-ANC\data\synth_noise\cls_1\1747.wav,1
D:\VSCodeRepository\SceneZone-ANC\data\synth_noise\cls_1\1748.wav,1
D:\VSCodeRepository\SceneZone-ANC\data\synth_noise\cls_1\1749.wav,1
D:\VSCodeRepository\SceneZone-ANC\data\synth_noise\cls_1\1750.wav,1
D:\VSCodeRepository\SceneZone-ANC\data\synth_noise\cls_1\1751.wav,1
D:\VSCodeRepository\SceneZone-ANC\data\synth_noise\cls_1\1752.wav,1
D:\VSCodeRepository\SceneZone-ANC\data\synth_noise\cls_1\1753.wav,1
D:\VSCodeRepository\SceneZone-ANC\data\synth_noise\cls_1\1754.wav,1
D:\VSCodeRepository\SceneZone-ANC\data\synth_noise\cls_1\1755.wav,1
D:\VSCodeRepository\SceneZone-ANC\data\synth_noise\cls_1\1756.wav,1
D:\VSCodeRepository\SceneZone-ANC\data\synth_noise\cls_1\1757.wav,1
D:\VSCodeRepository\SceneZone-ANC\data\synth_noise\cls_1\1758.wav,1
D:\VSCodeRepository\SceneZone-ANC\data\synth_noise\cls_1\1759.wav,1
D:\VSCodeRepository\SceneZone-ANC\data\synth_noise\cls_1\1760.wav,1
D:\VSCodeRepository\SceneZone-ANC\data\synth_noise\cls_1\1761.wav,1
D:\VSCodeRepository\SceneZone-ANC\data\synth_noise\cls_1\1762.wav,1
D:\VSCodeRepository\SceneZone-ANC\data\synth_noise\cls_1\1763.wav,1
D:\VSCodeRepository\SceneZone-ANC\data\synth_noise\cls_1\1764.wav,1
D:\VSCodeRepository\SceneZone-ANC\data\synth_noise\cls_1\1765.wav,1
D:\VSCodeRepository\SceneZone-ANC\data\synth_noise\cls_1\1766.wav,1
D:\VSCodeRepository\SceneZone-ANC\data\synth_noise\cls_1\1767.wav,1
D:\VSCodeRepository\SceneZone-ANC\data\synth_noise\cls_1\1768.wav,1
D:\VSCodeRepository\SceneZone-ANC\data\synth_noise\cls_1\1769.wav,1
D:\VSCodeRepository\SceneZone-ANC\data\synth_noise\cls_1\1770.wav,1
D:\VSCodeRepository\SceneZone-ANC\data\synth_noise\cls_1\1771.wav,1
D:\VSCodeRepository\SceneZone-ANC\data\synth_noise\cls_1\1772.wav,1
D:\VSCodeRepository\SceneZone-ANC\data\synth_noise\cls_1\1773.wav,1
D:\VSCodeRepository\SceneZone-ANC\data\synth_noise\cls_1\1774.wav,1
D:\VSCodeRepository\SceneZone-ANC\data\synth_noise\cls_1\1775.wav,1
D:\VSCodeRepository\SceneZone-ANC\data\synth_noise\cls_1\1776.wav,1
D:\VSCodeRepository\SceneZone-ANC\data\synth_noise\cls_1\1777.wav,1
D:\VSCodeRepository\SceneZone-ANC\data\synth_noise\cls_1\1778.wav,1
D:\VSCodeRepository\SceneZone-ANC\data\synth_noise\cls_1\1779.wav,1
D:\VSCodeRepository\SceneZone-ANC\data\synth_noise\cls_1\1780.wav,1
D:\VSCodeRepository\SceneZone-ANC\data\synth_noise\cls_1\1781.wav,1
D:\VSCodeRepository\SceneZone-ANC\data\synth_noise\cls_1\1782.wav,1
D:\VSCodeRepository\SceneZone-ANC\data\synth_noise\cls_1\1783.wav,1
D:\VSCodeRepository\SceneZone-ANC\data\synth_noise\cls_1\1784.wav,1
D:\VSCodeRepository\SceneZone-ANC\data\synth_noise\cls_1\1785.wav,1
D:\VSCodeRepository\SceneZone-ANC\data\synth_noise\cls_1\1786.wav,1
D:\VSCodeRepository\SceneZone-ANC\data\synth_noise\cls_1\1787.wav,1
D:\VSCodeRepository\SceneZone-ANC\data\synth_noise\cls_1\1788.wav,1
D:\VSCodeRepository\SceneZone-ANC\data\synth_noise\cls_1\1789.wav,1
D:\VSCodeRepository\SceneZone-ANC\data\synth_noise\cls_1\1790.wav,1
D:\VSCodeRepository\SceneZone-ANC\data\synth_noise\cls_1\1791.wav,1
D:\VSCodeRepository\SceneZone-ANC\data\synth_noise\cls_1\1792.wav,1
D:\VSCodeRepository\SceneZone-ANC\data\synth_noise\cls_1\1793.wav,1
D:\VSCodeRepository\SceneZone-ANC\data\synth_noise\cls_1\1794.wav,1
D:\VSCodeRepository\SceneZone-ANC\data\synth_noise\cls_1\1795.wav,1
D:\VSCodeRepository\SceneZone-ANC\data\synth_noise\cls_1\1796.wav,1
D:\VSCodeRepository\SceneZone-ANC\data\synth_noise\cls_1\1797.wav,1
D:\VSCodeRepository\SceneZone-ANC\data\synth_noise\cls_1\1798.wav,1
D:\VSCodeRepository\SceneZone-ANC\data\synth_noise\cls_1\1799.wav,1
D:\VSCodeRepository\SceneZone-ANC\data\synth_noise\cls_1\1800.wav,1
D:\VSCodeRepository\SceneZone-ANC\data\synth_noise\cls_1\1801.wav,1
D:\VSCodeRepository\SceneZone-ANC\data\synth_noise\cls_1\1802.wav,1
D:\VSCodeRepository\SceneZone-ANC\data\synth_noise\cls_1\1803.wav,1
D:\VSCodeRepository\SceneZone-ANC\data\synth_noise\cls_1\1804.wav,1
D:\VSCodeRepository\SceneZone-ANC\data\synth_noise\cls_1\1805.wav,1
D:\VSCodeRepository\SceneZone-ANC\data\synth_noise\cls_1\1806.wav,1
D:\VSCodeRepository\SceneZone-ANC\data\synth_noise\cls_1\1807.wav,1
D:\VSCodeRepository\SceneZone-ANC\data\synth_noise\cls_1\1808.wav,1
D:\VSCodeRepository\SceneZone-ANC\data\synth_noise\cls_1\1809.wav,1
D:\VSCodeRepository\SceneZone-ANC\data\synth_noise\cls_1\1810.wav,1
D:\VSCodeRepository\SceneZone-ANC\data\synth_noise\cls_1\1811.wav,1
D:\VSCodeRepository\SceneZone-ANC\data\synth_noise\cls_1\1812.wav,1
D:\VSCodeRepository\SceneZone-ANC\data\synth_noise\cls_1\1813.wav,1
D:\VSCodeRepository\SceneZone-ANC\data\synth_noise\cls_1\1814.wav,1
D:\VSCodeRepository\SceneZone-ANC\data\synth_noise\cls_1\1815.wav,1
D:\VSCodeRepository\SceneZone-ANC\data\synth_noise\cls_1\1816.wav,1
D:\VSCodeRepository\SceneZone-ANC\data\synth_noise\cls_1\1817.wav,1
D:\VSCodeRepository\SceneZone-ANC\data\synth_noise\cls_1\1818.wav,1
D:\VSCodeRepository\SceneZone-ANC\data\synth_noise\cls_1\1819.wav,1
D:\VSCodeRepository\SceneZone-ANC\data\synth_noise\cls_1\1820.wav,1
D:\VSCodeRepository\SceneZone-ANC\data\synth_noise\cls_1\1821.wav,1
D:\VSCodeRepository\SceneZone-ANC\data\synth_noise\cls_1\1822.wav,1
D:\VSCodeRepository\SceneZone-ANC\data\synth_noise\cls_1\1823.wav,1
D:\VSCodeRepository\SceneZone-ANC\data\synth_noise\cls_1\1824.wav,1
D:\VSCodeRepository\SceneZone-ANC\data\synth_noise\cls_1\1825.wav,1
D:\VSCodeRepository\SceneZone-ANC\data\synth_noise\cls_1\1826.wav,1
D:\VSCodeRepository\SceneZone-ANC\data\synth_noise\cls_1\1827.wav,1
D:\VSCodeRepository\SceneZone-ANC\data\synth_noise\cls_1\1828.wav,1
D:\VSCodeRepository\SceneZone-ANC\data\synth_noise\cls_1\1829.wav,1
D:\VSCodeRepository\SceneZone-ANC\data\synth_noise\cls_1\1830.wav,1
D:\VSCodeRepository\SceneZone-ANC\data\synth_noise\cls_1\1831.wav,1
D:\VSCodeRepository\SceneZone-ANC\data\synth_noise\cls_1\1832.wav,1
D:\VSCodeRepository\SceneZone-ANC\data\synth_noise\cls_1\1833.wav,1
D:\VSCodeRepository\SceneZone-ANC\data\synth_noise\cls_1\1834.wav,1
D:\VSCodeRepository\SceneZone-ANC\data\synth_noise\cls_1\1835.wav,1
D:\VSCodeRepository\SceneZone-ANC\data\synth_noise\cls_1\1836.wav,1
D:\VSCodeRepository\SceneZone-ANC\data\synth_noise\cls_1\1837.wav,1
D:\VSCodeRepository\SceneZone-ANC\data\synth_noise\cls_1\1838.wav,1
D:\VSCodeRepository\SceneZone-ANC\data\synth_noise\cls_1\1839.wav,1
D:\VSCodeRepository\SceneZone-ANC\data\synth_noise\cls_1\1840.wav,1
D:\VSCodeRepository\SceneZone-ANC\data\synth_noise\cls_1\1841.wav,1
D:\VSCodeRepository\SceneZone-ANC\data\synth_noise\cls_1\1842.wav,1
D:\VSCodeRepository\SceneZone-ANC\data\synth_noise\cls_1\1843.wav,1
D:\VSCodeRepository\SceneZone-ANC\data\synth_noise\cls_1\1844.wav,1
D:\VSCodeRepository\SceneZone-ANC\data\synth_noise\cls_1\1845.wav,1
D:\VSCodeRepository\SceneZone-ANC\data\synth_noise\cls_1\1846.wav,1
D:\VSCodeRepository\SceneZone-ANC\data\synth_noise\cls_1\1847.wav,1
D:\VSCodeRepository\SceneZone-ANC\data\synth_noise\cls_1\1848.wav,1
D:\VSCodeRepository\SceneZone-ANC\data\synth_noise\cls_1\1849.wav,1
D:\VSCodeRepository\SceneZone-ANC\data\synth_noise\cls_1\1850.wav,1
D:\VSCodeRepository\SceneZone-ANC\data\synth_noise\cls_1\1851.wav,1
D:\VSCodeRepository\SceneZone-ANC\data\synth_noise\cls_1\1852.wav,1
D:\VSCodeRepository\SceneZone-ANC\data\synth_noise\cls_1\1853.wav,1
D:\VSCodeRepository\SceneZone-ANC\data\synth_noise\cls_1\1854.wav,1
D:\VSCodeRepository\SceneZone-ANC\data\synth_noise\cls_1\1855.wav,1
D:\VSCodeRepository\SceneZone-ANC\data\synth_noise\cls_1\1856.wav,1
D:\VSCodeRepository\SceneZone-ANC\data\synth_noise\cls_1\1857.wav,1
D:\VSCodeRepository\SceneZone-ANC\data\synth_noise\cls_1\1858.wav,1
D:\VSCodeRepository\SceneZone-ANC\data\synth_noise\cls_1\1859.wav,1
D:\VSCodeRepository\SceneZone-ANC\data\synth_noise\cls_1\1860.wav,1
D:\VSCodeRepository\SceneZone-ANC\data\synth_noise\cls_1\1861.wav,1
D:\VSCodeRepository\SceneZone-ANC\data\synth_noise\cls_1\1862.wav,1
D:\VSCodeRepository\SceneZone-ANC\data\synth_noise\cls_1\1863.wav,1
D:\VSCodeRepository\SceneZone-ANC\data\synth_noise\cls_1\1864.wav,1
D:\VSCodeRepository\SceneZone-ANC\data\synth_noise\cls_1\1865.wav,1
D:\VSCodeRepository\SceneZone-ANC\data\synth_noise\cls_1\1866.wav,1
D:\VSCodeRepository\SceneZone-ANC\data\synth_noise\cls_1\1867.wav,1
D:\VSCodeRepository\SceneZone-ANC\data\synth_noise\cls_1\1868.wav,1
D:\VSCodeRepository\SceneZone-ANC\data\synth_noise\cls_1\1869.wav,1
D:\VSCodeRepository\SceneZone-ANC\data\synth_noise\cls_1\1870.wav,1
D:\VSCodeRepository\SceneZone-ANC\data\synth_noise\cls_1\1871.wav,1
D:\VSCodeRepository\SceneZone-ANC\data\synth_noise\cls_1\1872.wav,1
D:\VSCodeRepository\SceneZone-ANC\data\synth_noise\cls_1\1873.wav,1
D:\VSCodeRepository\SceneZone-ANC\data\synth_noise\cls_1\1874.wav,1
D:\VSCodeRepository\SceneZone-ANC\data\synth_noise\cls_1\1875.wav,1
D:\VSCodeRepository\SceneZone-ANC\data\synth_noise\cls_1\1876.wav,1
D:\VSCodeRepository\SceneZone-ANC\data\synth_noise\cls_1\1877.wav,1
D:\VSCodeRepository\SceneZone-ANC\data\synth_noise\cls_1\1878.wav,1
D:\VSCodeRepository\SceneZone-ANC\data\synth_noise\cls_1\1879.wav,1
D:\VSCodeRepository\SceneZone-ANC\data\synth_noise\cls_1\1880.wav,1
D:\VSCodeRepository\SceneZone-ANC\data\synth_noise\cls_1\1881.wav,1
D:\VSCodeRepository\SceneZone-ANC\data\synth_noise\cls_1\1882.wav,1
D:\VSCodeRepository\SceneZone-ANC\data\synth_noise\cls_1\1883.wav,1
D:\VSCodeRepository\SceneZone-ANC\data\synth_noise\cls_1\1884.wav,1
D:\VSCodeRepository\SceneZone-ANC\data\synth_noise\cls_1\1885.wav,1
D:\VSCodeRepository\SceneZone-ANC\data\synth_noise\cls_1\1886.wav,1
D:\VSCodeRepository\SceneZone-ANC\data\synth_noise\cls_1\1887.wav,1
D:\VSCodeRepository\SceneZone-ANC\data\synth_noise\cls_1\1888.wav,1
D:\VSCodeRepository\SceneZone-ANC\data\synth_noise\cls_1\1889.wav,1
D:\VSCodeRepository\SceneZone-ANC\data\synth_noise\cls_1\1890.wav,1
D:\VSCodeRepository\SceneZone-ANC\data\synth_noise\cls_1\1891.wav,1
D:\VSCodeRepository\SceneZone-ANC\data\synth_noise\cls_1\1892.wav,1
D:\VSCodeRepository\SceneZone-ANC\data\synth_noise\cls_1\1893.wav,1
D:\VSCodeRepository\SceneZone-ANC\data\synth_noise\cls_1\1894.wav,1
D:\VSCodeRepository\SceneZone-ANC\data\synth_noise\cls_1\1895.wav,1
D:\VSCodeRepository\SceneZone-ANC\data\synth_noise\cls_1\1896.wav,1
D:\VSCodeRepository\SceneZone-ANC\data\synth_noise\cls_1\1897.wav,1
D:\VSCodeRepository\SceneZone-ANC\data\synth_noise\cls_1\1898.wav,1
D:\VSCodeRepository\SceneZone-ANC\data\synth_noise\cls_1\1899.wav,1
D:\VSCodeRepository\SceneZone-ANC\data\synth_noise\cls_1\1900.wav,1
D:\VSCodeRepository\SceneZone-ANC\data\synth_noise\cls_1\1901.wav,1
D:\VSCodeRepository\SceneZone-ANC\data\synth_noise\cls_1\1902.wav,1
D:\VSCodeRepository\SceneZone-ANC\data\synth_noise\cls_1\1903.wav,1
D:\VSCodeRepository\SceneZone-ANC\data\synth_noise\cls_1\1904.wav,1
D:\VSCodeRepository\SceneZone-ANC\data\synth_noise\cls_1\1905.wav,1
D:\VSCodeRepository\SceneZone-ANC\data\synth_noise\cls_1\1906.wav,1
D:\VSCodeRepository\SceneZone-ANC\data\synth_noise\cls_1\1907.wav,1
D:\VSCodeRepository\SceneZone-ANC\data\synth_noise\cls_1\1908.wav,1
D:\VSCodeRepository\SceneZone-ANC\data\synth_noise\cls_1\1909.wav,1
D:\VSCodeRepository\SceneZone-ANC\data\synth_noise\cls_1\1910.wav,1
D:\VSCodeRepository\SceneZone-ANC\data\synth_noise\cls_1\1911.wav,1
D:\VSCodeRepository\SceneZone-ANC\data\synth_noise\cls_1\1912.wav,1
D:\VSCodeRepository\SceneZone-ANC\data\synth_noise\cls_1\1913.wav,1
D:\VSCodeRepository\SceneZone-ANC\data\synth_noise\cls_1\1914.wav,1
D:\VSCodeRepository\SceneZone-ANC\data\synth_noise\cls_1\1915.wav,1
D:\VSCodeRepository\SceneZone-ANC\data\synth_noise\cls_1\1916.wav,1
D:\VSCodeRepository\SceneZone-ANC\data\synth_noise\cls_1\1917.wav,1
D:\VSCodeRepository\SceneZone-ANC\data\synth_noise\cls_1\1918.wav,1
D:\VSCodeRepository\SceneZone-ANC\data\synth_noise\cls_1\1919.wav,1
D:\VSCodeRepository\SceneZone-ANC\data\synth_noise\cls_1\1920.wav,1
D:\VSCodeRepository\SceneZone-ANC\data\synth_noise\cls_1\1921.wav,1
D:\VSCodeRepository\SceneZone-ANC\data\synth_noise\cls_1\1922.wav,1
D:\VSCodeRepository\SceneZone-ANC\data\synth_noise\cls_1\1923.wav,1
D:\VSCodeRepository\SceneZone-ANC\data\synth_noise\cls_1\1924.wav,1
D:\VSCodeRepository\SceneZone-ANC\data\synth_noise\cls_1\1925.wav,1
D:\VSCodeRepository\SceneZone-ANC\data\synth_noise\cls_1\1926.wav,1
D:\VSCodeRepository\SceneZone-ANC\data\synth_noise\cls_1\1927.wav,1
D:\VSCodeRepository\SceneZone-ANC\data\synth_noise\cls_1\1928.wav,1
D:\VSCodeRepository\SceneZone-ANC\data\synth_noise\cls_1\1929.wav,1
D:\VSCodeRepository\SceneZone-ANC\data\synth_noise\cls_1\1930.wav,1
D:\VSCodeRepository\SceneZone-ANC\data\synth_noise\cls_1\1931.wav,1
D:\VSCodeRepository\SceneZone-ANC\data\synth_noise\cls_1\1932.wav,1
D:\VSCodeRepository\SceneZone-ANC\data\synth_noise\cls_1\1933.wav,1
D:\VSCodeRepository\SceneZone-ANC\data\synth_noise\cls_1\1934.wav,1
D:\VSCodeRepository\SceneZone-ANC\data\synth_noise\cls_1\1935.wav,1
D:\VSCodeRepository\SceneZone-ANC\data\synth_noise\cls_1\1936.wav,1
D:\VSCodeRepository\SceneZone-ANC\data\synth_noise\cls_1\1937.wav,1
D:\VSCodeRepository\SceneZone-ANC\data\synth_noise\cls_1\1938.wav,1
D:\VSCodeRepository\SceneZone-ANC\data\synth_noise\cls_1\1939.wav,1
D:\VSCodeRepository\SceneZone-ANC\data\synth_noise\cls_1\1940.wav,1
D:\VSCodeRepository\SceneZone-ANC\data\synth_noise\cls_1\1941.wav,1
D:\VSCodeRepository\SceneZone-ANC\data\synth_noise\cls_1\1942.wav,1
D:\VSCodeRepository\SceneZone-ANC\data\synth_noise\cls_1\1943.wav,1
D:\VSCodeRepository\SceneZone-ANC\data\synth_noise\cls_1\1944.wav,1
D:\VSCodeRepository\SceneZone-ANC\data\synth_noise\cls_1\1945.wav,1
D:\VSCodeRepository\SceneZone-ANC\data\synth_noise\cls_1\1946.wav,1
D:\VSCodeRepository\SceneZone-ANC\data\synth_noise\cls_1\1947.wav,1
D:\VSCodeRepository\SceneZone-ANC\data\synth_noise\cls_1\1948.wav,1
D:\VSCodeRepository\SceneZone-ANC\data\synth_noise\cls_1\1949.wav,1
D:\VSCodeRepository\SceneZone-ANC\data\synth_noise\cls_1\1950.wav,1
D:\VSCodeRepository\SceneZone-ANC\data\synth_noise\cls_1\1951.wav,1
D:\VSCodeRepository\SceneZone-ANC\data\synth_noise\cls_1\1952.wav,1
D:\VSCodeRepository\SceneZone-ANC\data\synth_noise\cls_1\1953.wav,1
D:\VSCodeRepository\SceneZone-ANC\data\synth_noise\cls_1\1954.wav,1
D:\VSCodeRepository\SceneZone-ANC\data\synth_noise\cls_1\1955.wav,1
D:\VSCodeRepository\SceneZone-ANC\data\synth_noise\cls_1\1956.wav,1
D:\VSCodeRepository\SceneZone-ANC\data\synth_noise\cls_1\1957.wav,1
D:\VSCodeRepository\SceneZone-ANC\data\synth_noise\cls_1\1958.wav,1
D:\VSCodeRepository\SceneZone-ANC\data\synth_noise\cls_1\1959.wav,1
D:\VSCodeRepository\SceneZone-ANC\data\synth_noise\cls_1\1960.wav,1
D:\VSCodeRepository\SceneZone-ANC\data\synth_noise\cls_1\1961.wav,1
D:\VSCodeRepository\SceneZone-ANC\data\synth_noise\cls_1\1962.wav,1
D:\VSCodeRepository\SceneZone-ANC\data\synth_noise\cls_1\1963.wav,1
D:\VSCodeRepository\SceneZone-ANC\data\synth_noise\cls_1\1964.wav,1
D:\VSCodeRepository\SceneZone-ANC\data\synth_noise\cls_1\1965.wav,1
D:\VSCodeRepository\SceneZone-ANC\data\synth_noise\cls_1\1966.wav,1
D:\VSCodeRepository\SceneZone-ANC\data\synth_noise\cls_1\1967.wav,1
D:\VSCodeRepository\SceneZone-ANC\data\synth_noise\cls_1\1968.wav,1
D:\VSCodeRepository\SceneZone-ANC\data\synth_noise\cls_1\1969.wav,1
D:\VSCodeRepository\SceneZone-ANC\data\synth_noise\cls_1\1970.wav,1
D:\VSCodeRepository\SceneZone-ANC\data\synth_noise\cls_1\1971.wav,1
D:\VSCodeRepository\SceneZone-ANC\data\synth_noise\cls_1\1972.wav,1
D:\VSCodeRepository\SceneZone-ANC\data\synth_noise\cls_1\1973.wav,1
D:\VSCodeRepository\SceneZone-ANC\data\synth_noise\cls_1\1974.wav,1
D:\VSCodeRepository\SceneZone-ANC\data\synth_noise\cls_1\1975.wav,1
D:\VSCodeRepository\SceneZone-ANC\data\synth_noise\cls_1\1976.wav,1
D:\VSCodeRepository\SceneZone-ANC\data\synth_noise\cls_1\1977.wav,1
D:\VSCodeRepository\SceneZone-ANC\data\synth_noise\cls_1\1978.wav,1
D:\VSCodeRepository\SceneZone-ANC\data\synth_noise\cls_1\1979.wav,1
D:\VSCodeRepository\SceneZone-ANC\data\synth_noise\cls_1\1980.wav,1
D:\VSCodeRepository\SceneZone-ANC\data\synth_noise\cls_1\1981.wav,1
D:\VSCodeRepository\SceneZone-ANC\data\synth_noise\cls_1\1982.wav,1
D:\VSCodeRepository\SceneZone-ANC\data\synth_noise\cls_1\1983.wav,1
D:\VSCodeRepository\SceneZone-ANC\data\synth_noise\cls_1\1984.wav,1
D:\VSCodeRepository\SceneZone-ANC\data\synth_noise\cls_1\1985.wav,1
D:\VSCodeRepository\SceneZone-ANC\data\synth_noise\cls_1\1986.wav,1
D:\VSCodeRepository\SceneZone-ANC\data\synth_noise\cls_1\1987.wav,1
D:\VSCodeRepository\SceneZone-ANC\data\synth_noise\cls_1\1988.wav,1
D:\VSCodeRepository\SceneZone-ANC\data\synth_noise\cls_1\1989.wav,1
D:\VSCodeRepository\SceneZone-ANC\data\synth_noise\cls_1\1990.wav,1
D:\VSCodeRepository\SceneZone-ANC\data\synth_noise\cls_1\1991.wav,1
D:\VSCodeRepository\SceneZone-ANC\data\synth_noise\cls_1\1992.wav,1
D:\VSCodeRepository\SceneZone-ANC\data\synth_noise\cls_1\1993.wav,1
D:\VSCodeRepository\SceneZone-ANC\data\synth_noise\cls_1\1994.wav,1
D:\VSCodeRepository\SceneZone-ANC\data\synth_noise\cls_1\1995.wav,1
D:\VSCodeRepository\SceneZone-ANC\data\synth_noise\cls_1\1996.wav,1
D:\VSCodeRepository\SceneZone-ANC\data\synth_noise\cls_1\1997.wav,1
D:\VSCodeRepository\SceneZone-ANC\data\synth_noise\cls_1\1998.wav,1
D:\VSCodeRepository\SceneZone-ANC\data\synth_noise\cls_1\1999.wav,1
D:\VSCodeRepository\SceneZone-ANC\data\synth_noise\cls_2\0300.wav,2
D:\VSCodeRepository\SceneZone-ANC\data\synth_noise\cls_2\0301.wav,2
D:\VSCodeRepository\SceneZone-ANC\data\synth_noise\cls_2\0302.wav,2
D:\VSCodeRepository\SceneZone-ANC\data\synth_noise\cls_2\0303.wav,2
D:\VSCodeRepository\SceneZone-ANC\data\synth_noise\cls_2\0304.wav,2
D:\VSCodeRepository\SceneZone-ANC\data\synth_noise\cls_2\0305.wav,2
D:\VSCodeRepository\SceneZone-ANC\data\synth_noise\cls_2\0306.wav,2
D:\VSCodeRepository\SceneZone-ANC\data\synth_noise\cls_2\0307.wav,2
D:\VSCodeRepository\SceneZone-ANC\data\synth_noise\cls_2\0308.wav,2
D:\VSCodeRepository\SceneZone-ANC\data\synth_noise\cls_2\0309.wav,2
D:\VSCodeRepository\SceneZone-ANC\data\synth_noise\cls_2\0310.wav,2
D:\VSCodeRepository\SceneZone-ANC\data\synth_noise\cls_2\0311.wav,2
D:\VSCodeRepository\SceneZone-ANC\data\synth_noise\cls_2\0312.wav,2
D:\VSCodeRepository\SceneZone-ANC\data\synth_noise\cls_2\0313.wav,2
D:\VSCodeRepository\SceneZone-ANC\data\synth_noise\cls_2\0314.wav,2
D:\VSCodeRepository\SceneZone-ANC\data\synth_noise\cls_2\0315.wav,2
D:\VSCodeRepository\SceneZone-ANC\data\synth_noise\cls_2\0316.wav,2
D:\VSCodeRepository\SceneZone-ANC\data\synth_noise\cls_2\0317.wav,2
D:\VSCodeRepository\SceneZone-ANC\data\synth_noise\cls_2\0318.wav,2
D:\VSCodeRepository\SceneZone-ANC\data\synth_noise\cls_2\0319.wav,2
D:\VSCodeRepository\SceneZone-ANC\data\synth_noise\cls_2\0320.wav,2
D:\VSCodeRepository\SceneZone-ANC\data\synth_noise\cls_2\0321.wav,2
D:\VSCodeRepository\SceneZone-ANC\data\synth_noise\cls_2\0322.wav,2
D:\VSCodeRepository\SceneZone-ANC\data\synth_noise\cls_2\0323.wav,2
D:\VSCodeRepository\SceneZone-ANC\data\synth_noise\cls_2\0324.wav,2
D:\VSCodeRepository\SceneZone-ANC\data\synth_noise\cls_2\0325.wav,2
D:\VSCodeRepository\SceneZone-ANC\data\synth_noise\cls_2\0326.wav,2
D:\VSCodeRepository\SceneZone-ANC\data\synth_noise\cls_2\0327.wav,2
D:\VSCodeRepository\SceneZone-ANC\data\synth_noise\cls_2\0328.wav,2
D:\VSCodeRepository\SceneZone-ANC\data\synth_noise\cls_2\0329.wav,2
D:\VSCodeRepository\SceneZone-ANC\data\synth_noise\cls_2\0330.wav,2
D:\VSCodeRepository\SceneZone-ANC\data\synth_noise\cls_2\0331.wav,2
D:\VSCodeRepository\SceneZone-ANC\data\synth_noise\cls_2\0332.wav,2
D:\VSCodeRepository\SceneZone-ANC\data\synth_noise\cls_2\0333.wav,2
D:\VSCodeRepository\SceneZone-ANC\data\synth_noise\cls_2\0334.wav,2
D:\VSCodeRepository\SceneZone-ANC\data\synth_noise\cls_2\0335.wav,2
D:\VSCodeRepository\SceneZone-ANC\data\synth_noise\cls_2\0336.wav,2
D:\VSCodeRepository\SceneZone-ANC\data\synth_noise\cls_2\0337.wav,2
D:\VSCodeRepository\SceneZone-ANC\data\synth_noise\cls_2\0338.wav,2
D:\VSCodeRepository\SceneZone-ANC\data\synth_noise\cls_2\0339.wav,2
D:\VSCodeRepository\SceneZone-ANC\data\synth_noise\cls_2\0340.wav,2
D:\VSCodeRepository\SceneZone-ANC\data\synth_noise\cls_2\0341.wav,2
D:\VSCodeRepository\SceneZone-ANC\data\synth_noise\cls_2\0342.wav,2
D:\VSCodeRepository\SceneZone-ANC\data\synth_noise\cls_2\0343.wav,2
D:\VSCodeRepository\SceneZone-ANC\data\synth_noise\cls_2\0344.wav,2
D:\VSCodeRepository\SceneZone-ANC\data\synth_noise\cls_2\0345.wav,2
D:\VSCodeRepository\SceneZone-ANC\data\synth_noise\cls_2\0346.wav,2
D:\VSCodeRepository\SceneZone-ANC\data\synth_noise\cls_2\0347.wav,2
D:\VSCodeRepository\SceneZone-ANC\data\synth_noise\cls_2\0348.wav,2
D:\VSCodeRepository\SceneZone-ANC\data\synth_noise\cls_2\0349.wav,2
D:\VSCodeRepository\SceneZone-ANC\data\synth_noise\cls_2\0350.wav,2
D:\VSCodeRepository\SceneZone-ANC\data\synth_noise\cls_2\0351.wav,2
D:\VSCodeRepository\SceneZone-ANC\data\synth_noise\cls_2\0352.wav,2
D:\VSCodeRepository\SceneZone-ANC\data\synth_noise\cls_2\0353.wav,2
D:\VSCodeRepository\SceneZone-ANC\data\synth_noise\cls_2\0354.wav,2
D:\VSCodeRepository\SceneZone-ANC\data\synth_noise\cls_2\0355.wav,2
D:\VSCodeRepository\SceneZone-ANC\data\synth_noise\cls_2\0356.wav,2
D:\VSCodeRepository\SceneZone-ANC\data\synth_noise\cls_2\0357.wav,2
D:\VSCodeRepository\SceneZone-ANC\data\synth_noise\cls_2\0358.wav,2
D:\VSCodeRepository\SceneZone-ANC\data\synth_noise\cls_2\0359.wav,2
D:\VSCodeRepository\SceneZone-ANC\data\synth_noise\cls_2\0360.wav,2
D:\VSCodeRepository\SceneZone-ANC\data\synth_noise\cls_2\0361.wav,2
D:\VSCodeRepository\SceneZone-ANC\data\synth_noise\cls_2\0362.wav,2
D:\VSCodeRepository\SceneZone-ANC\data\synth_noise\cls_2\0363.wav,2
D:\VSCodeRepository\SceneZone-ANC\data\synth_noise\cls_2\0364.wav,2
D:\VSCodeRepository\SceneZone-ANC\data\synth_noise\cls_2\0365.wav,2
D:\VSCodeRepository\SceneZone-ANC\data\synth_noise\cls_2\0366.wav,2
D:\VSCodeRepository\SceneZone-ANC\data\synth_noise\cls_2\0367.wav,2
D:\VSCodeRepository\SceneZone-ANC\data\synth_noise\cls_2\0368.wav,2
D:\VSCodeRepository\SceneZone-ANC\data\synth_noise\cls_2\0369.wav,2
D:\VSCodeRepository\SceneZone-ANC\data\synth_noise\cls_2\0370.wav,2
D:\VSCodeRepository\SceneZone-ANC\data\synth_noise\cls_2\0371.wav,2
D:\VSCodeRepository\SceneZone-ANC\data\synth_noise\cls_2\0372.wav,2
D:\VSCodeRepository\SceneZone-ANC\data\synth_noise\cls_2\0373.wav,2
D:\VSCodeRepository\SceneZone-ANC\data\synth_noise\cls_2\0374.wav,2
D:\VSCodeRepository\SceneZone-ANC\data\synth_noise\cls_2\0375.wav,2
D:\VSCodeRepository\SceneZone-ANC\data\synth_noise\cls_2\0376.wav,2
D:\VSCodeRepository\SceneZone-ANC\data\synth_noise\cls_2\0377.wav,2
D:\VSCodeRepository\SceneZone-ANC\data\synth_noise\cls_2\0378.wav,2
D:\VSCodeRepository\SceneZone-ANC\data\synth_noise\cls_2\0379.wav,2
D:\VSCodeRepository\SceneZone-ANC\data\synth_noise\cls_2\0380.wav,2
D:\VSCodeRepository\SceneZone-ANC\data\synth_noise\cls_2\0381.wav,2
D:\VSCodeRepository\SceneZone-ANC\data\synth_noise\cls_2\0382.wav,2
D:\VSCodeRepository\SceneZone-ANC\data\synth_noise\cls_2\0383.wav,2
D:\VSCodeRepository\SceneZone-ANC\data\synth_noise\cls_2\0384.wav,2
D:\VSCodeRepository\SceneZone-ANC\data\synth_noise\cls_2\0385.wav,2
D:\VSCodeRepository\SceneZone-ANC\data\synth_noise\cls_2\0386.wav,2
D:\VSCodeRepository\SceneZone-ANC\data\synth_noise\cls_2\0387.wav,2
D:\VSCodeRepository\SceneZone-ANC\data\synth_noise\cls_2\0388.wav,2
D:\VSCodeRepository\SceneZone-ANC\data\synth_noise\cls_2\0389.wav,2
D:\VSCodeRepository\SceneZone-ANC\data\synth_noise\cls_2\0390.wav,2
D:\VSCodeRepository\SceneZone-ANC\data\synth_noise\cls_2\0391.wav,2
D:\VSCodeRepository\SceneZone-ANC\data\synth_noise\cls_2\0392.wav,2
D:\VSCodeRepository\SceneZone-ANC\data\synth_noise\cls_2\0393.wav,2
D:\VSCodeRepository\SceneZone-ANC\data\synth_noise\cls_2\0394.wav,2
D:\VSCodeRepository\SceneZone-ANC\data\synth_noise\cls_2\0395.wav,2
D:\VSCodeRepository\SceneZone-ANC\data\synth_noise\cls_2\0396.wav,2
D:\VSCodeRepository\SceneZone-ANC\data\synth_noise\cls_2\0397.wav,2
D:\VSCodeRepository\SceneZone-ANC\data\synth_noise\cls_2\0398.wav,2
D:\VSCodeRepository\SceneZone-ANC\data\synth_noise\cls_2\0399.wav,2
D:\VSCodeRepository\SceneZone-ANC\data\synth_noise\cls_2\0400.wav,2
D:\VSCodeRepository\SceneZone-ANC\data\synth_noise\cls_2\0401.wav,2
D:\VSCodeRepository\SceneZone-ANC\data\synth_noise\cls_2\0402.wav,2
D:\VSCodeRepository\SceneZone-ANC\data\synth_noise\cls_2\0403.wav,2
D:\VSCodeRepository\SceneZone-ANC\data\synth_noise\cls_2\0404.wav,2
D:\VSCodeRepository\SceneZone-ANC\data\synth_noise\cls_2\0405.wav,2
D:\VSCodeRepository\SceneZone-ANC\data\synth_noise\cls_2\0406.wav,2
D:\VSCodeRepository\SceneZone-ANC\data\synth_noise\cls_2\0407.wav,2
D:\VSCodeRepository\SceneZone-ANC\data\synth_noise\cls_2\0408.wav,2
D:\VSCodeRepository\SceneZone-ANC\data\synth_noise\cls_2\0409.wav,2
D:\VSCodeRepository\SceneZone-ANC\data\synth_noise\cls_2\0410.wav,2
D:\VSCodeRepository\SceneZone-ANC\data\synth_noise\cls_2\0411.wav,2
D:\VSCodeRepository\SceneZone-ANC\data\synth_noise\cls_2\0412.wav,2
D:\VSCodeRepository\SceneZone-ANC\data\synth_noise\cls_2\0413.wav,2
D:\VSCodeRepository\SceneZone-ANC\data\synth_noise\cls_2\0414.wav,2
D:\VSCodeRepository\SceneZone-ANC\data\synth_noise\cls_2\0415.wav,2
D:\VSCodeRepository\SceneZone-ANC\data\synth_noise\cls_2\0416.wav,2
D:\VSCodeRepository\SceneZone-ANC\data\synth_noise\cls_2\0417.wav,2
D:\VSCodeRepository\SceneZone-ANC\data\synth_noise\cls_2\0418.wav,2
D:\VSCodeRepository\SceneZone-ANC\data\synth_noise\cls_2\0419.wav,2
D:\VSCodeRepository\SceneZone-ANC\data\synth_noise\cls_2\0420.wav,2
D:\VSCodeRepository\SceneZone-ANC\data\synth_noise\cls_2\0421.wav,2
D:\VSCodeRepository\SceneZone-ANC\data\synth_noise\cls_2\0422.wav,2
D:\VSCodeRepository\SceneZone-ANC\data\synth_noise\cls_2\0423.wav,2
D:\VSCodeRepository\SceneZone-ANC\data\synth_noise\cls_2\0424.wav,2
D:\VSCodeRepository\SceneZone-ANC\data\synth_noise\cls_2\0425.wav,2
D:\VSCodeRepository\SceneZone-ANC\data\synth_noise\cls_2\0426.wav,2
D:\VSCodeRepository\SceneZone-ANC\data\synth_noise\cls_2\0427.wav,2
D:\VSCodeRepository\SceneZone-ANC\data\synth_noise\cls_2\0428.wav,2
D:\VSCodeRepository\SceneZone-ANC\data\synth_noise\cls_2\0429.wav,2
D:\VSCodeRepository\SceneZone-ANC\data\synth_noise\cls_2\0430.wav,2
D:\VSCodeRepository\SceneZone-ANC\data\synth_noise\cls_2\0431.wav,2
D:\VSCodeRepository\SceneZone-ANC\data\synth_noise\cls_2\0432.wav,2
D:\VSCodeRepository\SceneZone-ANC\data\synth_noise\cls_2\0433.wav,2
D:\VSCodeRepository\SceneZone-ANC\data\synth_noise\cls_2\0434.wav,2
D:\VSCodeRepository\SceneZone-ANC\data\synth_noise\cls_2\0435.wav,2
D:\VSCodeRepository\SceneZone-ANC\data\synth_noise\cls_2\0436.wav,2
D:\VSCodeRepository\SceneZone-ANC\data\synth_noise\cls_2\0437.wav,2
D:\VSCodeRepository\SceneZone-ANC\data\synth_noise\cls_2\0438.wav,2
D:\VSCodeRepository\SceneZone-ANC\data\synth_noise\cls_2\0439.wav,2
D:\VSCodeRepository\SceneZone-ANC\data\synth_noise\cls_2\0440.wav,2
D:\VSCodeRepository\SceneZone-ANC\data\synth_noise\cls_2\0441.wav,2
D:\VSCodeRepository\SceneZone-ANC\data\synth_noise\cls_2\0442.wav,2
D:\VSCodeRepository\SceneZone-ANC\data\synth_noise\cls_2\0443.wav,2
D:\VSCodeRepository\SceneZone-ANC\data\synth_noise\cls_2\0444.wav,2
D:\VSCodeRepository\SceneZone-ANC\data\synth_noise\cls_2\0445.wav,2
D:\VSCodeRepository\SceneZone-ANC\data\synth_noise\cls_2\0446.wav,2
D:\VSCodeRepository\SceneZone-ANC\data\synth_noise\cls_2\0447.wav,2
D:\VSCodeRepository\SceneZone-ANC\data\synth_noise\cls_2\0448.wav,2
D:\VSCodeRepository\SceneZone-ANC\data\synth_noise\cls_2\0449.wav,2
D:\VSCodeRepository\SceneZone-ANC\data\synth_noise\cls_2\0450.wav,2
D:\VSCodeRepository\SceneZone-ANC\data\synth_noise\cls_2\0451.wav,2
D:\VSCodeRepository\SceneZone-ANC\data\synth_noise\cls_2\0452.wav,2
D:\VSCodeRepository\SceneZone-ANC\data\synth_noise\cls_2\0453.wav,2
D:\VSCodeRepository\SceneZone-ANC\data\synth_noise\cls_2\0454.wav,2
D:\VSCodeRepository\SceneZone-ANC\data\synth_noise\cls_2\0455.wav,2
D:\VSCodeRepository\SceneZone-ANC\data\synth_noise\cls_2\0456.wav,2
D:\VSCodeRepository\SceneZone-ANC\data\synth_noise\cls_2\0457.wav,2
D:\VSCodeRepository\SceneZone-ANC\data\synth_noise\cls_2\0458.wav,2
D:\VSCodeRepository\SceneZone-ANC\data\synth_noise\cls_2\0459.wav,2
D:\VSCodeRepository\SceneZone-ANC\data\synth_noise\cls_2\0460.wav,2
D:\VSCodeRepository\SceneZone-ANC\data\synth_noise\cls_2\0461.wav,2
D:\VSCodeRepository\SceneZone-ANC\data\synth_noise\cls_2\0462.wav,2
D:\VSCodeRepository\SceneZone-ANC\data\synth_noise\cls_2\0463.wav,2
D:\VSCodeRepository\SceneZone-ANC\data\synth_noise\cls_2\0464.wav,2
D:\VSCodeRepository\SceneZone-ANC\data\synth_noise\cls_2\0465.wav,2
D:\VSCodeRepository\SceneZone-ANC\data\synth_noise\cls_2\0466.wav,2
D:\VSCodeRepository\SceneZone-ANC\data\synth_noise\cls_2\0467.wav,2
D:\VSCodeRepository\SceneZone-ANC\data\synth_noise\cls_2\0468.wav,2
D:\VSCodeRepository\SceneZone-ANC\data\synth_noise\cls_2\0469.wav,2
D:\VSCodeRepository\SceneZone-ANC\data\synth_noise\cls_2\0470.wav,2
D:\VSCodeRepository\SceneZone-ANC\data\synth_noise\cls_2\0471.wav,2
D:\VSCodeRepository\SceneZone-ANC\data\synth_noise\cls_2\0472.wav,2
D:\VSCodeRepository\SceneZone-ANC\data\synth_noise\cls_2\0473.wav,2
D:\VSCodeRepository\SceneZone-ANC\data\synth_noise\cls_2\0474.wav,2
D:\VSCodeRepository\SceneZone-ANC\data\synth_noise\cls_2\0475.wav,2
D:\VSCodeRepository\SceneZone-ANC\data\synth_noise\cls_2\0476.wav,2
D:\VSCodeRepository\SceneZone-ANC\data\synth_noise\cls_2\0477.wav,2
D:\VSCodeRepository\SceneZone-ANC\data\synth_noise\cls_2\0478.wav,2
D:\VSCodeRepository\SceneZone-ANC\data\synth_noise\cls_2\0479.wav,2
D:\VSCodeRepository\SceneZone-ANC\data\synth_noise\cls_2\0480.wav,2
D:\VSCodeRepository\SceneZone-ANC\data\synth_noise\cls_2\0481.wav,2
D:\VSCodeRepository\SceneZone-ANC\data\synth_noise\cls_2\0482.wav,2
D:\VSCodeRepository\SceneZone-ANC\data\synth_noise\cls_2\0483.wav,2
D:\VSCodeRepository\SceneZone-ANC\data\synth_noise\cls_2\0484.wav,2
D:\VSCodeRepository\SceneZone-ANC\data\synth_noise\cls_2\0485.wav,2
D:\VSCodeRepository\SceneZone-ANC\data\synth_noise\cls_2\0486.wav,2
D:\VSCodeRepository\SceneZone-ANC\data\synth_noise\cls_2\0487.wav,2
D:\VSCodeRepository\SceneZone-ANC\data\synth_noise\cls_2\0488.wav,2
D:\VSCodeRepository\SceneZone-ANC\data\synth_noise\cls_2\0489.wav,2
D:\VSCodeRepository\SceneZone-ANC\data\synth_noise\cls_2\0490.wav,2
D:\VSCodeRepository\SceneZone-ANC\data\synth_noise\cls_2\0491.wav,2
D:\VSCodeRepository\SceneZone-ANC\data\synth_noise\cls_2\0492.wav,2
D:\VSCodeRepository\SceneZone-ANC\data\synth_noise\cls_2\0493.wav,2
D:\VSCodeRepository\SceneZone-ANC\data\synth_noise\cls_2\0494.wav,2
D:\VSCodeRepository\SceneZone-ANC\data\synth_noise\cls_2\0495.wav,2
D:\VSCodeRepository\SceneZone-ANC\data\synth_noise\cls_2\0496.wav,2
D:\VSCodeRepository\SceneZone-ANC\data\synth_noise\cls_2\0497.wav,2
D:\VSCodeRepository\SceneZone-ANC\data\synth_noise\cls_2\0498.wav,2
D:\VSCodeRepository\SceneZone-ANC\data\synth_noise\cls_2\0499.wav,2
D:\VSCodeRepository\SceneZone-ANC\data\synth_noise\cls_2\0500.wav,2
D:\VSCodeRepository\SceneZone-ANC\data\synth_noise\cls_2\0501.wav,2
D:\VSCodeRepository\SceneZone-ANC\data\synth_noise\cls_2\0502.wav,2
D:\VSCodeRepository\SceneZone-ANC\data\synth_noise\cls_2\0503.wav,2
D:\VSCodeRepository\SceneZone-ANC\data\synth_noise\cls_2\0504.wav,2
D:\VSCodeRepository\SceneZone-ANC\data\synth_noise\cls_2\0505.wav,2
D:\VSCodeRepository\SceneZone-ANC\data\synth_noise\cls_2\0506.wav,2
D:\VSCodeRepository\SceneZone-ANC\data\synth_noise\cls_2\0507.wav,2
D:\VSCodeRepository\SceneZone-ANC\data\synth_noise\cls_2\0508.wav,2
D:\VSCodeRepository\SceneZone-ANC\data\synth_noise\cls_2\0509.wav,2
D:\VSCodeRepository\SceneZone-ANC\data\synth_noise\cls_2\0510.wav,2
D:\VSCodeRepository\SceneZone-ANC\data\synth_noise\cls_2\0511.wav,2
D:\VSCodeRepository\SceneZone-ANC\data\synth_noise\cls_2\0512.wav,2
D:\VSCodeRepository\SceneZone-ANC\data\synth_noise\cls_2\0513.wav,2
D:\VSCodeRepository\SceneZone-ANC\data\synth_noise\cls_2\0514.wav,2
D:\VSCodeRepository\SceneZone-ANC\data\synth_noise\cls_2\0515.wav,2
D:\VSCodeRepository\SceneZone-ANC\data\synth_noise\cls_2\0516.wav,2
D:\VSCodeRepository\SceneZone-ANC\data\synth_noise\cls_2\0517.wav,2
D:\VSCodeRepository\SceneZone-ANC\data\synth_noise\cls_2\0518.wav,2
D:\VSCodeRepository\SceneZone-ANC\data\synth_noise\cls_2\0519.wav,2
D:\VSCodeRepository\SceneZone-ANC\data\synth_noise\cls_2\0520.wav,2
D:\VSCodeRepository\SceneZone-ANC\data\synth_noise\cls_2\0521.wav,2
D:\VSCodeRepository\SceneZone-ANC\data\synth_noise\cls_2\0522.wav,2
D:\VSCodeRepository\SceneZone-ANC\data\synth_noise\cls_2\0523.wav,2
D:\VSCodeRepository\SceneZone-ANC\data\synth_noise\cls_2\0524.wav,2
D:\VSCodeRepository\SceneZone-ANC\data\synth_noise\cls_2\0525.wav,2
D:\VSCodeRepository\SceneZone-ANC\data\synth_noise\cls_2\0526.wav,2
D:\VSCodeRepository\SceneZone-ANC\data\synth_noise\cls_2\0527.wav,2
D:\VSCodeRepository\SceneZone-ANC\data\synth_noise\cls_2\0528.wav,2
D:\VSCodeRepository\SceneZone-ANC\data\synth_noise\cls_2\0529.wav,2
D:\VSCodeRepository\SceneZone-ANC\data\synth_noise\cls_2\0530.wav,2
D:\VSCodeRepository\SceneZone-ANC\data\synth_noise\cls_2\0531.wav,2
D:\VSCodeRepository\SceneZone-ANC\data\synth_noise\cls_2\0532.wav,2
D:\VSCodeRepository\SceneZone-ANC\data\synth_noise\cls_2\0533.wav,2
D:\VSCodeRepository\SceneZone-ANC\data\synth_noise\cls_2\0534.wav,2
D:\VSCodeRepository\SceneZone-ANC\data\synth_noise\cls_2\0535.wav,2
D:\VSCodeRepository\SceneZone-ANC\data\synth_noise\cls_2\0536.wav,2
D:\VSCodeRepository\SceneZone-ANC\data\synth_noise\cls_2\0537.wav,2
D:\VSCodeRepository\SceneZone-ANC\data\synth_noise\cls_2\0538.wav,2
D:\VSCodeRepository\SceneZone-ANC\data\synth_noise\cls_2\0539.wav,2
D:\VSCodeRepository\SceneZone-ANC\data\synth_noise\cls_2\0540.wav,2
D:\VSCodeRepository\SceneZone-ANC\data\synth_noise\cls_2\0541.wav,2
D:\VSCodeRepository\SceneZone-ANC\data\synth_noise\cls_2\0542.wav,2
D:\VSCodeRepository\SceneZone-ANC\data\synth_noise\cls_2\0543.wav,2
D:\VSCodeRepository\SceneZone-ANC\data\synth_noise\cls_2\0544.wav,2
D:\VSCodeRepository\SceneZone-ANC\data\synth_noise\cls_2\0545.wav,2
D:\VSCodeRepository\SceneZone-ANC\data\synth_noise\cls_2\0546.wav,2
D:\VSCodeRepository\SceneZone-ANC\data\synth_noise\cls_2\0547.wav,2
D:\VSCodeRepository\SceneZone-ANC\data\synth_noise\cls_2\0548.wav,2
D:\VSCodeRepository\SceneZone-ANC\data\synth_noise\cls_2\0549.wav,2
D:\VSCodeRepository\SceneZone-ANC\data\synth_noise\cls_2\0550.wav,2
D:\VSCodeRepository\SceneZone-ANC\data\synth_noise\cls_2\0551.wav,2
D:\VSCodeRepository\SceneZone-ANC\data\synth_noise\cls_2\0552.wav,2
D:\VSCodeRepository\SceneZone-ANC\data\synth_noise\cls_2\0553.wav,2
D:\VSCodeRepository\SceneZone-ANC\data\synth_noise\cls_2\0554.wav,2
D:\VSCodeRepository\SceneZone-ANC\data\synth_noise\cls_2\0555.wav,2
D:\VSCodeRepository\SceneZone-ANC\data\synth_noise\cls_2\0556.wav,2
D:\VSCodeRepository\SceneZone-ANC\data\synth_noise\cls_2\0557.wav,2
D:\VSCodeRepository\SceneZone-ANC\data\synth_noise\cls_2\0558.wav,2
D:\VSCodeRepository\SceneZone-ANC\data\synth_noise\cls_2\0559.wav,2
D:\VSCodeRepository\SceneZone-ANC\data\synth_noise\cls_2\0560.wav,2
D:\VSCodeRepository\SceneZone-ANC\data\synth_noise\cls_2\0561.wav,2
D:\VSCodeRepository\SceneZone-ANC\data\synth_noise\cls_2\0562.wav,2
D:\VSCodeRepository\SceneZone-ANC\data\synth_noise\cls_2\0563.wav,2
D:\VSCodeRepository\SceneZone-ANC\data\synth_noise\cls_2\0564.wav,2
D:\VSCodeRepository\SceneZone-ANC\data\synth_noise\cls_2\0565.wav,2
D:\VSCodeRepository\SceneZone-ANC\data\synth_noise\cls_2\0566.wav,2
D:\VSCodeRepository\SceneZone-ANC\data\synth_noise\cls_2\0567.wav,2
D:\VSCodeRepository\SceneZone-ANC\data\synth_noise\cls_2\0568.wav,2
D:\VSCodeRepository\SceneZone-ANC\data\synth_noise\cls_2\0569.wav,2
D:\VSCodeRepository\SceneZone-ANC\data\synth_noise\cls_2\0570.wav,2
D:\VSCodeRepository\SceneZone-ANC\data\synth_noise\cls_2\0571.wav,2
D:\VSCodeRepository\SceneZone-ANC\data\synth_noise\cls_2\0572.wav,2
D:\VSCodeRepository\SceneZone-ANC\data\synth_noise\cls_2\0573.wav,2
D:\VSCodeRepository\SceneZone-ANC\data\synth_noise\cls_2\0574.wav,2
D:\VSCodeRepository\SceneZone-ANC\data\synth_noise\cls_2\0575.wav,2
D:\VSCodeRepository\SceneZone-ANC\data\synth_noise\cls_2\0576.wav,2
D:\VSCodeRepository\SceneZone-ANC\data\synth_noise\cls_2\0577.wav,2
D:\VSCodeRepository\SceneZone-ANC\data\synth_noise\cls_2\0578.wav,2
D:\VSCodeRepository\SceneZone-ANC\data\synth_noise\cls_2\0579.wav,2
D:\VSCodeRepository\SceneZone-ANC\data\synth_noise\cls_2\0580.wav,2
D:\VSCodeRepository\SceneZone-ANC\data\synth_noise\cls_2\0581.wav,2
D:\VSCodeRepository\SceneZone-ANC\data\synth_noise\cls_2\0582.wav,2
D:\VSCodeRepository\SceneZone-ANC\data\synth_noise\cls_2\0583.wav,2
D:\VSCodeRepository\SceneZone-ANC\data\synth_noise\cls_2\0584.wav,2
D:\VSCodeRepository\SceneZone-ANC\data\synth_noise\cls_2\0585.wav,2
D:\VSCodeRepository\SceneZone-ANC\data\synth_noise\cls_2\0586.wav,2
D:\VSCodeRepository\SceneZone-ANC\data\synth_noise\cls_2\0587.wav,2
D:\VSCodeRepository\SceneZone-ANC\data\synth_noise\cls_2\0588.wav,2
D:\VSCodeRepository\SceneZone-ANC\data\synth_noise\cls_2\0589.wav,2
D:\VSCodeRepository\SceneZone-ANC\data\synth_noise\cls_2\0590.wav,2
D:\VSCodeRepository\SceneZone-ANC\data\synth_noise\cls_2\0591.wav,2
D:\VSCodeRepository\SceneZone-ANC\data\synth_noise\cls_2\0592.wav,2
D:\VSCodeRepository\SceneZone-ANC\data\synth_noise\cls_2\0593.wav,2
D:\VSCodeRepository\SceneZone-ANC\data\synth_noise\cls_2\0594.wav,2
D:\VSCodeRepository\SceneZone-ANC\data\synth_noise\cls_2\0595.wav,2
D:\VSCodeRepository\SceneZone-ANC\data\synth_noise\cls_2\0596.wav,2
D:\VSCodeRepository\SceneZone-ANC\data\synth_noise\cls_2\0597.wav,2
D:\VSCodeRepository\SceneZone-ANC\data\synth_noise\cls_2\0598.wav,2
D:\VSCodeRepository\SceneZone-ANC\data\synth_noise\cls_2\0599.wav,2
D:\VSCodeRepository\SceneZone-ANC\data\synth_noise\cls_2\0600.wav,2
D:\VSCodeRepository\SceneZone-ANC\data\synth_noise\cls_2\0601.wav,2
D:\VSCodeRepository\SceneZone-ANC\data\synth_noise\cls_2\0602.wav,2
D:\VSCodeRepository\SceneZone-ANC\data\synth_noise\cls_2\0603.wav,2
D:\VSCodeRepository\SceneZone-ANC\data\synth_noise\cls_2\0604.wav,2
D:\VSCodeRepository\SceneZone-ANC\data\synth_noise\cls_2\0605.wav,2
D:\VSCodeRepository\SceneZone-ANC\data\synth_noise\cls_2\0606.wav,2
D:\VSCodeRepository\SceneZone-ANC\data\synth_noise\cls_2\0607.wav,2
D:\VSCodeRepository\SceneZone-ANC\data\synth_noise\cls_2\0608.wav,2
D:\VSCodeRepository\SceneZone-ANC\data\synth_noise\cls_2\0609.wav,2
D:\VSCodeRepository\SceneZone-ANC\data\synth_noise\cls_2\0610.wav,2
D:\VSCodeRepository\SceneZone-ANC\data\synth_noise\cls_2\0611.wav,2
D:\VSCodeRepository\SceneZone-ANC\data\synth_noise\cls_2\0612.wav,2
D:\VSCodeRepository\SceneZone-ANC\data\synth_noise\cls_2\0613.wav,2
D:\VSCodeRepository\SceneZone-ANC\data\synth_noise\cls_2\0614.wav,2
D:\VSCodeRepository\SceneZone-ANC\data\synth_noise\cls_2\0615.wav,2
D:\VSCodeRepository\SceneZone-ANC\data\synth_noise\cls_2\0616.wav,2
D:\VSCodeRepository\SceneZone-ANC\data\synth_noise\cls_2\0617.wav,2
D:\VSCodeRepository\SceneZone-ANC\data\synth_noise\cls_2\0618.wav,2
D:\VSCodeRepository\SceneZone-ANC\data\synth_noise\cls_2\0619.wav,2
D:\VSCodeRepository\SceneZone-ANC\data\synth_noise\cls_2\0620.wav,2
D:\VSCodeRepository\SceneZone-ANC\data\synth_noise\cls_2\0621.wav,2
D:\VSCodeRepository\SceneZone-ANC\data\synth_noise\cls_2\0622.wav,2
D:\VSCodeRepository\SceneZone-ANC\data\synth_noise\cls_2\0623.wav,2
D:\VSCodeRepository\SceneZone-ANC\data\synth_noise\cls_2\0624.wav,2
D:\VSCodeRepository\SceneZone-ANC\data\synth_noise\cls_2\0625.wav,2
D:\VSCodeRepository\SceneZone-ANC\data\synth_noise\cls_2\0626.wav,2
D:\VSCodeRepository\SceneZone-ANC\data\synth_noise\cls_2\0627.wav,2
D:\VSCodeRepository\SceneZone-ANC\data\synth_noise\cls_2\0628.wav,2
D:\VSCodeRepository\SceneZone-ANC\data\synth_noise\cls_2\0629.wav,2
D:\VSCodeRepository\SceneZone-ANC\data\synth_noise\cls_2\0630.wav,2
D:\VSCodeRepository\SceneZone-ANC\data\synth_noise\cls_2\0631.wav,2
D:\VSCodeRepository\SceneZone-ANC\data\synth_noise\cls_2\0632.wav,2
D:\VSCodeRepository\SceneZone-ANC\data\synth_noise\cls_2\0633.wav,2
D:\VSCodeRepository\SceneZone-ANC\data\synth_noise\cls_2\0634.wav,2
D:\VSCodeRepository\SceneZone-ANC\data\synth_noise\cls_2\0635.wav,2
D:\VSCodeRepository\SceneZone-ANC\data\synth_noise\cls_2\0636.wav,2
D:\VSCodeRepository\SceneZone-ANC\data\synth_noise\cls_2\0637.wav,2
D:\VSCodeRepository\SceneZone-ANC\data\synth_noise\cls_2\0638.wav,2
D:\VSCodeRepository\SceneZone-ANC\data\synth_noise\cls_2\0639.wav,2
D:\VSCodeRepository\SceneZone-ANC\data\synth_noise\cls_2\0640.wav,2
D:\VSCodeRepository\SceneZone-ANC\data\synth_noise\cls_2\0641.wav,2
D:\VSCodeRepository\SceneZone-ANC\data\synth_noise\cls_2\0642.wav,2
D:\VSCodeRepository\SceneZone-ANC\data\synth_noise\cls_2\0643.wav,2
D:\VSCodeRepository\SceneZone-ANC\data\synth_noise\cls_2\0644.wav,2
D:\VSCodeRepository\SceneZone-ANC\data\synth_noise\cls_2\0645.wav,2
D:\VSCodeRepository\SceneZone-ANC\data\synth_noise\cls_2\0646.wav,2
D:\VSCodeRepository\SceneZone-ANC\data\synth_noise\cls_2\0647.wav,2
D:\VSCodeRepository\SceneZone-ANC\data\synth_noise\cls_2\0648.wav,2
D:\VSCodeRepository\SceneZone-ANC\data\synth_noise\cls_2\0649.wav,2
D:\VSCodeRepository\SceneZone-ANC\data\synth_noise\cls_2\0650.wav,2
D:\VSCodeRepository\SceneZone-ANC\data\synth_noise\cls_2\0651.wav,2
D:\VSCodeRepository\SceneZone-ANC\data\synth_noise\cls_2\0652.wav,2
D:\VSCodeRepository\SceneZone-ANC\data\synth_noise\cls_2\0653.wav,2
D:\VSCodeRepository\SceneZone-ANC\data\synth_noise\cls_2\0654.wav,2
D:\VSCodeRepository\SceneZone-ANC\data\synth_noise\cls_2\0655.wav,2
D:\VSCodeRepository\SceneZone-ANC\data\synth_noise\cls_2\0656.wav,2
D:\VSCodeRepository\SceneZone-ANC\data\synth_noise\cls_2\0657.wav,2
D:\VSCodeRepository\SceneZone-ANC\data\synth_noise\cls_2\0658.wav,2
D:\VSCodeRepository\SceneZone-ANC\data\synth_noise\cls_2\0659.wav,2
D:\VSCodeRepository\SceneZone-ANC\data\synth_noise\cls_2\0660.wav,2
D:\VSCodeRepository\SceneZone-ANC\data\synth_noise\cls_2\0661.wav,2
D:\VSCodeRepository\SceneZone-ANC\data\synth_noise\cls_2\0662.wav,2
D:\VSCodeRepository\SceneZone-ANC\data\synth_noise\cls_2\0663.wav,2
D:\VSCodeRepository\SceneZone-ANC\data\synth_noise\cls_2\0664.wav,2
D:\VSCodeRepository\SceneZone-ANC\data\synth_noise\cls_2\0665.wav,2
D:\VSCodeRepository\SceneZone-ANC\data\synth_noise\cls_2\0666.wav,2
D:\VSCodeRepository\SceneZone-ANC\data\synth_noise\cls_2\0667.wav,2
D:\VSCodeRepository\SceneZone-ANC\data\synth_noise\cls_2\0668.wav,2
D:\VSCodeRepository\SceneZone-ANC\data\synth_noise\cls_2\0669.wav,2
D:\VSCodeRepository\SceneZone-ANC\data\synth_noise\cls_2\0670.wav,2
D:\VSCodeRepository\SceneZone-ANC\data\synth_noise\cls_2\0671.wav,2
D:\VSCodeRepository\SceneZone-ANC\data\synth_noise\cls_2\0672.wav,2
D:\VSCodeRepository\SceneZone-ANC\data\synth_noise\cls_2\0673.wav,2
D:\VSCodeRepository\SceneZone-ANC\data\synth_noise\cls_2\0674.wav,2
D:\VSCodeRepository\SceneZone-ANC\data\synth_noise\cls_2\0675.wav,2
D:\VSCodeRepository\SceneZone-ANC\data\synth_noise\cls_2\0676.wav,2
D:\VSCodeRepository\SceneZone-ANC\data\synth_noise\cls_2\0677.wav,2
D:\VSCodeRepository\SceneZone-ANC\data\synth_noise\cls_2\0678.wav,2
D:\VSCodeRepository\SceneZone-ANC\data\synth_noise\cls_2\0679.wav,2
D:\VSCodeRepository\SceneZone-ANC\data\synth_noise\cls_2\0680.wav,2
D:\VSCodeRepository\SceneZone-ANC\data\synth_noise\cls_2\0681.wav,2
D:\VSCodeRepository\SceneZone-ANC\data\synth_noise\cls_2\0682.wav,2
D:\VSCodeRepository\SceneZone-ANC\data\synth_noise\cls_2\0683.wav,2
D:\VSCodeRepository\SceneZone-ANC\data\synth_noise\cls_2\0684.wav,2
D:\VSCodeRepository\SceneZone-ANC\data\synth_noise\cls_2\0685.wav,2
D:\VSCodeRepository\SceneZone-ANC\data\synth_noise\cls_2\0686.wav,2
D:\VSCodeRepository\SceneZone-ANC\data\synth_noise\cls_2\0687.wav,2
D:\VSCodeRepository\SceneZone-ANC\data\synth_noise\cls_2\0688.wav,2
D:\VSCodeRepository\SceneZone-ANC\data\synth_noise\cls_2\0689.wav,2
D:\VSCodeRepository\SceneZone-ANC\data\synth_noise\cls_2\0690.wav,2
D:\VSCodeRepository\SceneZone-ANC\data\synth_noise\cls_2\0691.wav,2
D:\VSCodeRepository\SceneZone-ANC\data\synth_noise\cls_2\0692.wav,2
D:\VSCodeRepository\SceneZone-ANC\data\synth_noise\cls_2\0693.wav,2
D:\VSCodeRepository\SceneZone-ANC\data\synth_noise\cls_2\0694.wav,2
D:\VSCodeRepository\SceneZone-ANC\data\synth_noise\cls_2\0695.wav,2
D:\VSCodeRepository\SceneZone-ANC\data\synth_noise\cls_2\0696.wav,2
D:\VSCodeRepository\SceneZone-ANC\data\synth_noise\cls_2\0697.wav,2
D:\VSCodeRepository\SceneZone-ANC\data\synth_noise\cls_2\0698.wav,2
D:\VSCodeRepository\SceneZone-ANC\data\synth_noise\cls_2\0699.wav,2
D:\VSCodeRepository\SceneZone-ANC\data\synth_noise\cls_2\0700.wav,2
D:\VSCodeRepository\SceneZone-ANC\data\synth_noise\cls_2\0701.wav,2
D:\VSCodeRepository\SceneZone-ANC\data\synth_noise\cls_2\0702.wav,2
D:\VSCodeRepository\SceneZone-ANC\data\synth_noise\cls_2\0703.wav,2
D:\VSCodeRepository\SceneZone-ANC\data\synth_noise\cls_2\0704.wav,2
D:\VSCodeRepository\SceneZone-ANC\data\synth_noise\cls_2\0705.wav,2
D:\VSCodeRepository\SceneZone-ANC\data\synth_noise\cls_2\0706.wav,2
D:\VSCodeRepository\SceneZone-ANC\data\synth_noise\cls_2\0707.wav,2
D:\VSCodeRepository\SceneZone-ANC\data\synth_noise\cls_2\0708.wav,2
D:\VSCodeRepository\SceneZone-ANC\data\synth_noise\cls_2\0709.wav,2
D:\VSCodeRepository\SceneZone-ANC\data\synth_noise\cls_2\0710.wav,2
D:\VSCodeRepository\SceneZone-ANC\data\synth_noise\cls_2\0711.wav,2
D:\VSCodeRepository\SceneZone-ANC\data\synth_noise\cls_2\0712.wav,2
D:\VSCodeRepository\SceneZone-ANC\data\synth_noise\cls_2\0713.wav,2
D:\VSCodeRepository\SceneZone-ANC\data\synth_noise\cls_2\0714.wav,2
D:\VSCodeRepository\SceneZone-ANC\data\synth_noise\cls_2\0715.wav,2
D:\VSCodeRepository\SceneZone-ANC\data\synth_noise\cls_2\0716.wav,2
D:\VSCodeRepository\SceneZone-ANC\data\synth_noise\cls_2\0717.wav,2
D:\VSCodeRepository\SceneZone-ANC\data\synth_noise\cls_2\0718.wav,2
D:\VSCodeRepository\SceneZone-ANC\data\synth_noise\cls_2\0719.wav,2
D:\VSCodeRepository\SceneZone-ANC\data\synth_noise\cls_2\0720.wav,2
D:\VSCodeRepository\SceneZone-ANC\data\synth_noise\cls_2\0721.wav,2
D:\VSCodeRepository\SceneZone-ANC\data\synth_noise\cls_2\0722.wav,2
D:\VSCodeRepository\SceneZone-ANC\data\synth_noise\cls_2\0723.wav,2
D:\VSCodeRepository\SceneZone-ANC\data\synth_noise\cls_2\0724.wav,2
D:\VSCodeRepository\SceneZone-ANC\data\synth_noise\cls_2\0725.wav,2
D:\VSCodeRepository\SceneZone-ANC\data\synth_noise\cls_2\0726.wav,2
D:\VSCodeRepository\SceneZone-ANC\data\synth_noise\cls_2\0727.wav,2
D:\VSCodeRepository\SceneZone-ANC\data\synth_noise\cls_2\0728.wav,2
D:\VSCodeRepository\SceneZone-ANC\data\synth_noise\cls_2\0729.wav,2
D:\VSCodeRepository\SceneZone-ANC\data\synth_noise\cls_2\0730.wav,2
D:\VSCodeRepository\SceneZone-ANC\data\synth_noise\cls_2\0731.wav,2
D:\VSCodeRepository\SceneZone-ANC\data\synth_noise\cls_2\0732.wav,2
D:\VSCodeRepository\SceneZone-ANC\data\synth_noise\cls_2\0733.wav,2
D:\VSCodeRepository\SceneZone-ANC\data\synth_noise\cls_2\0734.wav,2
D:\VSCodeRepository\SceneZone-ANC\data\synth_noise\cls_2\0735.wav,2
D:\VSCodeRepository\SceneZone-ANC\data\synth_noise\cls_2\0736.wav,2
D:\VSCodeRepository\SceneZone-ANC\data\synth_noise\cls_2\0737.wav,2
D:\VSCodeRepository\SceneZone-ANC\data\synth_noise\cls_2\0738.wav,2
D:\VSCodeRepository\SceneZone-ANC\data\synth_noise\cls_2\0739.wav,2
D:\VSCodeRepository\SceneZone-ANC\data\synth_noise\cls_2\0740.wav,2
D:\VSCodeRepository\SceneZone-ANC\data\synth_noise\cls_2\0741.wav,2
D:\VSCodeRepository\SceneZone-ANC\data\synth_noise\cls_2\0742.wav,2
D:\VSCodeRepository\SceneZone-ANC\data\synth_noise\cls_2\0743.wav,2
D:\VSCodeRepository\SceneZone-ANC\data\synth_noise\cls_2\0744.wav,2
D:\VSCodeRepository\SceneZone-ANC\data\synth_noise\cls_2\0745.wav,2
D:\VSCodeRepository\SceneZone-ANC\data\synth_noise\cls_2\0746.wav,2
D:\VSCodeRepository\SceneZone-ANC\data\synth_noise\cls_2\0747.wav,2
D:\VSCodeRepository\SceneZone-ANC\data\synth_noise\cls_2\0748.wav,2
D:\VSCodeRepository\SceneZone-ANC\data\synth_noise\cls_2\0749.wav,2
D:\VSCodeRepository\SceneZone-ANC\data\synth_noise\cls_2\0750.wav,2
D:\VSCodeRepository\SceneZone-ANC\data\synth_noise\cls_2\0751.wav,2
D:\VSCodeRepository\SceneZone-ANC\data\synth_noise\cls_2\0752.wav,2
D:\VSCodeRepository\SceneZone-ANC\data\synth_noise\cls_2\0753.wav,2
D:\VSCodeRepository\SceneZone-ANC\data\synth_noise\cls_2\0754.wav,2
D:\VSCodeRepository\SceneZone-ANC\data\synth_noise\cls_2\0755.wav,2
D:\VSCodeRepository\SceneZone-ANC\data\synth_noise\cls_2\0756.wav,2
D:\VSCodeRepository\SceneZone-ANC\data\synth_noise\cls_2\0757.wav,2
D:\VSCodeRepository\SceneZone-ANC\data\synth_noise\cls_2\0758.wav,2
D:\VSCodeRepository\SceneZone-ANC\data\synth_noise\cls_2\0759.wav,2
D:\VSCodeRepository\SceneZone-ANC\data\synth_noise\cls_2\0760.wav,2
D:\VSCodeRepository\SceneZone-ANC\data\synth_noise\cls_2\0761.wav,2
D:\VSCodeRepository\SceneZone-ANC\data\synth_noise\cls_2\0762.wav,2
D:\VSCodeRepository\SceneZone-ANC\data\synth_noise\cls_2\0763.wav,2
D:\VSCodeRepository\SceneZone-ANC\data\synth_noise\cls_2\0764.wav,2
D:\VSCodeRepository\SceneZone-ANC\data\synth_noise\cls_2\0765.wav,2
D:\VSCodeRepository\SceneZone-ANC\data\synth_noise\cls_2\0766.wav,2
D:\VSCodeRepository\SceneZone-ANC\data\synth_noise\cls_2\0767.wav,2
D:\VSCodeRepository\SceneZone-ANC\data\synth_noise\cls_2\0768.wav,2
D:\VSCodeRepository\SceneZone-ANC\data\synth_noise\cls_2\0769.wav,2
D:\VSCodeRepository\SceneZone-ANC\data\synth_noise\cls_2\0770.wav,2
D:\VSCodeRepository\SceneZone-ANC\data\synth_noise\cls_2\0771.wav,2
D:\VSCodeRepository\SceneZone-ANC\data\synth_noise\cls_2\0772.wav,2
D:\VSCodeRepository\SceneZone-ANC\data\synth_noise\cls_2\0773.wav,2
D:\VSCodeRepository\SceneZone-ANC\data\synth_noise\cls_2\0774.wav,2
D:\VSCodeRepository\SceneZone-ANC\data\synth_noise\cls_2\0775.wav,2
D:\VSCodeRepository\SceneZone-ANC\data\synth_noise\cls_2\0776.wav,2
D:\VSCodeRepository\SceneZone-ANC\data\synth_noise\cls_2\0777.wav,2
D:\VSCodeRepository\SceneZone-ANC\data\synth_noise\cls_2\0778.wav,2
D:\VSCodeRepository\SceneZone-ANC\data\synth_noise\cls_2\0779.wav,2
D:\VSCodeRepository\SceneZone-ANC\data\synth_noise\cls_2\0780.wav,2
D:\VSCodeRepository\SceneZone-ANC\data\synth_noise\cls_2\0781.wav,2
D:\VSCodeRepository\SceneZone-ANC\data\synth_noise\cls_2\0782.wav,2
D:\VSCodeRepository\SceneZone-ANC\data\synth_noise\cls_2\0783.wav,2
D:\VSCodeRepository\SceneZone-ANC\data\synth_noise\cls_2\0784.wav,2
D:\VSCodeRepository\SceneZone-ANC\data\synth_noise\cls_2\0785.wav,2
D:\VSCodeRepository\SceneZone-ANC\data\synth_noise\cls_2\0786.wav,2
D:\VSCodeRepository\SceneZone-ANC\data\synth_noise\cls_2\0787.wav,2
D:\VSCodeRepository\SceneZone-ANC\data\synth_noise\cls_2\0788.wav,2
D:\VSCodeRepository\SceneZone-ANC\data\synth_noise\cls_2\0789.wav,2
D:\VSCodeRepository\SceneZone-ANC\data\synth_noise\cls_2\0790.wav,2
D:\VSCodeRepository\SceneZone-ANC\data\synth_noise\cls_2\0791.wav,2
D:\VSCodeRepository\SceneZone-ANC\data\synth_noise\cls_2\0792.wav,2
D:\VSCodeRepository\SceneZone-ANC\data\synth_noise\cls_2\0793.wav,2
D:\VSCodeRepository\SceneZone-ANC\data\synth_noise\cls_2\0794.wav,2
D:\VSCodeRepository\SceneZone-ANC\data\synth_noise\cls_2\0795.wav,2
D:\VSCodeRepository\SceneZone-ANC\data\synth_noise\cls_2\0796.wav,2
D:\VSCodeRepository\SceneZone-ANC\data\synth_noise\cls_2\0797.wav,2
D:\VSCodeRepository\SceneZone-ANC\data\synth_noise\cls_2\0798.wav,2
D:\VSCodeRepository\SceneZone-ANC\data\synth_noise\cls_2\0799.wav,2
D:\VSCodeRepository\SceneZone-ANC\data\synth_noise\cls_2\0800.wav,2
D:\VSCodeRepository\SceneZone-ANC\data\synth_noise\cls_2\0801.wav,2
D:\VSCodeRepository\SceneZone-ANC\data\synth_noise\cls_2\0802.wav,2
D:\VSCodeRepository\SceneZone-ANC\data\synth_noise\cls_2\0803.wav,2
D:\VSCodeRepository\SceneZone-ANC\data\synth_noise\cls_2\0804.wav,2
D:\VSCodeRepository\SceneZone-ANC\data\synth_noise\cls_2\0805.wav,2
D:\VSCodeRepository\SceneZone-ANC\data\synth_noise\cls_2\0806.wav,2
D:\VSCodeRepository\SceneZone-ANC\data\synth_noise\cls_2\0807.wav,2
D:\VSCodeRepository\SceneZone-ANC\data\synth_noise\cls_2\0808.wav,2
D:\VSCodeRepository\SceneZone-ANC\data\synth_noise\cls_2\0809.wav,2
D:\VSCodeRepository\SceneZone-ANC\data\synth_noise\cls_2\0810.wav,2
D:\VSCodeRepository\SceneZone-ANC\data\synth_noise\cls_2\0811.wav,2
D:\VSCodeRepository\SceneZone-ANC\data\synth_noise\cls_2\0812.wav,2
D:\VSCodeRepository\SceneZone-ANC\data\synth_noise\cls_2\0813.wav,2
D:\VSCodeRepository\SceneZone-ANC\data\synth_noise\cls_2\0814.wav,2
D:\VSCodeRepository\SceneZone-ANC\data\synth_noise\cls_2\0815.wav,2
D:\VSCodeRepository\SceneZone-ANC\data\synth_noise\cls_2\0816.wav,2
D:\VSCodeRepository\SceneZone-ANC\data\synth_noise\cls_2\0817.wav,2
D:\VSCodeRepository\SceneZone-ANC\data\synth_noise\cls_2\0818.wav,2
D:\VSCodeRepository\SceneZone-ANC\data\synth_noise\cls_2\0819.wav,2
D:\VSCodeRepository\SceneZone-ANC\data\synth_noise\cls_2\0820.wav,2
D:\VSCodeRepository\SceneZone-ANC\data\synth_noise\cls_2\0821.wav,2
D:\VSCodeRepository\SceneZone-ANC\data\synth_noise\cls_2\0822.wav,2
D:\VSCodeRepository\SceneZone-ANC\data\synth_noise\cls_2\0823.wav,2
D:\VSCodeRepository\SceneZone-ANC\data\synth_noise\cls_2\0824.wav,2
D:\VSCodeRepository\SceneZone-ANC\data\synth_noise\cls_2\0825.wav,2
D:\VSCodeRepository\SceneZone-ANC\data\synth_noise\cls_2\0826.wav,2
D:\VSCodeRepository\SceneZone-ANC\data\synth_noise\cls_2\0827.wav,2
D:\VSCodeRepository\SceneZone-ANC\data\synth_noise\cls_2\0828.wav,2
D:\VSCodeRepository\SceneZone-ANC\data\synth_noise\cls_2\0829.wav,2
D:\VSCodeRepository\SceneZone-ANC\data\synth_noise\cls_2\0830.wav,2
D:\VSCodeRepository\SceneZone-ANC\data\synth_noise\cls_2\0831.wav,2
D:\VSCodeRepository\SceneZone-ANC\data\synth_noise\cls_2\0832.wav,2
D:\VSCodeRepository\SceneZone-ANC\data\synth_noise\cls_2\0833.wav,2
D:\VSCodeRepository\SceneZone-ANC\data\synth_noise\cls_2\0834.wav,2
D:\VSCodeRepository\SceneZone-ANC\data\synth_noise\cls_2\0835.wav,2
D:\VSCodeRepository\SceneZone-ANC\data\synth_noise\cls_2\0836.wav,2
D:\VSCodeRepository\SceneZone-ANC\data\synth_noise\cls_2\0837.wav,2
D:\VSCodeRepository\SceneZone-ANC\data\synth_noise\cls_2\0838.wav,2
D:\VSCodeRepository\SceneZone-ANC\data\synth_noise\cls_2\0839.wav,2
D:\VSCodeRepository\SceneZone-ANC\data\synth_noise\cls_2\0840.wav,2
D:\VSCodeRepository\SceneZone-ANC\data\synth_noise\cls_2\0841.wav,2
D:\VSCodeRepository\SceneZone-ANC\data\synth_noise\cls_2\0842.wav,2
D:\VSCodeRepository\SceneZone-ANC\data\synth_noise\cls_2\0843.wav,2
D:\VSCodeRepository\SceneZone-ANC\data\synth_noise\cls_2\0844.wav,2
D:\VSCodeRepository\SceneZone-ANC\data\synth_noise\cls_2\0845.wav,2
D:\VSCodeRepository\SceneZone-ANC\data\synth_noise\cls_2\0846.wav,2
D:\VSCodeRepository\SceneZone-ANC\data\synth_noise\cls_2\0847.wav,2
D:\VSCodeRepository\SceneZone-ANC\data\synth_noise\cls_2\0848.wav,2
D:\VSCodeRepository\SceneZone-ANC\data\synth_noise\cls_2\0849.wav,2
D:\VSCodeRepository\SceneZone-ANC\data\synth_noise\cls_2\0850.wav,2
D:\VSCodeRepository\SceneZone-ANC\data\synth_noise\cls_2\0851.wav,2
D:\VSCodeRepository\SceneZone-ANC\data\synth_noise\cls_2\0852.wav,2
D:\VSCodeRepository\SceneZone-ANC\data\synth_noise\cls_2\0853.wav,2
D:\VSCodeRepository\SceneZone-ANC\data\synth_noise\cls_2\0854.wav,2
D:\VSCodeRepository\SceneZone-ANC\data\synth_noise\cls_2\0855.wav,2
D:\VSCodeRepository\SceneZone-ANC\data\synth_noise\cls_2\0856.wav,2
D:\VSCodeRepository\SceneZone-ANC\data\synth_noise\cls_2\0857.wav,2
D:\VSCodeRepository\SceneZone-ANC\data\synth_noise\cls_2\0858.wav,2
D:\VSCodeRepository\SceneZone-ANC\data\synth_noise\cls_2\0859.wav,2
D:\VSCodeRepository\SceneZone-ANC\data\synth_noise\cls_2\0860.wav,2
D:\VSCodeRepository\SceneZone-ANC\data\synth_noise\cls_2\0861.wav,2
D:\VSCodeRepository\SceneZone-ANC\data\synth_noise\cls_2\0862.wav,2
D:\VSCodeRepository\SceneZone-ANC\data\synth_noise\cls_2\0863.wav,2
D:\VSCodeRepository\SceneZone-ANC\data\synth_noise\cls_2\0864.wav,2
D:\VSCodeRepository\SceneZone-ANC\data\synth_noise\cls_2\0865.wav,2
D:\VSCodeRepository\SceneZone-ANC\data\synth_noise\cls_2\0866.wav,2
D:\VSCodeRepository\SceneZone-ANC\data\synth_noise\cls_2\0867.wav,2
D:\VSCodeRepository\SceneZone-ANC\data\synth_noise\cls_2\0868.wav,2
D:\VSCodeRepository\SceneZone-ANC\data\synth_noise\cls_2\0869.wav,2
D:\VSCodeRepository\SceneZone-ANC\data\synth_noise\cls_2\0870.wav,2
D:\VSCodeRepository\SceneZone-ANC\data\synth_noise\cls_2\0871.wav,2
D:\VSCodeRepository\SceneZone-ANC\data\synth_noise\cls_2\0872.wav,2
D:\VSCodeRepository\SceneZone-ANC\data\synth_noise\cls_2\0873.wav,2
D:\VSCodeRepository\SceneZone-ANC\data\synth_noise\cls_2\0874.wav,2
D:\VSCodeRepository\SceneZone-ANC\data\synth_noise\cls_2\0875.wav,2
D:\VSCodeRepository\SceneZone-ANC\data\synth_noise\cls_2\0876.wav,2
D:\VSCodeRepository\SceneZone-ANC\data\synth_noise\cls_2\0877.wav,2
D:\VSCodeRepository\SceneZone-ANC\data\synth_noise\cls_2\0878.wav,2
D:\VSCodeRepository\SceneZone-ANC\data\synth_noise\cls_2\0879.wav,2
D:\VSCodeRepository\SceneZone-ANC\data\synth_noise\cls_2\0880.wav,2
D:\VSCodeRepository\SceneZone-ANC\data\synth_noise\cls_2\0881.wav,2
D:\VSCodeRepository\SceneZone-ANC\data\synth_noise\cls_2\0882.wav,2
D:\VSCodeRepository\SceneZone-ANC\data\synth_noise\cls_2\0883.wav,2
D:\VSCodeRepository\SceneZone-ANC\data\synth_noise\cls_2\0884.wav,2
D:\VSCodeRepository\SceneZone-ANC\data\synth_noise\cls_2\0885.wav,2
D:\VSCodeRepository\SceneZone-ANC\data\synth_noise\cls_2\0886.wav,2
D:\VSCodeRepository\SceneZone-ANC\data\synth_noise\cls_2\0887.wav,2
D:\VSCodeRepository\SceneZone-ANC\data\synth_noise\cls_2\0888.wav,2
D:\VSCodeRepository\SceneZone-ANC\data\synth_noise\cls_2\0889.wav,2
D:\VSCodeRepository\SceneZone-ANC\data\synth_noise\cls_2\0890.wav,2
D:\VSCodeRepository\SceneZone-ANC\data\synth_noise\cls_2\0891.wav,2
D:\VSCodeRepository\SceneZone-ANC\data\synth_noise\cls_2\0892.wav,2
D:\VSCodeRepository\SceneZone-ANC\data\synth_noise\cls_2\0893.wav,2
D:\VSCodeRepository\SceneZone-ANC\data\synth_noise\cls_2\0894.wav,2
D:\VSCodeRepository\SceneZone-ANC\data\synth_noise\cls_2\0895.wav,2
D:\VSCodeRepository\SceneZone-ANC\data\synth_noise\cls_2\0896.wav,2
D:\VSCodeRepository\SceneZone-ANC\data\synth_noise\cls_2\0897.wav,2
D:\VSCodeRepository\SceneZone-ANC\data\synth_noise\cls_2\0898.wav,2
D:\VSCodeRepository\SceneZone-ANC\data\synth_noise\cls_2\0899.wav,2
D:\VSCodeRepository\SceneZone-ANC\data\synth_noise\cls_2\0900.wav,2
D:\VSCodeRepository\SceneZone-ANC\data\synth_noise\cls_2\0901.wav,2
D:\VSCodeRepository\SceneZone-ANC\data\synth_noise\cls_2\0902.wav,2
D:\VSCodeRepository\SceneZone-ANC\data\synth_noise\cls_2\0903.wav,2
D:\VSCodeRepository\SceneZone-ANC\data\synth_noise\cls_2\0904.wav,2
D:\VSCodeRepository\SceneZone-ANC\data\synth_noise\cls_2\0905.wav,2
D:\VSCodeRepository\SceneZone-ANC\data\synth_noise\cls_2\0906.wav,2
D:\VSCodeRepository\SceneZone-ANC\data\synth_noise\cls_2\0907.wav,2
D:\VSCodeRepository\SceneZone-ANC\data\synth_noise\cls_2\0908.wav,2
D:\VSCodeRepository\SceneZone-ANC\data\synth_noise\cls_2\0909.wav,2
D:\VSCodeRepository\SceneZone-ANC\data\synth_noise\cls_2\0910.wav,2
D:\VSCodeRepository\SceneZone-ANC\data\synth_noise\cls_2\0911.wav,2
D:\VSCodeRepository\SceneZone-ANC\data\synth_noise\cls_2\0912.wav,2
D:\VSCodeRepository\SceneZone-ANC\data\synth_noise\cls_2\0913.wav,2
D:\VSCodeRepository\SceneZone-ANC\data\synth_noise\cls_2\0914.wav,2
D:\VSCodeRepository\SceneZone-ANC\data\synth_noise\cls_2\0915.wav,2
D:\VSCodeRepository\SceneZone-ANC\data\synth_noise\cls_2\0916.wav,2
D:\VSCodeRepository\SceneZone-ANC\data\synth_noise\cls_2\0917.wav,2
D:\VSCodeRepository\SceneZone-ANC\data\synth_noise\cls_2\0918.wav,2
D:\VSCodeRepository\SceneZone-ANC\data\synth_noise\cls_2\0919.wav,2
D:\VSCodeRepository\SceneZone-ANC\data\synth_noise\cls_2\0920.wav,2
D:\VSCodeRepository\SceneZone-ANC\data\synth_noise\cls_2\0921.wav,2
D:\VSCodeRepository\SceneZone-ANC\data\synth_noise\cls_2\0922.wav,2
D:\VSCodeRepository\SceneZone-ANC\data\synth_noise\cls_2\0923.wav,2
D:\VSCodeRepository\SceneZone-ANC\data\synth_noise\cls_2\0924.wav,2
D:\VSCodeRepository\SceneZone-ANC\data\synth_noise\cls_2\0925.wav,2
D:\VSCodeRepository\SceneZone-ANC\data\synth_noise\cls_2\0926.wav,2
D:\VSCodeRepository\SceneZone-ANC\data\synth_noise\cls_2\0927.wav,2
D:\VSCodeRepository\SceneZone-ANC\data\synth_noise\cls_2\0928.wav,2
D:\VSCodeRepository\SceneZone-ANC\data\synth_noise\cls_2\0929.wav,2
D:\VSCodeRepository\SceneZone-ANC\data\synth_noise\cls_2\0930.wav,2
D:\VSCodeRepository\SceneZone-ANC\data\synth_noise\cls_2\0931.wav,2
D:\VSCodeRepository\SceneZone-ANC\data\synth_noise\cls_2\0932.wav,2
D:\VSCodeRepository\SceneZone-ANC\data\synth_noise\cls_2\0933.wav,2
D:\VSCodeRepository\SceneZone-ANC\data\synth_noise\cls_2\0934.wav,2
D:\VSCodeRepository\SceneZone-ANC\data\synth_noise\cls_2\0935.wav,2
D:\VSCodeRepository\SceneZone-ANC\data\synth_noise\cls_2\0936.wav,2
D:\VSCodeRepository\SceneZone-ANC\data\synth_noise\cls_2\0937.wav,2
D:\VSCodeRepository\SceneZone-ANC\data\synth_noise\cls_2\0938.wav,2
D:\VSCodeRepository\SceneZone-ANC\data\synth_noise\cls_2\0939.wav,2
D:\VSCodeRepository\SceneZone-ANC\data\synth_noise\cls_2\0940.wav,2
D:\VSCodeRepository\SceneZone-ANC\data\synth_noise\cls_2\0941.wav,2
D:\VSCodeRepository\SceneZone-ANC\data\synth_noise\cls_2\0942.wav,2
D:\VSCodeRepository\SceneZone-ANC\data\synth_noise\cls_2\0943.wav,2
D:\VSCodeRepository\SceneZone-ANC\data\synth_noise\cls_2\0944.wav,2
D:\VSCodeRepository\SceneZone-ANC\data\synth_noise\cls_2\0945.wav,2
D:\VSCodeRepository\SceneZone-ANC\data\synth_noise\cls_2\0946.wav,2
D:\VSCodeRepository\SceneZone-ANC\data\synth_noise\cls_2\0947.wav,2
D:\VSCodeRepository\SceneZone-ANC\data\synth_noise\cls_2\0948.wav,2
D:\VSCodeRepository\SceneZone-ANC\data\synth_noise\cls_2\0949.wav,2
D:\VSCodeRepository\SceneZone-ANC\data\synth_noise\cls_2\0950.wav,2
D:\VSCodeRepository\SceneZone-ANC\data\synth_noise\cls_2\0951.wav,2
D:\VSCodeRepository\SceneZone-ANC\data\synth_noise\cls_2\0952.wav,2
D:\VSCodeRepository\SceneZone-ANC\data\synth_noise\cls_2\0953.wav,2
D:\VSCodeRepository\SceneZone-ANC\data\synth_noise\cls_2\0954.wav,2
D:\VSCodeRepository\SceneZone-ANC\data\synth_noise\cls_2\0955.wav,2
D:\VSCodeRepository\SceneZone-ANC\data\synth_noise\cls_2\0956.wav,2
D:\VSCodeRepository\SceneZone-ANC\data\synth_noise\cls_2\0957.wav,2
D:\VSCodeRepository\SceneZone-ANC\data\synth_noise\cls_2\0958.wav,2
D:\VSCodeRepository\SceneZone-ANC\data\synth_noise\cls_2\0959.wav,2
D:\VSCodeRepository\SceneZone-ANC\data\synth_noise\cls_2\0960.wav,2
D:\VSCodeRepository\SceneZone-ANC\data\synth_noise\cls_2\0961.wav,2
D:\VSCodeRepository\SceneZone-ANC\data\synth_noise\cls_2\0962.wav,2
D:\VSCodeRepository\SceneZone-ANC\data\synth_noise\cls_2\0963.wav,2
D:\VSCodeRepository\SceneZone-ANC\data\synth_noise\cls_2\0964.wav,2
D:\VSCodeRepository\SceneZone-ANC\data\synth_noise\cls_2\0965.wav,2
D:\VSCodeRepository\SceneZone-ANC\data\synth_noise\cls_2\0966.wav,2
D:\VSCodeRepository\SceneZone-ANC\data\synth_noise\cls_2\0967.wav,2
D:\VSCodeRepository\SceneZone-ANC\data\synth_noise\cls_2\0968.wav,2
D:\VSCodeRepository\SceneZone-ANC\data\synth_noise\cls_2\0969.wav,2
D:\VSCodeRepository\SceneZone-ANC\data\synth_noise\cls_2\0970.wav,2
D:\VSCodeRepository\SceneZone-ANC\data\synth_noise\cls_2\0971.wav,2
D:\VSCodeRepository\SceneZone-ANC\data\synth_noise\cls_2\0972.wav,2
D:\VSCodeRepository\SceneZone-ANC\data\synth_noise\cls_2\0973.wav,2
D:\VSCodeRepository\SceneZone-ANC\data\synth_noise\cls_2\0974.wav,2
D:\VSCodeRepository\SceneZone-ANC\data\synth_noise\cls_2\0975.wav,2
D:\VSCodeRepository\SceneZone-ANC\data\synth_noise\cls_2\0976.wav,2
D:\VSCodeRepository\SceneZone-ANC\data\synth_noise\cls_2\0977.wav,2
D:\VSCodeRepository\SceneZone-ANC\data\synth_noise\cls_2\0978.wav,2
D:\VSCodeRepository\SceneZone-ANC\data\synth_noise\cls_2\0979.wav,2
D:\VSCodeRepository\SceneZone-ANC\data\synth_noise\cls_2\0980.wav,2
D:\VSCodeRepository\SceneZone-ANC\data\synth_noise\cls_2\0981.wav,2
D:\VSCodeRepository\SceneZone-ANC\data\synth_noise\cls_2\0982.wav,2
D:\VSCodeRepository\SceneZone-ANC\data\synth_noise\cls_2\0983.wav,2
D:\VSCodeRepository\SceneZone-ANC\data\synth_noise\cls_2\0984.wav,2
D:\VSCodeRepository\SceneZone-ANC\data\synth_noise\cls_2\0985.wav,2
D:\VSCodeRepository\SceneZone-ANC\data\synth_noise\cls_2\0986.wav,2
D:\VSCodeRepository\SceneZone-ANC\data\synth_noise\cls_2\0987.wav,2
D:\VSCodeRepository\SceneZone-ANC\data\synth_noise\cls_2\0988.wav,2
D:\VSCodeRepository\SceneZone-ANC\data\synth_noise\cls_2\0989.wav,2
D:\VSCodeRepository\SceneZone-ANC\data\synth_noise\cls_2\0990.wav,2
D:\VSCodeRepository\SceneZone-ANC\data\synth_noise\cls_2\0991.wav,2
D:\VSCodeRepository\SceneZone-ANC\data\synth_noise\cls_2\0992.wav,2
D:\VSCodeRepository\SceneZone-ANC\data\synth_noise\cls_2\0993.wav,2
D:\VSCodeRepository\SceneZone-ANC\data\synth_noise\cls_2\0994.wav,2
D:\VSCodeRepository\SceneZone-ANC\data\synth_noise\cls_2\0995.wav,2
D:\VSCodeRepository\SceneZone-ANC\data\synth_noise\cls_2\0996.wav,2
D:\VSCodeRepository\SceneZone-ANC\data\synth_noise\cls_2\0997.wav,2
D:\VSCodeRepository\SceneZone-ANC\data\synth_noise\cls_2\0998.wav,2
D:\VSCodeRepository\SceneZone-ANC\data\synth_noise\cls_2\0999.wav,2
D:\VSCodeRepository\SceneZone-ANC\data\synth_noise\cls_2\1000.wav,2
D:\VSCodeRepository\SceneZone-ANC\data\synth_noise\cls_2\1001.wav,2
D:\VSCodeRepository\SceneZone-ANC\data\synth_noise\cls_2\1002.wav,2
D:\VSCodeRepository\SceneZone-ANC\data\synth_noise\cls_2\1003.wav,2
D:\VSCodeRepository\SceneZone-ANC\data\synth_noise\cls_2\1004.wav,2
D:\VSCodeRepository\SceneZone-ANC\data\synth_noise\cls_2\1005.wav,2
D:\VSCodeRepository\SceneZone-ANC\data\synth_noise\cls_2\1006.wav,2
D:\VSCodeRepository\SceneZone-ANC\data\synth_noise\cls_2\1007.wav,2
D:\VSCodeRepository\SceneZone-ANC\data\synth_noise\cls_2\1008.wav,2
D:\VSCodeRepository\SceneZone-ANC\data\synth_noise\cls_2\1009.wav,2
D:\VSCodeRepository\SceneZone-ANC\data\synth_noise\cls_2\1010.wav,2
D:\VSCodeRepository\SceneZone-ANC\data\synth_noise\cls_2\1011.wav,2
D:\VSCodeRepository\SceneZone-ANC\data\synth_noise\cls_2\1012.wav,2
D:\VSCodeRepository\SceneZone-ANC\data\synth_noise\cls_2\1013.wav,2
D:\VSCodeRepository\SceneZone-ANC\data\synth_noise\cls_2\1014.wav,2
D:\VSCodeRepository\SceneZone-ANC\data\synth_noise\cls_2\1015.wav,2
D:\VSCodeRepository\SceneZone-ANC\data\synth_noise\cls_2\1016.wav,2
D:\VSCodeRepository\SceneZone-ANC\data\synth_noise\cls_2\1017.wav,2
D:\VSCodeRepository\SceneZone-ANC\data\synth_noise\cls_2\1018.wav,2
D:\VSCodeRepository\SceneZone-ANC\data\synth_noise\cls_2\1019.wav,2
D:\VSCodeRepository\SceneZone-ANC\data\synth_noise\cls_2\1020.wav,2
D:\VSCodeRepository\SceneZone-ANC\data\synth_noise\cls_2\1021.wav,2
D:\VSCodeRepository\SceneZone-ANC\data\synth_noise\cls_2\1022.wav,2
D:\VSCodeRepository\SceneZone-ANC\data\synth_noise\cls_2\1023.wav,2
D:\VSCodeRepository\SceneZone-ANC\data\synth_noise\cls_2\1024.wav,2
D:\VSCodeRepository\SceneZone-ANC\data\synth_noise\cls_2\1025.wav,2
D:\VSCodeRepository\SceneZone-ANC\data\synth_noise\cls_2\1026.wav,2
D:\VSCodeRepository\SceneZone-ANC\data\synth_noise\cls_2\1027.wav,2
D:\VSCodeRepository\SceneZone-ANC\data\synth_noise\cls_2\1028.wav,2
D:\VSCodeRepository\SceneZone-ANC\data\synth_noise\cls_2\1029.wav,2
D:\VSCodeRepository\SceneZone-ANC\data\synth_noise\cls_2\1030.wav,2
D:\VSCodeRepository\SceneZone-ANC\data\synth_noise\cls_2\1031.wav,2
D:\VSCodeRepository\SceneZone-ANC\data\synth_noise\cls_2\1032.wav,2
D:\VSCodeRepository\SceneZone-ANC\data\synth_noise\cls_2\1033.wav,2
D:\VSCodeRepository\SceneZone-ANC\data\synth_noise\cls_2\1034.wav,2
D:\VSCodeRepository\SceneZone-ANC\data\synth_noise\cls_2\1035.wav,2
D:\VSCodeRepository\SceneZone-ANC\data\synth_noise\cls_2\1036.wav,2
D:\VSCodeRepository\SceneZone-ANC\data\synth_noise\cls_2\1037.wav,2
D:\VSCodeRepository\SceneZone-ANC\data\synth_noise\cls_2\1038.wav,2
D:\VSCodeRepository\SceneZone-ANC\data\synth_noise\cls_2\1039.wav,2
D:\VSCodeRepository\SceneZone-ANC\data\synth_noise\cls_2\1040.wav,2
D:\VSCodeRepository\SceneZone-ANC\data\synth_noise\cls_2\1041.wav,2
D:\VSCodeRepository\SceneZone-ANC\data\synth_noise\cls_2\1042.wav,2
D:\VSCodeRepository\SceneZone-ANC\data\synth_noise\cls_2\1043.wav,2
D:\VSCodeRepository\SceneZone-ANC\data\synth_noise\cls_2\1044.wav,2
D:\VSCodeRepository\SceneZone-ANC\data\synth_noise\cls_2\1045.wav,2
D:\VSCodeRepository\SceneZone-ANC\data\synth_noise\cls_2\1046.wav,2
D:\VSCodeRepository\SceneZone-ANC\data\synth_noise\cls_2\1047.wav,2
D:\VSCodeRepository\SceneZone-ANC\data\synth_noise\cls_2\1048.wav,2
D:\VSCodeRepository\SceneZone-ANC\data\synth_noise\cls_2\1049.wav,2
D:\VSCodeRepository\SceneZone-ANC\data\synth_noise\cls_2\1050.wav,2
D:\VSCodeRepository\SceneZone-ANC\data\synth_noise\cls_2\1051.wav,2
D:\VSCodeRepository\SceneZone-ANC\data\synth_noise\cls_2\1052.wav,2
D:\VSCodeRepository\SceneZone-ANC\data\synth_noise\cls_2\1053.wav,2
D:\VSCodeRepository\SceneZone-ANC\data\synth_noise\cls_2\1054.wav,2
D:\VSCodeRepository\SceneZone-ANC\data\synth_noise\cls_2\1055.wav,2
D:\VSCodeRepository\SceneZone-ANC\data\synth_noise\cls_2\1056.wav,2
D:\VSCodeRepository\SceneZone-ANC\data\synth_noise\cls_2\1057.wav,2
D:\VSCodeRepository\SceneZone-ANC\data\synth_noise\cls_2\1058.wav,2
D:\VSCodeRepository\SceneZone-ANC\data\synth_noise\cls_2\1059.wav,2
D:\VSCodeRepository\SceneZone-ANC\data\synth_noise\cls_2\1060.wav,2
D:\VSCodeRepository\SceneZone-ANC\data\synth_noise\cls_2\1061.wav,2
D:\VSCodeRepository\SceneZone-ANC\data\synth_noise\cls_2\1062.wav,2
D:\VSCodeRepository\SceneZone-ANC\data\synth_noise\cls_2\1063.wav,2
D:\VSCodeRepository\SceneZone-ANC\data\synth_noise\cls_2\1064.wav,2
D:\VSCodeRepository\SceneZone-ANC\data\synth_noise\cls_2\1065.wav,2
D:\VSCodeRepository\SceneZone-ANC\data\synth_noise\cls_2\1066.wav,2
D:\VSCodeRepository\SceneZone-ANC\data\synth_noise\cls_2\1067.wav,2
D:\VSCodeRepository\SceneZone-ANC\data\synth_noise\cls_2\1068.wav,2
D:\VSCodeRepository\SceneZone-ANC\data\synth_noise\cls_2\1069.wav,2
D:\VSCodeRepository\SceneZone-ANC\data\synth_noise\cls_2\1070.wav,2
D:\VSCodeRepository\SceneZone-ANC\data\synth_noise\cls_2\1071.wav,2
D:\VSCodeRepository\SceneZone-ANC\data\synth_noise\cls_2\1072.wav,2
D:\VSCodeRepository\SceneZone-ANC\data\synth_noise\cls_2\1073.wav,2
D:\VSCodeRepository\SceneZone-ANC\data\synth_noise\cls_2\1074.wav,2
D:\VSCodeRepository\SceneZone-ANC\data\synth_noise\cls_2\1075.wav,2
D:\VSCodeRepository\SceneZone-ANC\data\synth_noise\cls_2\1076.wav,2
D:\VSCodeRepository\SceneZone-ANC\data\synth_noise\cls_2\1077.wav,2
D:\VSCodeRepository\SceneZone-ANC\data\synth_noise\cls_2\1078.wav,2
D:\VSCodeRepository\SceneZone-ANC\data\synth_noise\cls_2\1079.wav,2
D:\VSCodeRepository\SceneZone-ANC\data\synth_noise\cls_2\1080.wav,2
D:\VSCodeRepository\SceneZone-ANC\data\synth_noise\cls_2\1081.wav,2
D:\VSCodeRepository\SceneZone-ANC\data\synth_noise\cls_2\1082.wav,2
D:\VSCodeRepository\SceneZone-ANC\data\synth_noise\cls_2\1083.wav,2
D:\VSCodeRepository\SceneZone-ANC\data\synth_noise\cls_2\1084.wav,2
D:\VSCodeRepository\SceneZone-ANC\data\synth_noise\cls_2\1085.wav,2
D:\VSCodeRepository\SceneZone-ANC\data\synth_noise\cls_2\1086.wav,2
D:\VSCodeRepository\SceneZone-ANC\data\synth_noise\cls_2\1087.wav,2
D:\VSCodeRepository\SceneZone-ANC\data\synth_noise\cls_2\1088.wav,2
D:\VSCodeRepository\SceneZone-ANC\data\synth_noise\cls_2\1089.wav,2
D:\VSCodeRepository\SceneZone-ANC\data\synth_noise\cls_2\1090.wav,2
D:\VSCodeRepository\SceneZone-ANC\data\synth_noise\cls_2\1091.wav,2
D:\VSCodeRepository\SceneZone-ANC\data\synth_noise\cls_2\1092.wav,2
D:\VSCodeRepository\SceneZone-ANC\data\synth_noise\cls_2\1093.wav,2
D:\VSCodeRepository\SceneZone-ANC\data\synth_noise\cls_2\1094.wav,2
D:\VSCodeRepository\SceneZone-ANC\data\synth_noise\cls_2\1095.wav,2
D:\VSCodeRepository\SceneZone-ANC\data\synth_noise\cls_2\1096.wav,2
D:\VSCodeRepository\SceneZone-ANC\data\synth_noise\cls_2\1097.wav,2
D:\VSCodeRepository\SceneZone-ANC\data\synth_noise\cls_2\1098.wav,2
D:\VSCodeRepository\SceneZone-ANC\data\synth_noise\cls_2\1099.wav,2
D:\VSCodeRepository\SceneZone-ANC\data\synth_noise\cls_2\1100.wav,2
D:\VSCodeRepository\SceneZone-ANC\data\synth_noise\cls_2\1101.wav,2
D:\VSCodeRepository\SceneZone-ANC\data\synth_noise\cls_2\1102.wav,2
D:\VSCodeRepository\SceneZone-ANC\data\synth_noise\cls_2\1103.wav,2
D:\VSCodeRepository\SceneZone-ANC\data\synth_noise\cls_2\1104.wav,2
D:\VSCodeRepository\SceneZone-ANC\data\synth_noise\cls_2\1105.wav,2
D:\VSCodeRepository\SceneZone-ANC\data\synth_noise\cls_2\1106.wav,2
D:\VSCodeRepository\SceneZone-ANC\data\synth_noise\cls_2\1107.wav,2
D:\VSCodeRepository\SceneZone-ANC\data\synth_noise\cls_2\1108.wav,2
D:\VSCodeRepository\SceneZone-ANC\data\synth_noise\cls_2\1109.wav,2
D:\VSCodeRepository\SceneZone-ANC\data\synth_noise\cls_2\1110.wav,2
D:\VSCodeRepository\SceneZone-ANC\data\synth_noise\cls_2\1111.wav,2
D:\VSCodeRepository\SceneZone-ANC\data\synth_noise\cls_2\1112.wav,2
D:\VSCodeRepository\SceneZone-ANC\data\synth_noise\cls_2\1113.wav,2
D:\VSCodeRepository\SceneZone-ANC\data\synth_noise\cls_2\1114.wav,2
D:\VSCodeRepository\SceneZone-ANC\data\synth_noise\cls_2\1115.wav,2
D:\VSCodeRepository\SceneZone-ANC\data\synth_noise\cls_2\1116.wav,2
D:\VSCodeRepository\SceneZone-ANC\data\synth_noise\cls_2\1117.wav,2
D:\VSCodeRepository\SceneZone-ANC\data\synth_noise\cls_2\1118.wav,2
D:\VSCodeRepository\SceneZone-ANC\data\synth_noise\cls_2\1119.wav,2
D:\VSCodeRepository\SceneZone-ANC\data\synth_noise\cls_2\1120.wav,2
D:\VSCodeRepository\SceneZone-ANC\data\synth_noise\cls_2\1121.wav,2
D:\VSCodeRepository\SceneZone-ANC\data\synth_noise\cls_2\1122.wav,2
D:\VSCodeRepository\SceneZone-ANC\data\synth_noise\cls_2\1123.wav,2
D:\VSCodeRepository\SceneZone-ANC\data\synth_noise\cls_2\1124.wav,2
D:\VSCodeRepository\SceneZone-ANC\data\synth_noise\cls_2\1125.wav,2
D:\VSCodeRepository\SceneZone-ANC\data\synth_noise\cls_2\1126.wav,2
D:\VSCodeRepository\SceneZone-ANC\data\synth_noise\cls_2\1127.wav,2
D:\VSCodeRepository\SceneZone-ANC\data\synth_noise\cls_2\1128.wav,2
D:\VSCodeRepository\SceneZone-ANC\data\synth_noise\cls_2\1129.wav,2
D:\VSCodeRepository\SceneZone-ANC\data\synth_noise\cls_2\1130.wav,2
D:\VSCodeRepository\SceneZone-ANC\data\synth_noise\cls_2\1131.wav,2
D:\VSCodeRepository\SceneZone-ANC\data\synth_noise\cls_2\1132.wav,2
D:\VSCodeRepository\SceneZone-ANC\data\synth_noise\cls_2\1133.wav,2
D:\VSCodeRepository\SceneZone-ANC\data\synth_noise\cls_2\1134.wav,2
D:\VSCodeRepository\SceneZone-ANC\data\synth_noise\cls_2\1135.wav,2
D:\VSCodeRepository\SceneZone-ANC\data\synth_noise\cls_2\1136.wav,2
D:\VSCodeRepository\SceneZone-ANC\data\synth_noise\cls_2\1137.wav,2
D:\VSCodeRepository\SceneZone-ANC\data\synth_noise\cls_2\1138.wav,2
D:\VSCodeRepository\SceneZone-ANC\data\synth_noise\cls_2\1139.wav,2
D:\VSCodeRepository\SceneZone-ANC\data\synth_noise\cls_2\1140.wav,2
D:\VSCodeRepository\SceneZone-ANC\data\synth_noise\cls_2\1141.wav,2
D:\VSCodeRepository\SceneZone-ANC\data\synth_noise\cls_2\1142.wav,2
D:\VSCodeRepository\SceneZone-ANC\data\synth_noise\cls_2\1143.wav,2
D:\VSCodeRepository\SceneZone-ANC\data\synth_noise\cls_2\1144.wav,2
D:\VSCodeRepository\SceneZone-ANC\data\synth_noise\cls_2\1145.wav,2
D:\VSCodeRepository\SceneZone-ANC\data\synth_noise\cls_2\1146.wav,2
D:\VSCodeRepository\SceneZone-ANC\data\synth_noise\cls_2\1147.wav,2
D:\VSCodeRepository\SceneZone-ANC\data\synth_noise\cls_2\1148.wav,2
D:\VSCodeRepository\SceneZone-ANC\data\synth_noise\cls_2\1149.wav,2
D:\VSCodeRepository\SceneZone-ANC\data\synth_noise\cls_2\1150.wav,2
D:\VSCodeRepository\SceneZone-ANC\data\synth_noise\cls_2\1151.wav,2
D:\VSCodeRepository\SceneZone-ANC\data\synth_noise\cls_2\1152.wav,2
D:\VSCodeRepository\SceneZone-ANC\data\synth_noise\cls_2\1153.wav,2
D:\VSCodeRepository\SceneZone-ANC\data\synth_noise\cls_2\1154.wav,2
D:\VSCodeRepository\SceneZone-ANC\data\synth_noise\cls_2\1155.wav,2
D:\VSCodeRepository\SceneZone-ANC\data\synth_noise\cls_2\1156.wav,2
D:\VSCodeRepository\SceneZone-ANC\data\synth_noise\cls_2\1157.wav,2
D:\VSCodeRepository\SceneZone-ANC\data\synth_noise\cls_2\1158.wav,2
D:\VSCodeRepository\SceneZone-ANC\data\synth_noise\cls_2\1159.wav,2
D:\VSCodeRepository\SceneZone-ANC\data\synth_noise\cls_2\1160.wav,2
D:\VSCodeRepository\SceneZone-ANC\data\synth_noise\cls_2\1161.wav,2
D:\VSCodeRepository\SceneZone-ANC\data\synth_noise\cls_2\1162.wav,2
D:\VSCodeRepository\SceneZone-ANC\data\synth_noise\cls_2\1163.wav,2
D:\VSCodeRepository\SceneZone-ANC\data\synth_noise\cls_2\1164.wav,2
D:\VSCodeRepository\SceneZone-ANC\data\synth_noise\cls_2\1165.wav,2
D:\VSCodeRepository\SceneZone-ANC\data\synth_noise\cls_2\1166.wav,2
D:\VSCodeRepository\SceneZone-ANC\data\synth_noise\cls_2\1167.wav,2
D:\VSCodeRepository\SceneZone-ANC\data\synth_noise\cls_2\1168.wav,2
D:\VSCodeRepository\SceneZone-ANC\data\synth_noise\cls_2\1169.wav,2
D:\VSCodeRepository\SceneZone-ANC\data\synth_noise\cls_2\1170.wav,2
D:\VSCodeRepository\SceneZone-ANC\data\synth_noise\cls_2\1171.wav,2
D:\VSCodeRepository\SceneZone-ANC\data\synth_noise\cls_2\1172.wav,2
D:\VSCodeRepository\SceneZone-ANC\data\synth_noise\cls_2\1173.wav,2
D:\VSCodeRepository\SceneZone-ANC\data\synth_noise\cls_2\1174.wav,2
D:\VSCodeRepository\SceneZone-ANC\data\synth_noise\cls_2\1175.wav,2
D:\VSCodeRepository\SceneZone-ANC\data\synth_noise\cls_2\1176.wav,2
D:\VSCodeRepository\SceneZone-ANC\data\synth_noise\cls_2\1177.wav,2
D:\VSCodeRepository\SceneZone-ANC\data\synth_noise\cls_2\1178.wav,2
D:\VSCodeRepository\SceneZone-ANC\data\synth_noise\cls_2\1179.wav,2
D:\VSCodeRepository\SceneZone-ANC\data\synth_noise\cls_2\1180.wav,2
D:\VSCodeRepository\SceneZone-ANC\data\synth_noise\cls_2\1181.wav,2
D:\VSCodeRepository\SceneZone-ANC\data\synth_noise\cls_2\1182.wav,2
D:\VSCodeRepository\SceneZone-ANC\data\synth_noise\cls_2\1183.wav,2
D:\VSCodeRepository\SceneZone-ANC\data\synth_noise\cls_2\1184.wav,2
D:\VSCodeRepository\SceneZone-ANC\data\synth_noise\cls_2\1185.wav,2
D:\VSCodeRepository\SceneZone-ANC\data\synth_noise\cls_2\1186.wav,2
D:\VSCodeRepository\SceneZone-ANC\data\synth_noise\cls_2\1187.wav,2
D:\VSCodeRepository\SceneZone-ANC\data\synth_noise\cls_2\1188.wav,2
D:\VSCodeRepository\SceneZone-ANC\data\synth_noise\cls_2\1189.wav,2
D:\VSCodeRepository\SceneZone-ANC\data\synth_noise\cls_2\1190.wav,2
D:\VSCodeRepository\SceneZone-ANC\data\synth_noise\cls_2\1191.wav,2
D:\VSCodeRepository\SceneZone-ANC\data\synth_noise\cls_2\1192.wav,2
D:\VSCodeRepository\SceneZone-ANC\data\synth_noise\cls_2\1193.wav,2
D:\VSCodeRepository\SceneZone-ANC\data\synth_noise\cls_2\1194.wav,2
D:\VSCodeRepository\SceneZone-ANC\data\synth_noise\cls_2\1195.wav,2
D:\VSCodeRepository\SceneZone-ANC\data\synth_noise\cls_2\1196.wav,2
D:\VSCodeRepository\SceneZone-ANC\data\synth_noise\cls_2\1197.wav,2
D:\VSCodeRepository\SceneZone-ANC\data\synth_noise\cls_2\1198.wav,2
D:\VSCodeRepository\SceneZone-ANC\data\synth_noise\cls_2\1199.wav,2
D:\VSCodeRepository\SceneZone-ANC\data\synth_noise\cls_2\1200.wav,2
D:\VSCodeRepository\SceneZone-ANC\data\synth_noise\cls_2\1201.wav,2
D:\VSCodeRepository\SceneZone-ANC\data\synth_noise\cls_2\1202.wav,2
D:\VSCodeRepository\SceneZone-ANC\data\synth_noise\cls_2\1203.wav,2
D:\VSCodeRepository\SceneZone-ANC\data\synth_noise\cls_2\1204.wav,2
D:\VSCodeRepository\SceneZone-ANC\data\synth_noise\cls_2\1205.wav,2
D:\VSCodeRepository\SceneZone-ANC\data\synth_noise\cls_2\1206.wav,2
D:\VSCodeRepository\SceneZone-ANC\data\synth_noise\cls_2\1207.wav,2
D:\VSCodeRepository\SceneZone-ANC\data\synth_noise\cls_2\1208.wav,2
D:\VSCodeRepository\SceneZone-ANC\data\synth_noise\cls_2\1209.wav,2
D:\VSCodeRepository\SceneZone-ANC\data\synth_noise\cls_2\1210.wav,2
D:\VSCodeRepository\SceneZone-ANC\data\synth_noise\cls_2\1211.wav,2
D:\VSCodeRepository\SceneZone-ANC\data\synth_noise\cls_2\1212.wav,2
D:\VSCodeRepository\SceneZone-ANC\data\synth_noise\cls_2\1213.wav,2
D:\VSCodeRepository\SceneZone-ANC\data\synth_noise\cls_2\1214.wav,2
D:\VSCodeRepository\SceneZone-ANC\data\synth_noise\cls_2\1215.wav,2
D:\VSCodeRepository\SceneZone-ANC\data\synth_noise\cls_2\1216.wav,2
D:\VSCodeRepository\SceneZone-ANC\data\synth_noise\cls_2\1217.wav,2
D:\VSCodeRepository\SceneZone-ANC\data\synth_noise\cls_2\1218.wav,2
D:\VSCodeRepository\SceneZone-ANC\data\synth_noise\cls_2\1219.wav,2
D:\VSCodeRepository\SceneZone-ANC\data\synth_noise\cls_2\1220.wav,2
D:\VSCodeRepository\SceneZone-ANC\data\synth_noise\cls_2\1221.wav,2
D:\VSCodeRepository\SceneZone-ANC\data\synth_noise\cls_2\1222.wav,2
D:\VSCodeRepository\SceneZone-ANC\data\synth_noise\cls_2\1223.wav,2
D:\VSCodeRepository\SceneZone-ANC\data\synth_noise\cls_2\1224.wav,2
D:\VSCodeRepository\SceneZone-ANC\data\synth_noise\cls_2\1225.wav,2
D:\VSCodeRepository\SceneZone-ANC\data\synth_noise\cls_2\1226.wav,2
D:\VSCodeRepository\SceneZone-ANC\data\synth_noise\cls_2\1227.wav,2
D:\VSCodeRepository\SceneZone-ANC\data\synth_noise\cls_2\1228.wav,2
D:\VSCodeRepository\SceneZone-ANC\data\synth_noise\cls_2\1229.wav,2
D:\VSCodeRepository\SceneZone-ANC\data\synth_noise\cls_2\1230.wav,2
D:\VSCodeRepository\SceneZone-ANC\data\synth_noise\cls_2\1231.wav,2
D:\VSCodeRepository\SceneZone-ANC\data\synth_noise\cls_2\1232.wav,2
D:\VSCodeRepository\SceneZone-ANC\data\synth_noise\cls_2\1233.wav,2
D:\VSCodeRepository\SceneZone-ANC\data\synth_noise\cls_2\1234.wav,2
D:\VSCodeRepository\SceneZone-ANC\data\synth_noise\cls_2\1235.wav,2
D:\VSCodeRepository\SceneZone-ANC\data\synth_noise\cls_2\1236.wav,2
D:\VSCodeRepository\SceneZone-ANC\data\synth_noise\cls_2\1237.wav,2
D:\VSCodeRepository\SceneZone-ANC\data\synth_noise\cls_2\1238.wav,2
D:\VSCodeRepository\SceneZone-ANC\data\synth_noise\cls_2\1239.wav,2
D:\VSCodeRepository\SceneZone-ANC\data\synth_noise\cls_2\1240.wav,2
D:\VSCodeRepository\SceneZone-ANC\data\synth_noise\cls_2\1241.wav,2
D:\VSCodeRepository\SceneZone-ANC\data\synth_noise\cls_2\1242.wav,2
D:\VSCodeRepository\SceneZone-ANC\data\synth_noise\cls_2\1243.wav,2
D:\VSCodeRepository\SceneZone-ANC\data\synth_noise\cls_2\1244.wav,2
D:\VSCodeRepository\SceneZone-ANC\data\synth_noise\cls_2\1245.wav,2
D:\VSCodeRepository\SceneZone-ANC\data\synth_noise\cls_2\1246.wav,2
D:\VSCodeRepository\SceneZone-ANC\data\synth_noise\cls_2\1247.wav,2
D:\VSCodeRepository\SceneZone-ANC\data\synth_noise\cls_2\1248.wav,2
D:\VSCodeRepository\SceneZone-ANC\data\synth_noise\cls_2\1249.wav,2
D:\VSCodeRepository\SceneZone-ANC\data\synth_noise\cls_2\1250.wav,2
D:\VSCodeRepository\SceneZone-ANC\data\synth_noise\cls_2\1251.wav,2
D:\VSCodeRepository\SceneZone-ANC\data\synth_noise\cls_2\1252.wav,2
D:\VSCodeRepository\SceneZone-ANC\data\synth_noise\cls_2\1253.wav,2
D:\VSCodeRepository\SceneZone-ANC\data\synth_noise\cls_2\1254.wav,2
D:\VSCodeRepository\SceneZone-ANC\data\synth_noise\cls_2\1255.wav,2
D:\VSCodeRepository\SceneZone-ANC\data\synth_noise\cls_2\1256.wav,2
D:\VSCodeRepository\SceneZone-ANC\data\synth_noise\cls_2\1257.wav,2
D:\VSCodeRepository\SceneZone-ANC\data\synth_noise\cls_2\1258.wav,2
D:\VSCodeRepository\SceneZone-ANC\data\synth_noise\cls_2\1259.wav,2
D:\VSCodeRepository\SceneZone-ANC\data\synth_noise\cls_2\1260.wav,2
D:\VSCodeRepository\SceneZone-ANC\data\synth_noise\cls_2\1261.wav,2
D:\VSCodeRepository\SceneZone-ANC\data\synth_noise\cls_2\1262.wav,2
D:\VSCodeRepository\SceneZone-ANC\data\synth_noise\cls_2\1263.wav,2
D:\VSCodeRepository\SceneZone-ANC\data\synth_noise\cls_2\1264.wav,2
D:\VSCodeRepository\SceneZone-ANC\data\synth_noise\cls_2\1265.wav,2
D:\VSCodeRepository\SceneZone-ANC\data\synth_noise\cls_2\1266.wav,2
D:\VSCodeRepository\SceneZone-ANC\data\synth_noise\cls_2\1267.wav,2
D:\VSCodeRepository\SceneZone-ANC\data\synth_noise\cls_2\1268.wav,2
D:\VSCodeRepository\SceneZone-ANC\data\synth_noise\cls_2\1269.wav,2
D:\VSCodeRepository\SceneZone-ANC\data\synth_noise\cls_2\1270.wav,2
D:\VSCodeRepository\SceneZone-ANC\data\synth_noise\cls_2\1271.wav,2
D:\VSCodeRepository\SceneZone-ANC\data\synth_noise\cls_2\1272.wav,2
D:\VSCodeRepository\SceneZone-ANC\data\synth_noise\cls_2\1273.wav,2
D:\VSCodeRepository\SceneZone-ANC\data\synth_noise\cls_2\1274.wav,2
D:\VSCodeRepository\SceneZone-ANC\data\synth_noise\cls_2\1275.wav,2
D:\VSCodeRepository\SceneZone-ANC\data\synth_noise\cls_2\1276.wav,2
D:\VSCodeRepository\SceneZone-ANC\data\synth_noise\cls_2\1277.wav,2
D:\VSCodeRepository\SceneZone-ANC\data\synth_noise\cls_2\1278.wav,2
D:\VSCodeRepository\SceneZone-ANC\data\synth_noise\cls_2\1279.wav,2
D:\VSCodeRepository\SceneZone-ANC\data\synth_noise\cls_2\1280.wav,2
D:\VSCodeRepository\SceneZone-ANC\data\synth_noise\cls_2\1281.wav,2
D:\VSCodeRepository\SceneZone-ANC\data\synth_noise\cls_2\1282.wav,2
D:\VSCodeRepository\SceneZone-ANC\data\synth_noise\cls_2\1283.wav,2
D:\VSCodeRepository\SceneZone-ANC\data\synth_noise\cls_2\1284.wav,2
D:\VSCodeRepository\SceneZone-ANC\data\synth_noise\cls_2\1285.wav,2
D:\VSCodeRepository\SceneZone-ANC\data\synth_noise\cls_2\1286.wav,2
D:\VSCodeRepository\SceneZone-ANC\data\synth_noise\cls_2\1287.wav,2
D:\VSCodeRepository\SceneZone-ANC\data\synth_noise\cls_2\1288.wav,2
D:\VSCodeRepository\SceneZone-ANC\data\synth_noise\cls_2\1289.wav,2
D:\VSCodeRepository\SceneZone-ANC\data\synth_noise\cls_2\1290.wav,2
D:\VSCodeRepository\SceneZone-ANC\data\synth_noise\cls_2\1291.wav,2
D:\VSCodeRepository\SceneZone-ANC\data\synth_noise\cls_2\1292.wav,2
D:\VSCodeRepository\SceneZone-ANC\data\synth_noise\cls_2\1293.wav,2
D:\VSCodeRepository\SceneZone-ANC\data\synth_noise\cls_2\1294.wav,2
D:\VSCodeRepository\SceneZone-ANC\data\synth_noise\cls_2\1295.wav,2
D:\VSCodeRepository\SceneZone-ANC\data\synth_noise\cls_2\1296.wav,2
D:\VSCodeRepository\SceneZone-ANC\data\synth_noise\cls_2\1297.wav,2
D:\VSCodeRepository\SceneZone-ANC\data\synth_noise\cls_2\1298.wav,2
D:\VSCodeRepository\SceneZone-ANC\data\synth_noise\cls_2\1299.wav,2
D:\VSCodeRepository\SceneZone-ANC\data\synth_noise\cls_2\1300.wav,2
D:\VSCodeRepository\SceneZone-ANC\data\synth_noise\cls_2\1301.wav,2
D:\VSCodeRepository\SceneZone-ANC\data\synth_noise\cls_2\1302.wav,2
D:\VSCodeRepository\SceneZone-ANC\data\synth_noise\cls_2\1303.wav,2
D:\VSCodeRepository\SceneZone-ANC\data\synth_noise\cls_2\1304.wav,2
D:\VSCodeRepository\SceneZone-ANC\data\synth_noise\cls_2\1305.wav,2
D:\VSCodeRepository\SceneZone-ANC\data\synth_noise\cls_2\1306.wav,2
D:\VSCodeRepository\SceneZone-ANC\data\synth_noise\cls_2\1307.wav,2
D:\VSCodeRepository\SceneZone-ANC\data\synth_noise\cls_2\1308.wav,2
D:\VSCodeRepository\SceneZone-ANC\data\synth_noise\cls_2\1309.wav,2
D:\VSCodeRepository\SceneZone-ANC\data\synth_noise\cls_2\1310.wav,2
D:\VSCodeRepository\SceneZone-ANC\data\synth_noise\cls_2\1311.wav,2
D:\VSCodeRepository\SceneZone-ANC\data\synth_noise\cls_2\1312.wav,2
D:\VSCodeRepository\SceneZone-ANC\data\synth_noise\cls_2\1313.wav,2
D:\VSCodeRepository\SceneZone-ANC\data\synth_noise\cls_2\1314.wav,2
D:\VSCodeRepository\SceneZone-ANC\data\synth_noise\cls_2\1315.wav,2
D:\VSCodeRepository\SceneZone-ANC\data\synth_noise\cls_2\1316.wav,2
D:\VSCodeRepository\SceneZone-ANC\data\synth_noise\cls_2\1317.wav,2
D:\VSCodeRepository\SceneZone-ANC\data\synth_noise\cls_2\1318.wav,2
D:\VSCodeRepository\SceneZone-ANC\data\synth_noise\cls_2\1319.wav,2
D:\VSCodeRepository\SceneZone-ANC\data\synth_noise\cls_2\1320.wav,2
D:\VSCodeRepository\SceneZone-ANC\data\synth_noise\cls_2\1321.wav,2
D:\VSCodeRepository\SceneZone-ANC\data\synth_noise\cls_2\1322.wav,2
D:\VSCodeRepository\SceneZone-ANC\data\synth_noise\cls_2\1323.wav,2
D:\VSCodeRepository\SceneZone-ANC\data\synth_noise\cls_2\1324.wav,2
D:\VSCodeRepository\SceneZone-ANC\data\synth_noise\cls_2\1325.wav,2
D:\VSCodeRepository\SceneZone-ANC\data\synth_noise\cls_2\1326.wav,2
D:\VSCodeRepository\SceneZone-ANC\data\synth_noise\cls_2\1327.wav,2
D:\VSCodeRepository\SceneZone-ANC\data\synth_noise\cls_2\1328.wav,2
D:\VSCodeRepository\SceneZone-ANC\data\synth_noise\cls_2\1329.wav,2
D:\VSCodeRepository\SceneZone-ANC\data\synth_noise\cls_2\1330.wav,2
D:\VSCodeRepository\SceneZone-ANC\data\synth_noise\cls_2\1331.wav,2
D:\VSCodeRepository\SceneZone-ANC\data\synth_noise\cls_2\1332.wav,2
D:\VSCodeRepository\SceneZone-ANC\data\synth_noise\cls_2\1333.wav,2
D:\VSCodeRepository\SceneZone-ANC\data\synth_noise\cls_2\1334.wav,2
D:\VSCodeRepository\SceneZone-ANC\data\synth_noise\cls_2\1335.wav,2
D:\VSCodeRepository\SceneZone-ANC\data\synth_noise\cls_2\1336.wav,2
D:\VSCodeRepository\SceneZone-ANC\data\synth_noise\cls_2\1337.wav,2
D:\VSCodeRepository\SceneZone-ANC\data\synth_noise\cls_2\1338.wav,2
D:\VSCodeRepository\SceneZone-ANC\data\synth_noise\cls_2\1339.wav,2
D:\VSCodeRepository\SceneZone-ANC\data\synth_noise\cls_2\1340.wav,2
D:\VSCodeRepository\SceneZone-ANC\data\synth_noise\cls_2\1341.wav,2
D:\VSCodeRepository\SceneZone-ANC\data\synth_noise\cls_2\1342.wav,2
D:\VSCodeRepository\SceneZone-ANC\data\synth_noise\cls_2\1343.wav,2
D:\VSCodeRepository\SceneZone-ANC\data\synth_noise\cls_2\1344.wav,2
D:\VSCodeRepository\SceneZone-ANC\data\synth_noise\cls_2\1345.wav,2
D:\VSCodeRepository\SceneZone-ANC\data\synth_noise\cls_2\1346.wav,2
D:\VSCodeRepository\SceneZone-ANC\data\synth_noise\cls_2\1347.wav,2
D:\VSCodeRepository\SceneZone-ANC\data\synth_noise\cls_2\1348.wav,2
D:\VSCodeRepository\SceneZone-ANC\data\synth_noise\cls_2\1349.wav,2
D:\VSCodeRepository\SceneZone-ANC\data\synth_noise\cls_2\1350.wav,2
D:\VSCodeRepository\SceneZone-ANC\data\synth_noise\cls_2\1351.wav,2
D:\VSCodeRepository\SceneZone-ANC\data\synth_noise\cls_2\1352.wav,2
D:\VSCodeRepository\SceneZone-ANC\data\synth_noise\cls_2\1353.wav,2
D:\VSCodeRepository\SceneZone-ANC\data\synth_noise\cls_2\1354.wav,2
D:\VSCodeRepository\SceneZone-ANC\data\synth_noise\cls_2\1355.wav,2
D:\VSCodeRepository\SceneZone-ANC\data\synth_noise\cls_2\1356.wav,2
D:\VSCodeRepository\SceneZone-ANC\data\synth_noise\cls_2\1357.wav,2
D:\VSCodeRepository\SceneZone-ANC\data\synth_noise\cls_2\1358.wav,2
D:\VSCodeRepository\SceneZone-ANC\data\synth_noise\cls_2\1359.wav,2
D:\VSCodeRepository\SceneZone-ANC\data\synth_noise\cls_2\1360.wav,2
D:\VSCodeRepository\SceneZone-ANC\data\synth_noise\cls_2\1361.wav,2
D:\VSCodeRepository\SceneZone-ANC\data\synth_noise\cls_2\1362.wav,2
D:\VSCodeRepository\SceneZone-ANC\data\synth_noise\cls_2\1363.wav,2
D:\VSCodeRepository\SceneZone-ANC\data\synth_noise\cls_2\1364.wav,2
D:\VSCodeRepository\SceneZone-ANC\data\synth_noise\cls_2\1365.wav,2
D:\VSCodeRepository\SceneZone-ANC\data\synth_noise\cls_2\1366.wav,2
D:\VSCodeRepository\SceneZone-ANC\data\synth_noise\cls_2\1367.wav,2
D:\VSCodeRepository\SceneZone-ANC\data\synth_noise\cls_2\1368.wav,2
D:\VSCodeRepository\SceneZone-ANC\data\synth_noise\cls_2\1369.wav,2
D:\VSCodeRepository\SceneZone-ANC\data\synth_noise\cls_2\1370.wav,2
D:\VSCodeRepository\SceneZone-ANC\data\synth_noise\cls_2\1371.wav,2
D:\VSCodeRepository\SceneZone-ANC\data\synth_noise\cls_2\1372.wav,2
D:\VSCodeRepository\SceneZone-ANC\data\synth_noise\cls_2\1373.wav,2
D:\VSCodeRepository\SceneZone-ANC\data\synth_noise\cls_2\1374.wav,2
D:\VSCodeRepository\SceneZone-ANC\data\synth_noise\cls_2\1375.wav,2
D:\VSCodeRepository\SceneZone-ANC\data\synth_noise\cls_2\1376.wav,2
D:\VSCodeRepository\SceneZone-ANC\data\synth_noise\cls_2\1377.wav,2
D:\VSCodeRepository\SceneZone-ANC\data\synth_noise\cls_2\1378.wav,2
D:\VSCodeRepository\SceneZone-ANC\data\synth_noise\cls_2\1379.wav,2
D:\VSCodeRepository\SceneZone-ANC\data\synth_noise\cls_2\1380.wav,2
D:\VSCodeRepository\SceneZone-ANC\data\synth_noise\cls_2\1381.wav,2
D:\VSCodeRepository\SceneZone-ANC\data\synth_noise\cls_2\1382.wav,2
D:\VSCodeRepository\SceneZone-ANC\data\synth_noise\cls_2\1383.wav,2
D:\VSCodeRepository\SceneZone-ANC\data\synth_noise\cls_2\1384.wav,2
D:\VSCodeRepository\SceneZone-ANC\data\synth_noise\cls_2\1385.wav,2
D:\VSCodeRepository\SceneZone-ANC\data\synth_noise\cls_2\1386.wav,2
D:\VSCodeRepository\SceneZone-ANC\data\synth_noise\cls_2\1387.wav,2
D:\VSCodeRepository\SceneZone-ANC\data\synth_noise\cls_2\1388.wav,2
D:\VSCodeRepository\SceneZone-ANC\data\synth_noise\cls_2\1389.wav,2
D:\VSCodeRepository\SceneZone-ANC\data\synth_noise\cls_2\1390.wav,2
D:\VSCodeRepository\SceneZone-ANC\data\synth_noise\cls_2\1391.wav,2
D:\VSCodeRepository\SceneZone-ANC\data\synth_noise\cls_2\1392.wav,2
D:\VSCodeRepository\SceneZone-ANC\data\synth_noise\cls_2\1393.wav,2
D:\VSCodeRepository\SceneZone-ANC\data\synth_noise\cls_2\1394.wav,2
D:\VSCodeRepository\SceneZone-ANC\data\synth_noise\cls_2\1395.wav,2
D:\VSCodeRepository\SceneZone-ANC\data\synth_noise\cls_2\1396.wav,2
D:\VSCodeRepository\SceneZone-ANC\data\synth_noise\cls_2\1397.wav,2
D:\VSCodeRepository\SceneZone-ANC\data\synth_noise\cls_2\1398.wav,2
D:\VSCodeRepository\SceneZone-ANC\data\synth_noise\cls_2\1399.wav,2
D:\VSCodeRepository\SceneZone-ANC\data\synth_noise\cls_2\1400.wav,2
D:\VSCodeRepository\SceneZone-ANC\data\synth_noise\cls_2\1401.wav,2
D:\VSCodeRepository\SceneZone-ANC\data\synth_noise\cls_2\1402.wav,2
D:\VSCodeRepository\SceneZone-ANC\data\synth_noise\cls_2\1403.wav,2
D:\VSCodeRepository\SceneZone-ANC\data\synth_noise\cls_2\1404.wav,2
D:\VSCodeRepository\SceneZone-ANC\data\synth_noise\cls_2\1405.wav,2
D:\VSCodeRepository\SceneZone-ANC\data\synth_noise\cls_2\1406.wav,2
D:\VSCodeRepository\SceneZone-ANC\data\synth_noise\cls_2\1407.wav,2
D:\VSCodeRepository\SceneZone-ANC\data\synth_noise\cls_2\1408.wav,2
D:\VSCodeRepository\SceneZone-ANC\data\synth_noise\cls_2\1409.wav,2
D:\VSCodeRepository\SceneZone-ANC\data\synth_noise\cls_2\1410.wav,2
D:\VSCodeRepository\SceneZone-ANC\data\synth_noise\cls_2\1411.wav,2
D:\VSCodeRepository\SceneZone-ANC\data\synth_noise\cls_2\1412.wav,2
D:\VSCodeRepository\SceneZone-ANC\data\synth_noise\cls_2\1413.wav,2
D:\VSCodeRepository\SceneZone-ANC\data\synth_noise\cls_2\1414.wav,2
D:\VSCodeRepository\SceneZone-ANC\data\synth_noise\cls_2\1415.wav,2
D:\VSCodeRepository\SceneZone-ANC\data\synth_noise\cls_2\1416.wav,2
D:\VSCodeRepository\SceneZone-ANC\data\synth_noise\cls_2\1417.wav,2
D:\VSCodeRepository\SceneZone-ANC\data\synth_noise\cls_2\1418.wav,2
D:\VSCodeRepository\SceneZone-ANC\data\synth_noise\cls_2\1419.wav,2
D:\VSCodeRepository\SceneZone-ANC\data\synth_noise\cls_2\1420.wav,2
D:\VSCodeRepository\SceneZone-ANC\data\synth_noise\cls_2\1421.wav,2
D:\VSCodeRepository\SceneZone-ANC\data\synth_noise\cls_2\1422.wav,2
D:\VSCodeRepository\SceneZone-ANC\data\synth_noise\cls_2\1423.wav,2
D:\VSCodeRepository\SceneZone-ANC\data\synth_noise\cls_2\1424.wav,2
D:\VSCodeRepository\SceneZone-ANC\data\synth_noise\cls_2\1425.wav,2
D:\VSCodeRepository\SceneZone-ANC\data\synth_noise\cls_2\1426.wav,2
D:\VSCodeRepository\SceneZone-ANC\data\synth_noise\cls_2\1427.wav,2
D:\VSCodeRepository\SceneZone-ANC\data\synth_noise\cls_2\1428.wav,2
D:\VSCodeRepository\SceneZone-ANC\data\synth_noise\cls_2\1429.wav,2
D:\VSCodeRepository\SceneZone-ANC\data\synth_noise\cls_2\1430.wav,2
D:\VSCodeRepository\SceneZone-ANC\data\synth_noise\cls_2\1431.wav,2
D:\VSCodeRepository\SceneZone-ANC\data\synth_noise\cls_2\1432.wav,2
D:\VSCodeRepository\SceneZone-ANC\data\synth_noise\cls_2\1433.wav,2
D:\VSCodeRepository\SceneZone-ANC\data\synth_noise\cls_2\1434.wav,2
D:\VSCodeRepository\SceneZone-ANC\data\synth_noise\cls_2\1435.wav,2
D:\VSCodeRepository\SceneZone-ANC\data\synth_noise\cls_2\1436.wav,2
D:\VSCodeRepository\SceneZone-ANC\data\synth_noise\cls_2\1437.wav,2
D:\VSCodeRepository\SceneZone-ANC\data\synth_noise\cls_2\1438.wav,2
D:\VSCodeRepository\SceneZone-ANC\data\synth_noise\cls_2\1439.wav,2
D:\VSCodeRepository\SceneZone-ANC\data\synth_noise\cls_2\1440.wav,2
D:\VSCodeRepository\SceneZone-ANC\data\synth_noise\cls_2\1441.wav,2
D:\VSCodeRepository\SceneZone-ANC\data\synth_noise\cls_2\1442.wav,2
D:\VSCodeRepository\SceneZone-ANC\data\synth_noise\cls_2\1443.wav,2
D:\VSCodeRepository\SceneZone-ANC\data\synth_noise\cls_2\1444.wav,2
D:\VSCodeRepository\SceneZone-ANC\data\synth_noise\cls_2\1445.wav,2
D:\VSCodeRepository\SceneZone-ANC\data\synth_noise\cls_2\1446.wav,2
D:\VSCodeRepository\SceneZone-ANC\data\synth_noise\cls_2\1447.wav,2
D:\VSCodeRepository\SceneZone-ANC\data\synth_noise\cls_2\1448.wav,2
D:\VSCodeRepository\SceneZone-ANC\data\synth_noise\cls_2\1449.wav,2
D:\VSCodeRepository\SceneZone-ANC\data\synth_noise\cls_2\1450.wav,2
D:\VSCodeRepository\SceneZone-ANC\data\synth_noise\cls_2\1451.wav,2
D:\VSCodeRepository\SceneZone-ANC\data\synth_noise\cls_2\1452.wav,2
D:\VSCodeRepository\SceneZone-ANC\data\synth_noise\cls_2\1453.wav,2
D:\VSCodeRepository\SceneZone-ANC\data\synth_noise\cls_2\1454.wav,2
D:\VSCodeRepository\SceneZone-ANC\data\synth_noise\cls_2\1455.wav,2
D:\VSCodeRepository\SceneZone-ANC\data\synth_noise\cls_2\1456.wav,2
D:\VSCodeRepository\SceneZone-ANC\data\synth_noise\cls_2\1457.wav,2
D:\VSCodeRepository\SceneZone-ANC\data\synth_noise\cls_2\1458.wav,2
D:\VSCodeRepository\SceneZone-ANC\data\synth_noise\cls_2\1459.wav,2
D:\VSCodeRepository\SceneZone-ANC\data\synth_noise\cls_2\1460.wav,2
D:\VSCodeRepository\SceneZone-ANC\data\synth_noise\cls_2\1461.wav,2
D:\VSCodeRepository\SceneZone-ANC\data\synth_noise\cls_2\1462.wav,2
D:\VSCodeRepository\SceneZone-ANC\data\synth_noise\cls_2\1463.wav,2
D:\VSCodeRepository\SceneZone-ANC\data\synth_noise\cls_2\1464.wav,2
D:\VSCodeRepository\SceneZone-ANC\data\synth_noise\cls_2\1465.wav,2
D:\VSCodeRepository\SceneZone-ANC\data\synth_noise\cls_2\1466.wav,2
D:\VSCodeRepository\SceneZone-ANC\data\synth_noise\cls_2\1467.wav,2
D:\VSCodeRepository\SceneZone-ANC\data\synth_noise\cls_2\1468.wav,2
D:\VSCodeRepository\SceneZone-ANC\data\synth_noise\cls_2\1469.wav,2
D:\VSCodeRepository\SceneZone-ANC\data\synth_noise\cls_2\1470.wav,2
D:\VSCodeRepository\SceneZone-ANC\data\synth_noise\cls_2\1471.wav,2
D:\VSCodeRepository\SceneZone-ANC\data\synth_noise\cls_2\1472.wav,2
D:\VSCodeRepository\SceneZone-ANC\data\synth_noise\cls_2\1473.wav,2
D:\VSCodeRepository\SceneZone-ANC\data\synth_noise\cls_2\1474.wav,2
D:\VSCodeRepository\SceneZone-ANC\data\synth_noise\cls_2\1475.wav,2
D:\VSCodeRepository\SceneZone-ANC\data\synth_noise\cls_2\1476.wav,2
D:\VSCodeRepository\SceneZone-ANC\data\synth_noise\cls_2\1477.wav,2
D:\VSCodeRepository\SceneZone-ANC\data\synth_noise\cls_2\1478.wav,2
D:\VSCodeRepository\SceneZone-ANC\data\synth_noise\cls_2\1479.wav,2
D:\VSCodeRepository\SceneZone-ANC\data\synth_noise\cls_2\1480.wav,2
D:\VSCodeRepository\SceneZone-ANC\data\synth_noise\cls_2\1481.wav,2
D:\VSCodeRepository\SceneZone-ANC\data\synth_noise\cls_2\1482.wav,2
D:\VSCodeRepository\SceneZone-ANC\data\synth_noise\cls_2\1483.wav,2
D:\VSCodeRepository\SceneZone-ANC\data\synth_noise\cls_2\1484.wav,2
D:\VSCodeRepository\SceneZone-ANC\data\synth_noise\cls_2\1485.wav,2
D:\VSCodeRepository\SceneZone-ANC\data\synth_noise\cls_2\1486.wav,2
D:\VSCodeRepository\SceneZone-ANC\data\synth_noise\cls_2\1487.wav,2
D:\VSCodeRepository\SceneZone-ANC\data\synth_noise\cls_2\1488.wav,2
D:\VSCodeRepository\SceneZone-ANC\data\synth_noise\cls_2\1489.wav,2
D:\VSCodeRepository\SceneZone-ANC\data\synth_noise\cls_2\1490.wav,2
D:\VSCodeRepository\SceneZone-ANC\data\synth_noise\cls_2\1491.wav,2
D:\VSCodeRepository\SceneZone-ANC\data\synth_noise\cls_2\1492.wav,2
D:\VSCodeRepository\SceneZone-ANC\data\synth_noise\cls_2\1493.wav,2
D:\VSCodeRepository\SceneZone-ANC\data\synth_noise\cls_2\1494.wav,2
D:\VSCodeRepository\SceneZone-ANC\data\synth_noise\cls_2\1495.wav,2
D:\VSCodeRepository\SceneZone-ANC\data\synth_noise\cls_2\1496.wav,2
D:\VSCodeRepository\SceneZone-ANC\data\synth_noise\cls_2\1497.wav,2
D:\VSCodeRepository\SceneZone-ANC\data\synth_noise\cls_2\1498.wav,2
D:\VSCodeRepository\SceneZone-ANC\data\synth_noise\cls_2\1499.wav,2
D:\VSCodeRepository\SceneZone-ANC\data\synth_noise\cls_2\1500.wav,2
D:\VSCodeRepository\SceneZone-ANC\data\synth_noise\cls_2\1501.wav,2
D:\VSCodeRepository\SceneZone-ANC\data\synth_noise\cls_2\1502.wav,2
D:\VSCodeRepository\SceneZone-ANC\data\synth_noise\cls_2\1503.wav,2
D:\VSCodeRepository\SceneZone-ANC\data\synth_noise\cls_2\1504.wav,2
D:\VSCodeRepository\SceneZone-ANC\data\synth_noise\cls_2\1505.wav,2
D:\VSCodeRepository\SceneZone-ANC\data\synth_noise\cls_2\1506.wav,2
D:\VSCodeRepository\SceneZone-ANC\data\synth_noise\cls_2\1507.wav,2
D:\VSCodeRepository\SceneZone-ANC\data\synth_noise\cls_2\1508.wav,2
D:\VSCodeRepository\SceneZone-ANC\data\synth_noise\cls_2\1509.wav,2
D:\VSCodeRepository\SceneZone-ANC\data\synth_noise\cls_2\1510.wav,2
D:\VSCodeRepository\SceneZone-ANC\data\synth_noise\cls_2\1511.wav,2
D:\VSCodeRepository\SceneZone-ANC\data\synth_noise\cls_2\1512.wav,2
D:\VSCodeRepository\SceneZone-ANC\data\synth_noise\cls_2\1513.wav,2
D:\VSCodeRepository\SceneZone-ANC\data\synth_noise\cls_2\1514.wav,2
D:\VSCodeRepository\SceneZone-ANC\data\synth_noise\cls_2\1515.wav,2
D:\VSCodeRepository\SceneZone-ANC\data\synth_noise\cls_2\1516.wav,2
D:\VSCodeRepository\SceneZone-ANC\data\synth_noise\cls_2\1517.wav,2
D:\VSCodeRepository\SceneZone-ANC\data\synth_noise\cls_2\1518.wav,2
D:\VSCodeRepository\SceneZone-ANC\data\synth_noise\cls_2\1519.wav,2
D:\VSCodeRepository\SceneZone-ANC\data\synth_noise\cls_2\1520.wav,2
D:\VSCodeRepository\SceneZone-ANC\data\synth_noise\cls_2\1521.wav,2
D:\VSCodeRepository\SceneZone-ANC\data\synth_noise\cls_2\1522.wav,2
D:\VSCodeRepository\SceneZone-ANC\data\synth_noise\cls_2\1523.wav,2
D:\VSCodeRepository\SceneZone-ANC\data\synth_noise\cls_2\1524.wav,2
D:\VSCodeRepository\SceneZone-ANC\data\synth_noise\cls_2\1525.wav,2
D:\VSCodeRepository\SceneZone-ANC\data\synth_noise\cls_2\1526.wav,2
D:\VSCodeRepository\SceneZone-ANC\data\synth_noise\cls_2\1527.wav,2
D:\VSCodeRepository\SceneZone-ANC\data\synth_noise\cls_2\1528.wav,2
D:\VSCodeRepository\SceneZone-ANC\data\synth_noise\cls_2\1529.wav,2
D:\VSCodeRepository\SceneZone-ANC\data\synth_noise\cls_2\1530.wav,2
D:\VSCodeRepository\SceneZone-ANC\data\synth_noise\cls_2\1531.wav,2
D:\VSCodeRepository\SceneZone-ANC\data\synth_noise\cls_2\1532.wav,2
D:\VSCodeRepository\SceneZone-ANC\data\synth_noise\cls_2\1533.wav,2
D:\VSCodeRepository\SceneZone-ANC\data\synth_noise\cls_2\1534.wav,2
D:\VSCodeRepository\SceneZone-ANC\data\synth_noise\cls_2\1535.wav,2
D:\VSCodeRepository\SceneZone-ANC\data\synth_noise\cls_2\1536.wav,2
D:\VSCodeRepository\SceneZone-ANC\data\synth_noise\cls_2\1537.wav,2
D:\VSCodeRepository\SceneZone-ANC\data\synth_noise\cls_2\1538.wav,2
D:\VSCodeRepository\SceneZone-ANC\data\synth_noise\cls_2\1539.wav,2
D:\VSCodeRepository\SceneZone-ANC\data\synth_noise\cls_2\1540.wav,2
D:\VSCodeRepository\SceneZone-ANC\data\synth_noise\cls_2\1541.wav,2
D:\VSCodeRepository\SceneZone-ANC\data\synth_noise\cls_2\1542.wav,2
D:\VSCodeRepository\SceneZone-ANC\data\synth_noise\cls_2\1543.wav,2
D:\VSCodeRepository\SceneZone-ANC\data\synth_noise\cls_2\1544.wav,2
D:\VSCodeRepository\SceneZone-ANC\data\synth_noise\cls_2\1545.wav,2
D:\VSCodeRepository\SceneZone-ANC\data\synth_noise\cls_2\1546.wav,2
D:\VSCodeRepository\SceneZone-ANC\data\synth_noise\cls_2\1547.wav,2
D:\VSCodeRepository\SceneZone-ANC\data\synth_noise\cls_2\1548.wav,2
D:\VSCodeRepository\SceneZone-ANC\data\synth_noise\cls_2\1549.wav,2
D:\VSCodeRepository\SceneZone-ANC\data\synth_noise\cls_2\1550.wav,2
D:\VSCodeRepository\SceneZone-ANC\data\synth_noise\cls_2\1551.wav,2
D:\VSCodeRepository\SceneZone-ANC\data\synth_noise\cls_2\1552.wav,2
D:\VSCodeRepository\SceneZone-ANC\data\synth_noise\cls_2\1553.wav,2
D:\VSCodeRepository\SceneZone-ANC\data\synth_noise\cls_2\1554.wav,2
D:\VSCodeRepository\SceneZone-ANC\data\synth_noise\cls_2\1555.wav,2
D:\VSCodeRepository\SceneZone-ANC\data\synth_noise\cls_2\1556.wav,2
D:\VSCodeRepository\SceneZone-ANC\data\synth_noise\cls_2\1557.wav,2
D:\VSCodeRepository\SceneZone-ANC\data\synth_noise\cls_2\1558.wav,2
D:\VSCodeRepository\SceneZone-ANC\data\synth_noise\cls_2\1559.wav,2
D:\VSCodeRepository\SceneZone-ANC\data\synth_noise\cls_2\1560.wav,2
D:\VSCodeRepository\SceneZone-ANC\data\synth_noise\cls_2\1561.wav,2
D:\VSCodeRepository\SceneZone-ANC\data\synth_noise\cls_2\1562.wav,2
D:\VSCodeRepository\SceneZone-ANC\data\synth_noise\cls_2\1563.wav,2
D:\VSCodeRepository\SceneZone-ANC\data\synth_noise\cls_2\1564.wav,2
D:\VSCodeRepository\SceneZone-ANC\data\synth_noise\cls_2\1565.wav,2
D:\VSCodeRepository\SceneZone-ANC\data\synth_noise\cls_2\1566.wav,2
D:\VSCodeRepository\SceneZone-ANC\data\synth_noise\cls_2\1567.wav,2
D:\VSCodeRepository\SceneZone-ANC\data\synth_noise\cls_2\1568.wav,2
D:\VSCodeRepository\SceneZone-ANC\data\synth_noise\cls_2\1569.wav,2
D:\VSCodeRepository\SceneZone-ANC\data\synth_noise\cls_2\1570.wav,2
D:\VSCodeRepository\SceneZone-ANC\data\synth_noise\cls_2\1571.wav,2
D:\VSCodeRepository\SceneZone-ANC\data\synth_noise\cls_2\1572.wav,2
D:\VSCodeRepository\SceneZone-ANC\data\synth_noise\cls_2\1573.wav,2
D:\VSCodeRepository\SceneZone-ANC\data\synth_noise\cls_2\1574.wav,2
D:\VSCodeRepository\SceneZone-ANC\data\synth_noise\cls_2\1575.wav,2
D:\VSCodeRepository\SceneZone-ANC\data\synth_noise\cls_2\1576.wav,2
D:\VSCodeRepository\SceneZone-ANC\data\synth_noise\cls_2\1577.wav,2
D:\VSCodeRepository\SceneZone-ANC\data\synth_noise\cls_2\1578.wav,2
D:\VSCodeRepository\SceneZone-ANC\data\synth_noise\cls_2\1579.wav,2
D:\VSCodeRepository\SceneZone-ANC\data\synth_noise\cls_2\1580.wav,2
D:\VSCodeRepository\SceneZone-ANC\data\synth_noise\cls_2\1581.wav,2
D:\VSCodeRepository\SceneZone-ANC\data\synth_noise\cls_2\1582.wav,2
D:\VSCodeRepository\SceneZone-ANC\data\synth_noise\cls_2\1583.wav,2
D:\VSCodeRepository\SceneZone-ANC\data\synth_noise\cls_2\1584.wav,2
D:\VSCodeRepository\SceneZone-ANC\data\synth_noise\cls_2\1585.wav,2
D:\VSCodeRepository\SceneZone-ANC\data\synth_noise\cls_2\1586.wav,2
D:\VSCodeRepository\SceneZone-ANC\data\synth_noise\cls_2\1587.wav,2
D:\VSCodeRepository\SceneZone-ANC\data\synth_noise\cls_2\1588.wav,2
D:\VSCodeRepository\SceneZone-ANC\data\synth_noise\cls_2\1589.wav,2
D:\VSCodeRepository\SceneZone-ANC\data\synth_noise\cls_2\1590.wav,2
D:\VSCodeRepository\SceneZone-ANC\data\synth_noise\cls_2\1591.wav,2
D:\VSCodeRepository\SceneZone-ANC\data\synth_noise\cls_2\1592.wav,2
D:\VSCodeRepository\SceneZone-ANC\data\synth_noise\cls_2\1593.wav,2
D:\VSCodeRepository\SceneZone-ANC\data\synth_noise\cls_2\1594.wav,2
D:\VSCodeRepository\SceneZone-ANC\data\synth_noise\cls_2\1595.wav,2
D:\VSCodeRepository\SceneZone-ANC\data\synth_noise\cls_2\1596.wav,2
D:\VSCodeRepository\SceneZone-ANC\data\synth_noise\cls_2\1597.wav,2
D:\VSCodeRepository\SceneZone-ANC\data\synth_noise\cls_2\1598.wav,2
D:\VSCodeRepository\SceneZone-ANC\data\synth_noise\cls_2\1599.wav,2
D:\VSCodeRepository\SceneZone-ANC\data\synth_noise\cls_2\1600.wav,2
D:\VSCodeRepository\SceneZone-ANC\data\synth_noise\cls_2\1601.wav,2
D:\VSCodeRepository\SceneZone-ANC\data\synth_noise\cls_2\1602.wav,2
D:\VSCodeRepository\SceneZone-ANC\data\synth_noise\cls_2\1603.wav,2
D:\VSCodeRepository\SceneZone-ANC\data\synth_noise\cls_2\1604.wav,2
D:\VSCodeRepository\SceneZone-ANC\data\synth_noise\cls_2\1605.wav,2
D:\VSCodeRepository\SceneZone-ANC\data\synth_noise\cls_2\1606.wav,2
D:\VSCodeRepository\SceneZone-ANC\data\synth_noise\cls_2\1607.wav,2
D:\VSCodeRepository\SceneZone-ANC\data\synth_noise\cls_2\1608.wav,2
D:\VSCodeRepository\SceneZone-ANC\data\synth_noise\cls_2\1609.wav,2
D:\VSCodeRepository\SceneZone-ANC\data\synth_noise\cls_2\1610.wav,2
D:\VSCodeRepository\SceneZone-ANC\data\synth_noise\cls_2\1611.wav,2
D:\VSCodeRepository\SceneZone-ANC\data\synth_noise\cls_2\1612.wav,2
D:\VSCodeRepository\SceneZone-ANC\data\synth_noise\cls_2\1613.wav,2
D:\VSCodeRepository\SceneZone-ANC\data\synth_noise\cls_2\1614.wav,2
D:\VSCodeRepository\SceneZone-ANC\data\synth_noise\cls_2\1615.wav,2
D:\VSCodeRepository\SceneZone-ANC\data\synth_noise\cls_2\1616.wav,2
D:\VSCodeRepository\SceneZone-ANC\data\synth_noise\cls_2\1617.wav,2
D:\VSCodeRepository\SceneZone-ANC\data\synth_noise\cls_2\1618.wav,2
D:\VSCodeRepository\SceneZone-ANC\data\synth_noise\cls_2\1619.wav,2
D:\VSCodeRepository\SceneZone-ANC\data\synth_noise\cls_2\1620.wav,2
D:\VSCodeRepository\SceneZone-ANC\data\synth_noise\cls_2\1621.wav,2
D:\VSCodeRepository\SceneZone-ANC\data\synth_noise\cls_2\1622.wav,2
D:\VSCodeRepository\SceneZone-ANC\data\synth_noise\cls_2\1623.wav,2
D:\VSCodeRepository\SceneZone-ANC\data\synth_noise\cls_2\1624.wav,2
D:\VSCodeRepository\SceneZone-ANC\data\synth_noise\cls_2\1625.wav,2
D:\VSCodeRepository\SceneZone-ANC\data\synth_noise\cls_2\1626.wav,2
D:\VSCodeRepository\SceneZone-ANC\data\synth_noise\cls_2\1627.wav,2
D:\VSCodeRepository\SceneZone-ANC\data\synth_noise\cls_2\1628.wav,2
D:\VSCodeRepository\SceneZone-ANC\data\synth_noise\cls_2\1629.wav,2
D:\VSCodeRepository\SceneZone-ANC\data\synth_noise\cls_2\1630.wav,2
D:\VSCodeRepository\SceneZone-ANC\data\synth_noise\cls_2\1631.wav,2
D:\VSCodeRepository\SceneZone-ANC\data\synth_noise\cls_2\1632.wav,2
D:\VSCodeRepository\SceneZone-ANC\data\synth_noise\cls_2\1633.wav,2
D:\VSCodeRepository\SceneZone-ANC\data\synth_noise\cls_2\1634.wav,2
D:\VSCodeRepository\SceneZone-ANC\data\synth_noise\cls_2\1635.wav,2
D:\VSCodeRepository\SceneZone-ANC\data\synth_noise\cls_2\1636.wav,2
D:\VSCodeRepository\SceneZone-ANC\data\synth_noise\cls_2\1637.wav,2
D:\VSCodeRepository\SceneZone-ANC\data\synth_noise\cls_2\1638.wav,2
D:\VSCodeRepository\SceneZone-ANC\data\synth_noise\cls_2\1639.wav,2
D:\VSCodeRepository\SceneZone-ANC\data\synth_noise\cls_2\1640.wav,2
D:\VSCodeRepository\SceneZone-ANC\data\synth_noise\cls_2\1641.wav,2
D:\VSCodeRepository\SceneZone-ANC\data\synth_noise\cls_2\1642.wav,2
D:\VSCodeRepository\SceneZone-ANC\data\synth_noise\cls_2\1643.wav,2
D:\VSCodeRepository\SceneZone-ANC\data\synth_noise\cls_2\1644.wav,2
D:\VSCodeRepository\SceneZone-ANC\data\synth_noise\cls_2\1645.wav,2
D:\VSCodeRepository\SceneZone-ANC\data\synth_noise\cls_2\1646.wav,2
D:\VSCodeRepository\SceneZone-ANC\data\synth_noise\cls_2\1647.wav,2
D:\VSCodeRepository\SceneZone-ANC\data\synth_noise\cls_2\1648.wav,2
D:\VSCodeRepository\SceneZone-ANC\data\synth_noise\cls_2\1649.wav,2
D:\VSCodeRepository\SceneZone-ANC\data\synth_noise\cls_2\1650.wav,2
D:\VSCodeRepository\SceneZone-ANC\data\synth_noise\cls_2\1651.wav,2
D:\VSCodeRepository\SceneZone-ANC\data\synth_noise\cls_2\1652.wav,2
D:\VSCodeRepository\SceneZone-ANC\data\synth_noise\cls_2\1653.wav,2
D:\VSCodeRepository\SceneZone-ANC\data\synth_noise\cls_2\1654.wav,2
D:\VSCodeRepository\SceneZone-ANC\data\synth_noise\cls_2\1655.wav,2
D:\VSCodeRepository\SceneZone-ANC\data\synth_noise\cls_2\1656.wav,2
D:\VSCodeRepository\SceneZone-ANC\data\synth_noise\cls_2\1657.wav,2
D:\VSCodeRepository\SceneZone-ANC\data\synth_noise\cls_2\1658.wav,2
D:\VSCodeRepository\SceneZone-ANC\data\synth_noise\cls_2\1659.wav,2
D:\VSCodeRepository\SceneZone-ANC\data\synth_noise\cls_2\1660.wav,2
D:\VSCodeRepository\SceneZone-ANC\data\synth_noise\cls_2\1661.wav,2
D:\VSCodeRepository\SceneZone-ANC\data\synth_noise\cls_2\1662.wav,2
D:\VSCodeRepository\SceneZone-ANC\data\synth_noise\cls_2\1663.wav,2
D:\VSCodeRepository\SceneZone-ANC\data\synth_noise\cls_2\1664.wav,2
D:\VSCodeRepository\SceneZone-ANC\data\synth_noise\cls_2\1665.wav,2
D:\VSCodeRepository\SceneZone-ANC\data\synth_noise\cls_2\1666.wav,2
D:\VSCodeRepository\SceneZone-ANC\data\synth_noise\cls_2\1667.wav,2
D:\VSCodeRepository\SceneZone-ANC\data\synth_noise\cls_2\1668.wav,2
D:\VSCodeRepository\SceneZone-ANC\data\synth_noise\cls_2\1669.wav,2
D:\VSCodeRepository\SceneZone-ANC\data\synth_noise\cls_2\1670.wav,2
D:\VSCodeRepository\SceneZone-ANC\data\synth_noise\cls_2\1671.wav,2
D:\VSCodeRepository\SceneZone-ANC\data\synth_noise\cls_2\1672.wav,2
D:\VSCodeRepository\SceneZone-ANC\data\synth_noise\cls_2\1673.wav,2
D:\VSCodeRepository\SceneZone-ANC\data\synth_noise\cls_2\1674.wav,2
D:\VSCodeRepository\SceneZone-ANC\data\synth_noise\cls_2\1675.wav,2
D:\VSCodeRepository\SceneZone-ANC\data\synth_noise\cls_2\1676.wav,2
D:\VSCodeRepository\SceneZone-ANC\data\synth_noise\cls_2\1677.wav,2
D:\VSCodeRepository\SceneZone-ANC\data\synth_noise\cls_2\1678.wav,2
D:\VSCodeRepository\SceneZone-ANC\data\synth_noise\cls_2\1679.wav,2
D:\VSCodeRepository\SceneZone-ANC\data\synth_noise\cls_2\1680.wav,2
D:\VSCodeRepository\SceneZone-ANC\data\synth_noise\cls_2\1681.wav,2
D:\VSCodeRepository\SceneZone-ANC\data\synth_noise\cls_2\1682.wav,2
D:\VSCodeRepository\SceneZone-ANC\data\synth_noise\cls_2\1683.wav,2
D:\VSCodeRepository\SceneZone-ANC\data\synth_noise\cls_2\1684.wav,2
D:\VSCodeRepository\SceneZone-ANC\data\synth_noise\cls_2\1685.wav,2
D:\VSCodeRepository\SceneZone-ANC\data\synth_noise\cls_2\1686.wav,2
D:\VSCodeRepository\SceneZone-ANC\data\synth_noise\cls_2\1687.wav,2
D:\VSCodeRepository\SceneZone-ANC\data\synth_noise\cls_2\1688.wav,2
D:\VSCodeRepository\SceneZone-ANC\data\synth_noise\cls_2\1689.wav,2
D:\VSCodeRepository\SceneZone-ANC\data\synth_noise\cls_2\1690.wav,2
D:\VSCodeRepository\SceneZone-ANC\data\synth_noise\cls_2\1691.wav,2
D:\VSCodeRepository\SceneZone-ANC\data\synth_noise\cls_2\1692.wav,2
D:\VSCodeRepository\SceneZone-ANC\data\synth_noise\cls_2\1693.wav,2
D:\VSCodeRepository\SceneZone-ANC\data\synth_noise\cls_2\1694.wav,2
D:\VSCodeRepository\SceneZone-ANC\data\synth_noise\cls_2\1695.wav,2
D:\VSCodeRepository\SceneZone-ANC\data\synth_noise\cls_2\1696.wav,2
D:\VSCodeRepository\SceneZone-ANC\data\synth_noise\cls_2\1697.wav,2
D:\VSCodeRepository\SceneZone-ANC\data\synth_noise\cls_2\1698.wav,2
D:\VSCodeRepository\SceneZone-ANC\data\synth_noise\cls_2\1699.wav,2
D:\VSCodeRepository\SceneZone-ANC\data\synth_noise\cls_2\1700.wav,2
D:\VSCodeRepository\SceneZone-ANC\data\synth_noise\cls_2\1701.wav,2
D:\VSCodeRepository\SceneZone-ANC\data\synth_noise\cls_2\1702.wav,2
D:\VSCodeRepository\SceneZone-ANC\data\synth_noise\cls_2\1703.wav,2
D:\VSCodeRepository\SceneZone-ANC\data\synth_noise\cls_2\1704.wav,2
D:\VSCodeRepository\SceneZone-ANC\data\synth_noise\cls_2\1705.wav,2
D:\VSCodeRepository\SceneZone-ANC\data\synth_noise\cls_2\1706.wav,2
D:\VSCodeRepository\SceneZone-ANC\data\synth_noise\cls_2\1707.wav,2
D:\VSCodeRepository\SceneZone-ANC\data\synth_noise\cls_2\1708.wav,2
D:\VSCodeRepository\SceneZone-ANC\data\synth_noise\cls_2\1709.wav,2
D:\VSCodeRepository\SceneZone-ANC\data\synth_noise\cls_2\1710.wav,2
D:\VSCodeRepository\SceneZone-ANC\data\synth_noise\cls_2\1711.wav,2
D:\VSCodeRepository\SceneZone-ANC\data\synth_noise\cls_2\1712.wav,2
D:\VSCodeRepository\SceneZone-ANC\data\synth_noise\cls_2\1713.wav,2
D:\VSCodeRepository\SceneZone-ANC\data\synth_noise\cls_2\1714.wav,2
D:\VSCodeRepository\SceneZone-ANC\data\synth_noise\cls_2\1715.wav,2
D:\VSCodeRepository\SceneZone-ANC\data\synth_noise\cls_2\1716.wav,2
D:\VSCodeRepository\SceneZone-ANC\data\synth_noise\cls_2\1717.wav,2
D:\VSCodeRepository\SceneZone-ANC\data\synth_noise\cls_2\1718.wav,2
D:\VSCodeRepository\SceneZone-ANC\data\synth_noise\cls_2\1719.wav,2
D:\VSCodeRepository\SceneZone-ANC\data\synth_noise\cls_2\1720.wav,2
D:\VSCodeRepository\SceneZone-ANC\data\synth_noise\cls_2\1721.wav,2
D:\VSCodeRepository\SceneZone-ANC\data\synth_noise\cls_2\1722.wav,2
D:\VSCodeRepository\SceneZone-ANC\data\synth_noise\cls_2\1723.wav,2
D:\VSCodeRepository\SceneZone-ANC\data\synth_noise\cls_2\1724.wav,2
D:\VSCodeRepository\SceneZone-ANC\data\synth_noise\cls_2\1725.wav,2
D:\VSCodeRepository\SceneZone-ANC\data\synth_noise\cls_2\1726.wav,2
D:\VSCodeRepository\SceneZone-ANC\data\synth_noise\cls_2\1727.wav,2
D:\VSCodeRepository\SceneZone-ANC\data\synth_noise\cls_2\1728.wav,2
D:\VSCodeRepository\SceneZone-ANC\data\synth_noise\cls_2\1729.wav,2
D:\VSCodeRepository\SceneZone-ANC\data\synth_noise\cls_2\1730.wav,2
D:\VSCodeRepository\SceneZone-ANC\data\synth_noise\cls_2\1731.wav,2
D:\VSCodeRepository\SceneZone-ANC\data\synth_noise\cls_2\1732.wav,2
D:\VSCodeRepository\SceneZone-ANC\data\synth_noise\cls_2\1733.wav,2
D:\VSCodeRepository\SceneZone-ANC\data\synth_noise\cls_2\1734.wav,2
D:\VSCodeRepository\SceneZone-ANC\data\synth_noise\cls_2\1735.wav,2
D:\VSCodeRepository\SceneZone-ANC\data\synth_noise\cls_2\1736.wav,2
D:\VSCodeRepository\SceneZone-ANC\data\synth_noise\cls_2\1737.wav,2
D:\VSCodeRepository\SceneZone-ANC\data\synth_noise\cls_2\1738.wav,2
D:\VSCodeRepository\SceneZone-ANC\data\synth_noise\cls_2\1739.wav,2
D:\VSCodeRepository\SceneZone-ANC\data\synth_noise\cls_2\1740.wav,2
D:\VSCodeRepository\SceneZone-ANC\data\synth_noise\cls_2\1741.wav,2
D:\VSCodeRepository\SceneZone-ANC\data\synth_noise\cls_2\1742.wav,2
D:\VSCodeRepository\SceneZone-ANC\data\synth_noise\cls_2\1743.wav,2
D:\VSCodeRepository\SceneZone-ANC\data\synth_noise\cls_2\1744.wav,2
D:\VSCodeRepository\SceneZone-ANC\data\synth_noise\cls_2\1745.wav,2
D:\VSCodeRepository\SceneZone-ANC\data\synth_noise\cls_2\1746.wav,2
D:\VSCodeRepository\SceneZone-ANC\data\synth_noise\cls_2\1747.wav,2
D:\VSCodeRepository\SceneZone-ANC\data\synth_noise\cls_2\1748.wav,2
D:\VSCodeRepository\SceneZone-ANC\data\synth_noise\cls_2\1749.wav,2
D:\VSCodeRepository\SceneZone-ANC\data\synth_noise\cls_2\1750.wav,2
D:\VSCodeRepository\SceneZone-ANC\data\synth_noise\cls_2\1751.wav,2
D:\VSCodeRepository\SceneZone-ANC\data\synth_noise\cls_2\1752.wav,2
D:\VSCodeRepository\SceneZone-ANC\data\synth_noise\cls_2\1753.wav,2
D:\VSCodeRepository\SceneZone-ANC\data\synth_noise\cls_2\1754.wav,2
D:\VSCodeRepository\SceneZone-ANC\data\synth_noise\cls_2\1755.wav,2
D:\VSCodeRepository\SceneZone-ANC\data\synth_noise\cls_2\1756.wav,2
D:\VSCodeRepository\SceneZone-ANC\data\synth_noise\cls_2\1757.wav,2
D:\VSCodeRepository\SceneZone-ANC\data\synth_noise\cls_2\1758.wav,2
D:\VSCodeRepository\SceneZone-ANC\data\synth_noise\cls_2\1759.wav,2
D:\VSCodeRepository\SceneZone-ANC\data\synth_noise\cls_2\1760.wav,2
D:\VSCodeRepository\SceneZone-ANC\data\synth_noise\cls_2\1761.wav,2
D:\VSCodeRepository\SceneZone-ANC\data\synth_noise\cls_2\1762.wav,2
D:\VSCodeRepository\SceneZone-ANC\data\synth_noise\cls_2\1763.wav,2
D:\VSCodeRepository\SceneZone-ANC\data\synth_noise\cls_2\1764.wav,2
D:\VSCodeRepository\SceneZone-ANC\data\synth_noise\cls_2\1765.wav,2
D:\VSCodeRepository\SceneZone-ANC\data\synth_noise\cls_2\1766.wav,2
D:\VSCodeRepository\SceneZone-ANC\data\synth_noise\cls_2\1767.wav,2
D:\VSCodeRepository\SceneZone-ANC\data\synth_noise\cls_2\1768.wav,2
D:\VSCodeRepository\SceneZone-ANC\data\synth_noise\cls_2\1769.wav,2
D:\VSCodeRepository\SceneZone-ANC\data\synth_noise\cls_2\1770.wav,2
D:\VSCodeRepository\SceneZone-ANC\data\synth_noise\cls_2\1771.wav,2
D:\VSCodeRepository\SceneZone-ANC\data\synth_noise\cls_2\1772.wav,2
D:\VSCodeRepository\SceneZone-ANC\data\synth_noise\cls_2\1773.wav,2
D:\VSCodeRepository\SceneZone-ANC\data\synth_noise\cls_2\1774.wav,2
D:\VSCodeRepository\SceneZone-ANC\data\synth_noise\cls_2\1775.wav,2
D:\VSCodeRepository\SceneZone-ANC\data\synth_noise\cls_2\1776.wav,2
D:\VSCodeRepository\SceneZone-ANC\data\synth_noise\cls_2\1777.wav,2
D:\VSCodeRepository\SceneZone-ANC\data\synth_noise\cls_2\1778.wav,2
D:\VSCodeRepository\SceneZone-ANC\data\synth_noise\cls_2\1779.wav,2
D:\VSCodeRepository\SceneZone-ANC\data\synth_noise\cls_2\1780.wav,2
D:\VSCodeRepository\SceneZone-ANC\data\synth_noise\cls_2\1781.wav,2
D:\VSCodeRepository\SceneZone-ANC\data\synth_noise\cls_2\1782.wav,2
D:\VSCodeRepository\SceneZone-ANC\data\synth_noise\cls_2\1783.wav,2
D:\VSCodeRepository\SceneZone-ANC\data\synth_noise\cls_2\1784.wav,2
D:\VSCodeRepository\SceneZone-ANC\data\synth_noise\cls_2\1785.wav,2
D:\VSCodeRepository\SceneZone-ANC\data\synth_noise\cls_2\1786.wav,2
D:\VSCodeRepository\SceneZone-ANC\data\synth_noise\cls_2\1787.wav,2
D:\VSCodeRepository\SceneZone-ANC\data\synth_noise\cls_2\1788.wav,2
D:\VSCodeRepository\SceneZone-ANC\data\synth_noise\cls_2\1789.wav,2
D:\VSCodeRepository\SceneZone-ANC\data\synth_noise\cls_2\1790.wav,2
D:\VSCodeRepository\SceneZone-ANC\data\synth_noise\cls_2\1791.wav,2
D:\VSCodeRepository\SceneZone-ANC\data\synth_noise\cls_2\1792.wav,2
D:\VSCodeRepository\SceneZone-ANC\data\synth_noise\cls_2\1793.wav,2
D:\VSCodeRepository\SceneZone-ANC\data\synth_noise\cls_2\1794.wav,2
D:\VSCodeRepository\SceneZone-ANC\data\synth_noise\cls_2\1795.wav,2
D:\VSCodeRepository\SceneZone-ANC\data\synth_noise\cls_2\1796.wav,2
D:\VSCodeRepository\SceneZone-ANC\data\synth_noise\cls_2\1797.wav,2
D:\VSCodeRepository\SceneZone-ANC\data\synth_noise\cls_2\1798.wav,2
D:\VSCodeRepository\SceneZone-ANC\data\synth_noise\cls_2\1799.wav,2
D:\VSCodeRepository\SceneZone-ANC\data\synth_noise\cls_2\1800.wav,2
D:\VSCodeRepository\SceneZone-ANC\data\synth_noise\cls_2\1801.wav,2
D:\VSCodeRepository\SceneZone-ANC\data\synth_noise\cls_2\1802.wav,2
D:\VSCodeRepository\SceneZone-ANC\data\synth_noise\cls_2\1803.wav,2
D:\VSCodeRepository\SceneZone-ANC\data\synth_noise\cls_2\1804.wav,2
D:\VSCodeRepository\SceneZone-ANC\data\synth_noise\cls_2\1805.wav,2
D:\VSCodeRepository\SceneZone-ANC\data\synth_noise\cls_2\1806.wav,2
D:\VSCodeRepository\SceneZone-ANC\data\synth_noise\cls_2\1807.wav,2
D:\VSCodeRepository\SceneZone-ANC\data\synth_noise\cls_2\1808.wav,2
D:\VSCodeRepository\SceneZone-ANC\data\synth_noise\cls_2\1809.wav,2
D:\VSCodeRepository\SceneZone-ANC\data\synth_noise\cls_2\1810.wav,2
D:\VSCodeRepository\SceneZone-ANC\data\synth_noise\cls_2\1811.wav,2
D:\VSCodeRepository\SceneZone-ANC\data\synth_noise\cls_2\1812.wav,2
D:\VSCodeRepository\SceneZone-ANC\data\synth_noise\cls_2\1813.wav,2
D:\VSCodeRepository\SceneZone-ANC\data\synth_noise\cls_2\1814.wav,2
D:\VSCodeRepository\SceneZone-ANC\data\synth_noise\cls_2\1815.wav,2
D:\VSCodeRepository\SceneZone-ANC\data\synth_noise\cls_2\1816.wav,2
D:\VSCodeRepository\SceneZone-ANC\data\synth_noise\cls_2\1817.wav,2
D:\VSCodeRepository\SceneZone-ANC\data\synth_noise\cls_2\1818.wav,2
D:\VSCodeRepository\SceneZone-ANC\data\synth_noise\cls_2\1819.wav,2
D:\VSCodeRepository\SceneZone-ANC\data\synth_noise\cls_2\1820.wav,2
D:\VSCodeRepository\SceneZone-ANC\data\synth_noise\cls_2\1821.wav,2
D:\VSCodeRepository\SceneZone-ANC\data\synth_noise\cls_2\1822.wav,2
D:\VSCodeRepository\SceneZone-ANC\data\synth_noise\cls_2\1823.wav,2
D:\VSCodeRepository\SceneZone-ANC\data\synth_noise\cls_2\1824.wav,2
D:\VSCodeRepository\SceneZone-ANC\data\synth_noise\cls_2\1825.wav,2
D:\VSCodeRepository\SceneZone-ANC\data\synth_noise\cls_2\1826.wav,2
D:\VSCodeRepository\SceneZone-ANC\data\synth_noise\cls_2\1827.wav,2
D:\VSCodeRepository\SceneZone-ANC\data\synth_noise\cls_2\1828.wav,2
D:\VSCodeRepository\SceneZone-ANC\data\synth_noise\cls_2\1829.wav,2
D:\VSCodeRepository\SceneZone-ANC\data\synth_noise\cls_2\1830.wav,2
D:\VSCodeRepository\SceneZone-ANC\data\synth_noise\cls_2\1831.wav,2
D:\VSCodeRepository\SceneZone-ANC\data\synth_noise\cls_2\1832.wav,2
D:\VSCodeRepository\SceneZone-ANC\data\synth_noise\cls_2\1833.wav,2
D:\VSCodeRepository\SceneZone-ANC\data\synth_noise\cls_2\1834.wav,2
D:\VSCodeRepository\SceneZone-ANC\data\synth_noise\cls_2\1835.wav,2
D:\VSCodeRepository\SceneZone-ANC\data\synth_noise\cls_2\1836.wav,2
D:\VSCodeRepository\SceneZone-ANC\data\synth_noise\cls_2\1837.wav,2
D:\VSCodeRepository\SceneZone-ANC\data\synth_noise\cls_2\1838.wav,2
D:\VSCodeRepository\SceneZone-ANC\data\synth_noise\cls_2\1839.wav,2
D:\VSCodeRepository\SceneZone-ANC\data\synth_noise\cls_2\1840.wav,2
D:\VSCodeRepository\SceneZone-ANC\data\synth_noise\cls_2\1841.wav,2
D:\VSCodeRepository\SceneZone-ANC\data\synth_noise\cls_2\1842.wav,2
D:\VSCodeRepository\SceneZone-ANC\data\synth_noise\cls_2\1843.wav,2
D:\VSCodeRepository\SceneZone-ANC\data\synth_noise\cls_2\1844.wav,2
D:\VSCodeRepository\SceneZone-ANC\data\synth_noise\cls_2\1845.wav,2
D:\VSCodeRepository\SceneZone-ANC\data\synth_noise\cls_2\1846.wav,2
D:\VSCodeRepository\SceneZone-ANC\data\synth_noise\cls_2\1847.wav,2
D:\VSCodeRepository\SceneZone-ANC\data\synth_noise\cls_2\1848.wav,2
D:\VSCodeRepository\SceneZone-ANC\data\synth_noise\cls_2\1849.wav,2
D:\VSCodeRepository\SceneZone-ANC\data\synth_noise\cls_2\1850.wav,2
D:\VSCodeRepository\SceneZone-ANC\data\synth_noise\cls_2\1851.wav,2
D:\VSCodeRepository\SceneZone-ANC\data\synth_noise\cls_2\1852.wav,2
D:\VSCodeRepository\SceneZone-ANC\data\synth_noise\cls_2\1853.wav,2
D:\VSCodeRepository\SceneZone-ANC\data\synth_noise\cls_2\1854.wav,2
D:\VSCodeRepository\SceneZone-ANC\data\synth_noise\cls_2\1855.wav,2
D:\VSCodeRepository\SceneZone-ANC\data\synth_noise\cls_2\1856.wav,2
D:\VSCodeRepository\SceneZone-ANC\data\synth_noise\cls_2\1857.wav,2
D:\VSCodeRepository\SceneZone-ANC\data\synth_noise\cls_2\1858.wav,2
D:\VSCodeRepository\SceneZone-ANC\data\synth_noise\cls_2\1859.wav,2
D:\VSCodeRepository\SceneZone-ANC\data\synth_noise\cls_2\1860.wav,2
D:\VSCodeRepository\SceneZone-ANC\data\synth_noise\cls_2\1861.wav,2
D:\VSCodeRepository\SceneZone-ANC\data\synth_noise\cls_2\1862.wav,2
D:\VSCodeRepository\SceneZone-ANC\data\synth_noise\cls_2\1863.wav,2
D:\VSCodeRepository\SceneZone-ANC\data\synth_noise\cls_2\1864.wav,2
D:\VSCodeRepository\SceneZone-ANC\data\synth_noise\cls_2\1865.wav,2
D:\VSCodeRepository\SceneZone-ANC\data\synth_noise\cls_2\1866.wav,2
D:\VSCodeRepository\SceneZone-ANC\data\synth_noise\cls_2\1867.wav,2
D:\VSCodeRepository\SceneZone-ANC\data\synth_noise\cls_2\1868.wav,2
D:\VSCodeRepository\SceneZone-ANC\data\synth_noise\cls_2\1869.wav,2
D:\VSCodeRepository\SceneZone-ANC\data\synth_noise\cls_2\1870.wav,2
D:\VSCodeRepository\SceneZone-ANC\data\synth_noise\cls_2\1871.wav,2
D:\VSCodeRepository\SceneZone-ANC\data\synth_noise\cls_2\1872.wav,2
D:\VSCodeRepository\SceneZone-ANC\data\synth_noise\cls_2\1873.wav,2
D:\VSCodeRepository\SceneZone-ANC\data\synth_noise\cls_2\1874.wav,2
D:\VSCodeRepository\SceneZone-ANC\data\synth_noise\cls_2\1875.wav,2
D:\VSCodeRepository\SceneZone-ANC\data\synth_noise\cls_2\1876.wav,2
D:\VSCodeRepository\SceneZone-ANC\data\synth_noise\cls_2\1877.wav,2
D:\VSCodeRepository\SceneZone-ANC\data\synth_noise\cls_2\1878.wav,2
D:\VSCodeRepository\SceneZone-ANC\data\synth_noise\cls_2\1879.wav,2
D:\VSCodeRepository\SceneZone-ANC\data\synth_noise\cls_2\1880.wav,2
D:\VSCodeRepository\SceneZone-ANC\data\synth_noise\cls_2\1881.wav,2
D:\VSCodeRepository\SceneZone-ANC\data\synth_noise\cls_2\1882.wav,2
D:\VSCodeRepository\SceneZone-ANC\data\synth_noise\cls_2\1883.wav,2
D:\VSCodeRepository\SceneZone-ANC\data\synth_noise\cls_2\1884.wav,2
D:\VSCodeRepository\SceneZone-ANC\data\synth_noise\cls_2\1885.wav,2
D:\VSCodeRepository\SceneZone-ANC\data\synth_noise\cls_2\1886.wav,2
D:\VSCodeRepository\SceneZone-ANC\data\synth_noise\cls_2\1887.wav,2
D:\VSCodeRepository\SceneZone-ANC\data\synth_noise\cls_2\1888.wav,2
D:\VSCodeRepository\SceneZone-ANC\data\synth_noise\cls_2\1889.wav,2
D:\VSCodeRepository\SceneZone-ANC\data\synth_noise\cls_2\1890.wav,2
D:\VSCodeRepository\SceneZone-ANC\data\synth_noise\cls_2\1891.wav,2
D:\VSCodeRepository\SceneZone-ANC\data\synth_noise\cls_2\1892.wav,2
D:\VSCodeRepository\SceneZone-ANC\data\synth_noise\cls_2\1893.wav,2
D:\VSCodeRepository\SceneZone-ANC\data\synth_noise\cls_2\1894.wav,2
D:\VSCodeRepository\SceneZone-ANC\data\synth_noise\cls_2\1895.wav,2
D:\VSCodeRepository\SceneZone-ANC\data\synth_noise\cls_2\1896.wav,2
D:\VSCodeRepository\SceneZone-ANC\data\synth_noise\cls_2\1897.wav,2
D:\VSCodeRepository\SceneZone-ANC\data\synth_noise\cls_2\1898.wav,2
D:\VSCodeRepository\SceneZone-ANC\data\synth_noise\cls_2\1899.wav,2
D:\VSCodeRepository\SceneZone-ANC\data\synth_noise\cls_2\1900.wav,2
D:\VSCodeRepository\SceneZone-ANC\data\synth_noise\cls_2\1901.wav,2
D:\VSCodeRepository\SceneZone-ANC\data\synth_noise\cls_2\1902.wav,2
D:\VSCodeRepository\SceneZone-ANC\data\synth_noise\cls_2\1903.wav,2
D:\VSCodeRepository\SceneZone-ANC\data\synth_noise\cls_2\1904.wav,2
D:\VSCodeRepository\SceneZone-ANC\data\synth_noise\cls_2\1905.wav,2
D:\VSCodeRepository\SceneZone-ANC\data\synth_noise\cls_2\1906.wav,2
D:\VSCodeRepository\SceneZone-ANC\data\synth_noise\cls_2\1907.wav,2
D:\VSCodeRepository\SceneZone-ANC\data\synth_noise\cls_2\1908.wav,2
D:\VSCodeRepository\SceneZone-ANC\data\synth_noise\cls_2\1909.wav,2
D:\VSCodeRepository\SceneZone-ANC\data\synth_noise\cls_2\1910.wav,2
D:\VSCodeRepository\SceneZone-ANC\data\synth_noise\cls_2\1911.wav,2
D:\VSCodeRepository\SceneZone-ANC\data\synth_noise\cls_2\1912.wav,2
D:\VSCodeRepository\SceneZone-ANC\data\synth_noise\cls_2\1913.wav,2
D:\VSCodeRepository\SceneZone-ANC\data\synth_noise\cls_2\1914.wav,2
D:\VSCodeRepository\SceneZone-ANC\data\synth_noise\cls_2\1915.wav,2
D:\VSCodeRepository\SceneZone-ANC\data\synth_noise\cls_2\1916.wav,2
D:\VSCodeRepository\SceneZone-ANC\data\synth_noise\cls_2\1917.wav,2
D:\VSCodeRepository\SceneZone-ANC\data\synth_noise\cls_2\1918.wav,2
D:\VSCodeRepository\SceneZone-ANC\data\synth_noise\cls_2\1919.wav,2
D:\VSCodeRepository\SceneZone-ANC\data\synth_noise\cls_2\1920.wav,2
D:\VSCodeRepository\SceneZone-ANC\data\synth_noise\cls_2\1921.wav,2
D:\VSCodeRepository\SceneZone-ANC\data\synth_noise\cls_2\1922.wav,2
D:\VSCodeRepository\SceneZone-ANC\data\synth_noise\cls_2\1923.wav,2
D:\VSCodeRepository\SceneZone-ANC\data\synth_noise\cls_2\1924.wav,2
D:\VSCodeRepository\SceneZone-ANC\data\synth_noise\cls_2\1925.wav,2
D:\VSCodeRepository\SceneZone-ANC\data\synth_noise\cls_2\1926.wav,2
D:\VSCodeRepository\SceneZone-ANC\data\synth_noise\cls_2\1927.wav,2
D:\VSCodeRepository\SceneZone-ANC\data\synth_noise\cls_2\1928.wav,2
D:\VSCodeRepository\SceneZone-ANC\data\synth_noise\cls_2\1929.wav,2
D:\VSCodeRepository\SceneZone-ANC\data\synth_noise\cls_2\1930.wav,2
D:\VSCodeRepository\SceneZone-ANC\data\synth_noise\cls_2\1931.wav,2
D:\VSCodeRepository\SceneZone-ANC\data\synth_noise\cls_2\1932.wav,2
D:\VSCodeRepository\SceneZone-ANC\data\synth_noise\cls_2\1933.wav,2
D:\VSCodeRepository\SceneZone-ANC\data\synth_noise\cls_2\1934.wav,2
D:\VSCodeRepository\SceneZone-ANC\data\synth_noise\cls_2\1935.wav,2
D:\VSCodeRepository\SceneZone-ANC\data\synth_noise\cls_2\1936.wav,2
D:\VSCodeRepository\SceneZone-ANC\data\synth_noise\cls_2\1937.wav,2
D:\VSCodeRepository\SceneZone-ANC\data\synth_noise\cls_2\1938.wav,2
D:\VSCodeRepository\SceneZone-ANC\data\synth_noise\cls_2\1939.wav,2
D:\VSCodeRepository\SceneZone-ANC\data\synth_noise\cls_2\1940.wav,2
D:\VSCodeRepository\SceneZone-ANC\data\synth_noise\cls_2\1941.wav,2
D:\VSCodeRepository\SceneZone-ANC\data\synth_noise\cls_2\1942.wav,2
D:\VSCodeRepository\SceneZone-ANC\data\synth_noise\cls_2\1943.wav,2
D:\VSCodeRepository\SceneZone-ANC\data\synth_noise\cls_2\1944.wav,2
D:\VSCodeRepository\SceneZone-ANC\data\synth_noise\cls_2\1945.wav,2
D:\VSCodeRepository\SceneZone-ANC\data\synth_noise\cls_2\1946.wav,2
D:\VSCodeRepository\SceneZone-ANC\data\synth_noise\cls_2\1947.wav,2
D:\VSCodeRepository\SceneZone-ANC\data\synth_noise\cls_2\1948.wav,2
D:\VSCodeRepository\SceneZone-ANC\data\synth_noise\cls_2\1949.wav,2
D:\VSCodeRepository\SceneZone-ANC\data\synth_noise\cls_2\1950.wav,2
D:\VSCodeRepository\SceneZone-ANC\data\synth_noise\cls_2\1951.wav,2
D:\VSCodeRepository\SceneZone-ANC\data\synth_noise\cls_2\1952.wav,2
D:\VSCodeRepository\SceneZone-ANC\data\synth_noise\cls_2\1953.wav,2
D:\VSCodeRepository\SceneZone-ANC\data\synth_noise\cls_2\1954.wav,2
D:\VSCodeRepository\SceneZone-ANC\data\synth_noise\cls_2\1955.wav,2
D:\VSCodeRepository\SceneZone-ANC\data\synth_noise\cls_2\1956.wav,2
D:\VSCodeRepository\SceneZone-ANC\data\synth_noise\cls_2\1957.wav,2
D:\VSCodeRepository\SceneZone-ANC\data\synth_noise\cls_2\1958.wav,2
D:\VSCodeRepository\SceneZone-ANC\data\synth_noise\cls_2\1959.wav,2
D:\VSCodeRepository\SceneZone-ANC\data\synth_noise\cls_2\1960.wav,2
D:\VSCodeRepository\SceneZone-ANC\data\synth_noise\cls_2\1961.wav,2
D:\VSCodeRepository\SceneZone-ANC\data\synth_noise\cls_2\1962.wav,2
D:\VSCodeRepository\SceneZone-ANC\data\synth_noise\cls_2\1963.wav,2
D:\VSCodeRepository\SceneZone-ANC\data\synth_noise\cls_2\1964.wav,2
D:\VSCodeRepository\SceneZone-ANC\data\synth_noise\cls_2\1965.wav,2
D:\VSCodeRepository\SceneZone-ANC\data\synth_noise\cls_2\1966.wav,2
D:\VSCodeRepository\SceneZone-ANC\data\synth_noise\cls_2\1967.wav,2
D:\VSCodeRepository\SceneZone-ANC\data\synth_noise\cls_2\1968.wav,2
D:\VSCodeRepository\SceneZone-ANC\data\synth_noise\cls_2\1969.wav,2
D:\VSCodeRepository\SceneZone-ANC\data\synth_noise\cls_2\1970.wav,2
D:\VSCodeRepository\SceneZone-ANC\data\synth_noise\cls_2\1971.wav,2
D:\VSCodeRepository\SceneZone-ANC\data\synth_noise\cls_2\1972.wav,2
D:\VSCodeRepository\SceneZone-ANC\data\synth_noise\cls_2\1973.wav,2
D:\VSCodeRepository\SceneZone-ANC\data\synth_noise\cls_2\1974.wav,2
D:\VSCodeRepository\SceneZone-ANC\data\synth_noise\cls_2\1975.wav,2
D:\VSCodeRepository\SceneZone-ANC\data\synth_noise\cls_2\1976.wav,2
D:\VSCodeRepository\SceneZone-ANC\data\synth_noise\cls_2\1977.wav,2
D:\VSCodeRepository\SceneZone-ANC\data\synth_noise\cls_2\1978.wav,2
D:\VSCodeRepository\SceneZone-ANC\data\synth_noise\cls_2\1979.wav,2
D:\VSCodeRepository\SceneZone-ANC\data\synth_noise\cls_2\1980.wav,2
D:\VSCodeRepository\SceneZone-ANC\data\synth_noise\cls_2\1981.wav,2
D:\VSCodeRepository\SceneZone-ANC\data\synth_noise\cls_2\1982.wav,2
D:\VSCodeRepository\SceneZone-ANC\data\synth_noise\cls_2\1983.wav,2
D:\VSCodeRepository\SceneZone-ANC\data\synth_noise\cls_2\1984.wav,2
D:\VSCodeRepository\SceneZone-ANC\data\synth_noise\cls_2\1985.wav,2
D:\VSCodeRepository\SceneZone-ANC\data\synth_noise\cls_2\1986.wav,2
D:\VSCodeRepository\SceneZone-ANC\data\synth_noise\cls_2\1987.wav,2
D:\VSCodeRepository\SceneZone-ANC\data\synth_noise\cls_2\1988.wav,2
D:\VSCodeRepository\SceneZone-ANC\data\synth_noise\cls_2\1989.wav,2
D:\VSCodeRepository\SceneZone-ANC\data\synth_noise\cls_2\1990.wav,2
D:\VSCodeRepository\SceneZone-ANC\data\synth_noise\cls_2\1991.wav,2
D:\VSCodeRepository\SceneZone-ANC\data\synth_noise\cls_2\1992.wav,2
D:\VSCodeRepository\SceneZone-ANC\data\synth_noise\cls_2\1993.wav,2
D:\VSCodeRepository\SceneZone-ANC\data\synth_noise\cls_2\1994.wav,2
D:\VSCodeRepository\SceneZone-ANC\data\synth_noise\cls_2\1995.wav,2
D:\VSCodeRepository\SceneZone-ANC\data\synth_noise\cls_2\1996.wav,2
D:\VSCodeRepository\SceneZone-ANC\data\synth_noise\cls_2\1997.wav,2
D:\VSCodeRepository\SceneZone-ANC\data\synth_noise\cls_2\1998.wav,2
D:\VSCodeRepository\SceneZone-ANC\data\synth_noise\cls_2\1999.wav,2
D:\VSCodeRepository\SceneZone-ANC\data\synth_noise\cls_3\0300.wav,3
D:\VSCodeRepository\SceneZone-ANC\data\synth_noise\cls_3\0301.wav,3
D:\VSCodeRepository\SceneZone-ANC\data\synth_noise\cls_3\0302.wav,3
D:\VSCodeRepository\SceneZone-ANC\data\synth_noise\cls_3\0303.wav,3
D:\VSCodeRepository\SceneZone-ANC\data\synth_noise\cls_3\0304.wav,3
D:\VSCodeRepository\SceneZone-ANC\data\synth_noise\cls_3\0305.wav,3
D:\VSCodeRepository\SceneZone-ANC\data\synth_noise\cls_3\0306.wav,3
D:\VSCodeRepository\SceneZone-ANC\data\synth_noise\cls_3\0307.wav,3
D:\VSCodeRepository\SceneZone-ANC\data\synth_noise\cls_3\0308.wav,3
D:\VSCodeRepository\SceneZone-ANC\data\synth_noise\cls_3\0309.wav,3
D:\VSCodeRepository\SceneZone-ANC\data\synth_noise\cls_3\0310.wav,3
D:\VSCodeRepository\SceneZone-ANC\data\synth_noise\cls_3\0311.wav,3
D:\VSCodeRepository\SceneZone-ANC\data\synth_noise\cls_3\0312.wav,3
D:\VSCodeRepository\SceneZone-ANC\data\synth_noise\cls_3\0313.wav,3
D:\VSCodeRepository\SceneZone-ANC\data\synth_noise\cls_3\0314.wav,3
D:\VSCodeRepository\SceneZone-ANC\data\synth_noise\cls_3\0315.wav,3
D:\VSCodeRepository\SceneZone-ANC\data\synth_noise\cls_3\0316.wav,3
D:\VSCodeRepository\SceneZone-ANC\data\synth_noise\cls_3\0317.wav,3
D:\VSCodeRepository\SceneZone-ANC\data\synth_noise\cls_3\0318.wav,3
D:\VSCodeRepository\SceneZone-ANC\data\synth_noise\cls_3\0319.wav,3
D:\VSCodeRepository\SceneZone-ANC\data\synth_noise\cls_3\0320.wav,3
D:\VSCodeRepository\SceneZone-ANC\data\synth_noise\cls_3\0321.wav,3
D:\VSCodeRepository\SceneZone-ANC\data\synth_noise\cls_3\0322.wav,3
D:\VSCodeRepository\SceneZone-ANC\data\synth_noise\cls_3\0323.wav,3
D:\VSCodeRepository\SceneZone-ANC\data\synth_noise\cls_3\0324.wav,3
D:\VSCodeRepository\SceneZone-ANC\data\synth_noise\cls_3\0325.wav,3
D:\VSCodeRepository\SceneZone-ANC\data\synth_noise\cls_3\0326.wav,3
D:\VSCodeRepository\SceneZone-ANC\data\synth_noise\cls_3\0327.wav,3
D:\VSCodeRepository\SceneZone-ANC\data\synth_noise\cls_3\0328.wav,3
D:\VSCodeRepository\SceneZone-ANC\data\synth_noise\cls_3\0329.wav,3
D:\VSCodeRepository\SceneZone-ANC\data\synth_noise\cls_3\0330.wav,3
D:\VSCodeRepository\SceneZone-ANC\data\synth_noise\cls_3\0331.wav,3
D:\VSCodeRepository\SceneZone-ANC\data\synth_noise\cls_3\0332.wav,3
D:\VSCodeRepository\SceneZone-ANC\data\synth_noise\cls_3\0333.wav,3
D:\VSCodeRepository\SceneZone-ANC\data\synth_noise\cls_3\0334.wav,3
D:\VSCodeRepository\SceneZone-ANC\data\synth_noise\cls_3\0335.wav,3
D:\VSCodeRepository\SceneZone-ANC\data\synth_noise\cls_3\0336.wav,3
D:\VSCodeRepository\SceneZone-ANC\data\synth_noise\cls_3\0337.wav,3
D:\VSCodeRepository\SceneZone-ANC\data\synth_noise\cls_3\0338.wav,3
D:\VSCodeRepository\SceneZone-ANC\data\synth_noise\cls_3\0339.wav,3
D:\VSCodeRepository\SceneZone-ANC\data\synth_noise\cls_3\0340.wav,3
D:\VSCodeRepository\SceneZone-ANC\data\synth_noise\cls_3\0341.wav,3
D:\VSCodeRepository\SceneZone-ANC\data\synth_noise\cls_3\0342.wav,3
D:\VSCodeRepository\SceneZone-ANC\data\synth_noise\cls_3\0343.wav,3
D:\VSCodeRepository\SceneZone-ANC\data\synth_noise\cls_3\0344.wav,3
D:\VSCodeRepository\SceneZone-ANC\data\synth_noise\cls_3\0345.wav,3
D:\VSCodeRepository\SceneZone-ANC\data\synth_noise\cls_3\0346.wav,3
D:\VSCodeRepository\SceneZone-ANC\data\synth_noise\cls_3\0347.wav,3
D:\VSCodeRepository\SceneZone-ANC\data\synth_noise\cls_3\0348.wav,3
D:\VSCodeRepository\SceneZone-ANC\data\synth_noise\cls_3\0349.wav,3
D:\VSCodeRepository\SceneZone-ANC\data\synth_noise\cls_3\0350.wav,3
D:\VSCodeRepository\SceneZone-ANC\data\synth_noise\cls_3\0351.wav,3
D:\VSCodeRepository\SceneZone-ANC\data\synth_noise\cls_3\0352.wav,3
D:\VSCodeRepository\SceneZone-ANC\data\synth_noise\cls_3\0353.wav,3
D:\VSCodeRepository\SceneZone-ANC\data\synth_noise\cls_3\0354.wav,3
D:\VSCodeRepository\SceneZone-ANC\data\synth_noise\cls_3\0355.wav,3
D:\VSCodeRepository\SceneZone-ANC\data\synth_noise\cls_3\0356.wav,3
D:\VSCodeRepository\SceneZone-ANC\data\synth_noise\cls_3\0357.wav,3
D:\VSCodeRepository\SceneZone-ANC\data\synth_noise\cls_3\0358.wav,3
D:\VSCodeRepository\SceneZone-ANC\data\synth_noise\cls_3\0359.wav,3
D:\VSCodeRepository\SceneZone-ANC\data\synth_noise\cls_3\0360.wav,3
D:\VSCodeRepository\SceneZone-ANC\data\synth_noise\cls_3\0361.wav,3
D:\VSCodeRepository\SceneZone-ANC\data\synth_noise\cls_3\0362.wav,3
D:\VSCodeRepository\SceneZone-ANC\data\synth_noise\cls_3\0363.wav,3
D:\VSCodeRepository\SceneZone-ANC\data\synth_noise\cls_3\0364.wav,3
D:\VSCodeRepository\SceneZone-ANC\data\synth_noise\cls_3\0365.wav,3
D:\VSCodeRepository\SceneZone-ANC\data\synth_noise\cls_3\0366.wav,3
D:\VSCodeRepository\SceneZone-ANC\data\synth_noise\cls_3\0367.wav,3
D:\VSCodeRepository\SceneZone-ANC\data\synth_noise\cls_3\0368.wav,3
D:\VSCodeRepository\SceneZone-ANC\data\synth_noise\cls_3\0369.wav,3
D:\VSCodeRepository\SceneZone-ANC\data\synth_noise\cls_3\0370.wav,3
D:\VSCodeRepository\SceneZone-ANC\data\synth_noise\cls_3\0371.wav,3
D:\VSCodeRepository\SceneZone-ANC\data\synth_noise\cls_3\0372.wav,3
D:\VSCodeRepository\SceneZone-ANC\data\synth_noise\cls_3\0373.wav,3
D:\VSCodeRepository\SceneZone-ANC\data\synth_noise\cls_3\0374.wav,3
D:\VSCodeRepository\SceneZone-ANC\data\synth_noise\cls_3\0375.wav,3
D:\VSCodeRepository\SceneZone-ANC\data\synth_noise\cls_3\0376.wav,3
D:\VSCodeRepository\SceneZone-ANC\data\synth_noise\cls_3\0377.wav,3
D:\VSCodeRepository\SceneZone-ANC\data\synth_noise\cls_3\0378.wav,3
D:\VSCodeRepository\SceneZone-ANC\data\synth_noise\cls_3\0379.wav,3
D:\VSCodeRepository\SceneZone-ANC\data\synth_noise\cls_3\0380.wav,3
D:\VSCodeRepository\SceneZone-ANC\data\synth_noise\cls_3\0381.wav,3
D:\VSCodeRepository\SceneZone-ANC\data\synth_noise\cls_3\0382.wav,3
D:\VSCodeRepository\SceneZone-ANC\data\synth_noise\cls_3\0383.wav,3
D:\VSCodeRepository\SceneZone-ANC\data\synth_noise\cls_3\0384.wav,3
D:\VSCodeRepository\SceneZone-ANC\data\synth_noise\cls_3\0385.wav,3
D:\VSCodeRepository\SceneZone-ANC\data\synth_noise\cls_3\0386.wav,3
D:\VSCodeRepository\SceneZone-ANC\data\synth_noise\cls_3\0387.wav,3
D:\VSCodeRepository\SceneZone-ANC\data\synth_noise\cls_3\0388.wav,3
D:\VSCodeRepository\SceneZone-ANC\data\synth_noise\cls_3\0389.wav,3
D:\VSCodeRepository\SceneZone-ANC\data\synth_noise\cls_3\0390.wav,3
D:\VSCodeRepository\SceneZone-ANC\data\synth_noise\cls_3\0391.wav,3
D:\VSCodeRepository\SceneZone-ANC\data\synth_noise\cls_3\0392.wav,3
D:\VSCodeRepository\SceneZone-ANC\data\synth_noise\cls_3\0393.wav,3
D:\VSCodeRepository\SceneZone-ANC\data\synth_noise\cls_3\0394.wav,3
D:\VSCodeRepository\SceneZone-ANC\data\synth_noise\cls_3\0395.wav,3
D:\VSCodeRepository\SceneZone-ANC\data\synth_noise\cls_3\0396.wav,3
D:\VSCodeRepository\SceneZone-ANC\data\synth_noise\cls_3\0397.wav,3
D:\VSCodeRepository\SceneZone-ANC\data\synth_noise\cls_3\0398.wav,3
D:\VSCodeRepository\SceneZone-ANC\data\synth_noise\cls_3\0399.wav,3
D:\VSCodeRepository\SceneZone-ANC\data\synth_noise\cls_3\0400.wav,3
D:\VSCodeRepository\SceneZone-ANC\data\synth_noise\cls_3\0401.wav,3
D:\VSCodeRepository\SceneZone-ANC\data\synth_noise\cls_3\0402.wav,3
D:\VSCodeRepository\SceneZone-ANC\data\synth_noise\cls_3\0403.wav,3
D:\VSCodeRepository\SceneZone-ANC\data\synth_noise\cls_3\0404.wav,3
D:\VSCodeRepository\SceneZone-ANC\data\synth_noise\cls_3\0405.wav,3
D:\VSCodeRepository\SceneZone-ANC\data\synth_noise\cls_3\0406.wav,3
D:\VSCodeRepository\SceneZone-ANC\data\synth_noise\cls_3\0407.wav,3
D:\VSCodeRepository\SceneZone-ANC\data\synth_noise\cls_3\0408.wav,3
D:\VSCodeRepository\SceneZone-ANC\data\synth_noise\cls_3\0409.wav,3
D:\VSCodeRepository\SceneZone-ANC\data\synth_noise\cls_3\0410.wav,3
D:\VSCodeRepository\SceneZone-ANC\data\synth_noise\cls_3\0411.wav,3
D:\VSCodeRepository\SceneZone-ANC\data\synth_noise\cls_3\0412.wav,3
D:\VSCodeRepository\SceneZone-ANC\data\synth_noise\cls_3\0413.wav,3
D:\VSCodeRepository\SceneZone-ANC\data\synth_noise\cls_3\0414.wav,3
D:\VSCodeRepository\SceneZone-ANC\data\synth_noise\cls_3\0415.wav,3
D:\VSCodeRepository\SceneZone-ANC\data\synth_noise\cls_3\0416.wav,3
D:\VSCodeRepository\SceneZone-ANC\data\synth_noise\cls_3\0417.wav,3
D:\VSCodeRepository\SceneZone-ANC\data\synth_noise\cls_3\0418.wav,3
D:\VSCodeRepository\SceneZone-ANC\data\synth_noise\cls_3\0419.wav,3
D:\VSCodeRepository\SceneZone-ANC\data\synth_noise\cls_3\0420.wav,3
D:\VSCodeRepository\SceneZone-ANC\data\synth_noise\cls_3\0421.wav,3
D:\VSCodeRepository\SceneZone-ANC\data\synth_noise\cls_3\0422.wav,3
D:\VSCodeRepository\SceneZone-ANC\data\synth_noise\cls_3\0423.wav,3
D:\VSCodeRepository\SceneZone-ANC\data\synth_noise\cls_3\0424.wav,3
D:\VSCodeRepository\SceneZone-ANC\data\synth_noise\cls_3\0425.wav,3
D:\VSCodeRepository\SceneZone-ANC\data\synth_noise\cls_3\0426.wav,3
D:\VSCodeRepository\SceneZone-ANC\data\synth_noise\cls_3\0427.wav,3
D:\VSCodeRepository\SceneZone-ANC\data\synth_noise\cls_3\0428.wav,3
D:\VSCodeRepository\SceneZone-ANC\data\synth_noise\cls_3\0429.wav,3
D:\VSCodeRepository\SceneZone-ANC\data\synth_noise\cls_3\0430.wav,3
D:\VSCodeRepository\SceneZone-ANC\data\synth_noise\cls_3\0431.wav,3
D:\VSCodeRepository\SceneZone-ANC\data\synth_noise\cls_3\0432.wav,3
D:\VSCodeRepository\SceneZone-ANC\data\synth_noise\cls_3\0433.wav,3
D:\VSCodeRepository\SceneZone-ANC\data\synth_noise\cls_3\0434.wav,3
D:\VSCodeRepository\SceneZone-ANC\data\synth_noise\cls_3\0435.wav,3
D:\VSCodeRepository\SceneZone-ANC\data\synth_noise\cls_3\0436.wav,3
D:\VSCodeRepository\SceneZone-ANC\data\synth_noise\cls_3\0437.wav,3
D:\VSCodeRepository\SceneZone-ANC\data\synth_noise\cls_3\0438.wav,3
D:\VSCodeRepository\SceneZone-ANC\data\synth_noise\cls_3\0439.wav,3
D:\VSCodeRepository\SceneZone-ANC\data\synth_noise\cls_3\0440.wav,3
D:\VSCodeRepository\SceneZone-ANC\data\synth_noise\cls_3\0441.wav,3
D:\VSCodeRepository\SceneZone-ANC\data\synth_noise\cls_3\0442.wav,3
D:\VSCodeRepository\SceneZone-ANC\data\synth_noise\cls_3\0443.wav,3
D:\VSCodeRepository\SceneZone-ANC\data\synth_noise\cls_3\0444.wav,3
D:\VSCodeRepository\SceneZone-ANC\data\synth_noise\cls_3\0445.wav,3
D:\VSCodeRepository\SceneZone-ANC\data\synth_noise\cls_3\0446.wav,3
D:\VSCodeRepository\SceneZone-ANC\data\synth_noise\cls_3\0447.wav,3
D:\VSCodeRepository\SceneZone-ANC\data\synth_noise\cls_3\0448.wav,3
D:\VSCodeRepository\SceneZone-ANC\data\synth_noise\cls_3\0449.wav,3
D:\VSCodeRepository\SceneZone-ANC\data\synth_noise\cls_3\0450.wav,3
D:\VSCodeRepository\SceneZone-ANC\data\synth_noise\cls_3\0451.wav,3
D:\VSCodeRepository\SceneZone-ANC\data\synth_noise\cls_3\0452.wav,3
D:\VSCodeRepository\SceneZone-ANC\data\synth_noise\cls_3\0453.wav,3
D:\VSCodeRepository\SceneZone-ANC\data\synth_noise\cls_3\0454.wav,3
D:\VSCodeRepository\SceneZone-ANC\data\synth_noise\cls_3\0455.wav,3
D:\VSCodeRepository\SceneZone-ANC\data\synth_noise\cls_3\0456.wav,3
D:\VSCodeRepository\SceneZone-ANC\data\synth_noise\cls_3\0457.wav,3
D:\VSCodeRepository\SceneZone-ANC\data\synth_noise\cls_3\0458.wav,3
D:\VSCodeRepository\SceneZone-ANC\data\synth_noise\cls_3\0459.wav,3
D:\VSCodeRepository\SceneZone-ANC\data\synth_noise\cls_3\0460.wav,3
D:\VSCodeRepository\SceneZone-ANC\data\synth_noise\cls_3\0461.wav,3
D:\VSCodeRepository\SceneZone-ANC\data\synth_noise\cls_3\0462.wav,3
D:\VSCodeRepository\SceneZone-ANC\data\synth_noise\cls_3\0463.wav,3
D:\VSCodeRepository\SceneZone-ANC\data\synth_noise\cls_3\0464.wav,3
D:\VSCodeRepository\SceneZone-ANC\data\synth_noise\cls_3\0465.wav,3
D:\VSCodeRepository\SceneZone-ANC\data\synth_noise\cls_3\0466.wav,3
D:\VSCodeRepository\SceneZone-ANC\data\synth_noise\cls_3\0467.wav,3
D:\VSCodeRepository\SceneZone-ANC\data\synth_noise\cls_3\0468.wav,3
D:\VSCodeRepository\SceneZone-ANC\data\synth_noise\cls_3\0469.wav,3
D:\VSCodeRepository\SceneZone-ANC\data\synth_noise\cls_3\0470.wav,3
D:\VSCodeRepository\SceneZone-ANC\data\synth_noise\cls_3\0471.wav,3
D:\VSCodeRepository\SceneZone-ANC\data\synth_noise\cls_3\0472.wav,3
D:\VSCodeRepository\SceneZone-ANC\data\synth_noise\cls_3\0473.wav,3
D:\VSCodeRepository\SceneZone-ANC\data\synth_noise\cls_3\0474.wav,3
D:\VSCodeRepository\SceneZone-ANC\data\synth_noise\cls_3\0475.wav,3
D:\VSCodeRepository\SceneZone-ANC\data\synth_noise\cls_3\0476.wav,3
D:\VSCodeRepository\SceneZone-ANC\data\synth_noise\cls_3\0477.wav,3
D:\VSCodeRepository\SceneZone-ANC\data\synth_noise\cls_3\0478.wav,3
D:\VSCodeRepository\SceneZone-ANC\data\synth_noise\cls_3\0479.wav,3
D:\VSCodeRepository\SceneZone-ANC\data\synth_noise\cls_3\0480.wav,3
D:\VSCodeRepository\SceneZone-ANC\data\synth_noise\cls_3\0481.wav,3
D:\VSCodeRepository\SceneZone-ANC\data\synth_noise\cls_3\0482.wav,3
D:\VSCodeRepository\SceneZone-ANC\data\synth_noise\cls_3\0483.wav,3
D:\VSCodeRepository\SceneZone-ANC\data\synth_noise\cls_3\0484.wav,3
D:\VSCodeRepository\SceneZone-ANC\data\synth_noise\cls_3\0485.wav,3
D:\VSCodeRepository\SceneZone-ANC\data\synth_noise\cls_3\0486.wav,3
D:\VSCodeRepository\SceneZone-ANC\data\synth_noise\cls_3\0487.wav,3
D:\VSCodeRepository\SceneZone-ANC\data\synth_noise\cls_3\0488.wav,3
D:\VSCodeRepository\SceneZone-ANC\data\synth_noise\cls_3\0489.wav,3
D:\VSCodeRepository\SceneZone-ANC\data\synth_noise\cls_3\0490.wav,3
D:\VSCodeRepository\SceneZone-ANC\data\synth_noise\cls_3\0491.wav,3
D:\VSCodeRepository\SceneZone-ANC\data\synth_noise\cls_3\0492.wav,3
D:\VSCodeRepository\SceneZone-ANC\data\synth_noise\cls_3\0493.wav,3
D:\VSCodeRepository\SceneZone-ANC\data\synth_noise\cls_3\0494.wav,3
D:\VSCodeRepository\SceneZone-ANC\data\synth_noise\cls_3\0495.wav,3
D:\VSCodeRepository\SceneZone-ANC\data\synth_noise\cls_3\0496.wav,3
D:\VSCodeRepository\SceneZone-ANC\data\synth_noise\cls_3\0497.wav,3
D:\VSCodeRepository\SceneZone-ANC\data\synth_noise\cls_3\0498.wav,3
D:\VSCodeRepository\SceneZone-ANC\data\synth_noise\cls_3\0499.wav,3
D:\VSCodeRepository\SceneZone-ANC\data\synth_noise\cls_3\0500.wav,3
D:\VSCodeRepository\SceneZone-ANC\data\synth_noise\cls_3\0501.wav,3
D:\VSCodeRepository\SceneZone-ANC\data\synth_noise\cls_3\0502.wav,3
D:\VSCodeRepository\SceneZone-ANC\data\synth_noise\cls_3\0503.wav,3
D:\VSCodeRepository\SceneZone-ANC\data\synth_noise\cls_3\0504.wav,3
D:\VSCodeRepository\SceneZone-ANC\data\synth_noise\cls_3\0505.wav,3
D:\VSCodeRepository\SceneZone-ANC\data\synth_noise\cls_3\0506.wav,3
D:\VSCodeRepository\SceneZone-ANC\data\synth_noise\cls_3\0507.wav,3
D:\VSCodeRepository\SceneZone-ANC\data\synth_noise\cls_3\0508.wav,3
D:\VSCodeRepository\SceneZone-ANC\data\synth_noise\cls_3\0509.wav,3
D:\VSCodeRepository\SceneZone-ANC\data\synth_noise\cls_3\0510.wav,3
D:\VSCodeRepository\SceneZone-ANC\data\synth_noise\cls_3\0511.wav,3
D:\VSCodeRepository\SceneZone-ANC\data\synth_noise\cls_3\0512.wav,3
D:\VSCodeRepository\SceneZone-ANC\data\synth_noise\cls_3\0513.wav,3
D:\VSCodeRepository\SceneZone-ANC\data\synth_noise\cls_3\0514.wav,3
D:\VSCodeRepository\SceneZone-ANC\data\synth_noise\cls_3\0515.wav,3
D:\VSCodeRepository\SceneZone-ANC\data\synth_noise\cls_3\0516.wav,3
D:\VSCodeRepository\SceneZone-ANC\data\synth_noise\cls_3\0517.wav,3
D:\VSCodeRepository\SceneZone-ANC\data\synth_noise\cls_3\0518.wav,3
D:\VSCodeRepository\SceneZone-ANC\data\synth_noise\cls_3\0519.wav,3
D:\VSCodeRepository\SceneZone-ANC\data\synth_noise\cls_3\0520.wav,3
D:\VSCodeRepository\SceneZone-ANC\data\synth_noise\cls_3\0521.wav,3
D:\VSCodeRepository\SceneZone-ANC\data\synth_noise\cls_3\0522.wav,3
D:\VSCodeRepository\SceneZone-ANC\data\synth_noise\cls_3\0523.wav,3
D:\VSCodeRepository\SceneZone-ANC\data\synth_noise\cls_3\0524.wav,3
D:\VSCodeRepository\SceneZone-ANC\data\synth_noise\cls_3\0525.wav,3
D:\VSCodeRepository\SceneZone-ANC\data\synth_noise\cls_3\0526.wav,3
D:\VSCodeRepository\SceneZone-ANC\data\synth_noise\cls_3\0527.wav,3
D:\VSCodeRepository\SceneZone-ANC\data\synth_noise\cls_3\0528.wav,3
D:\VSCodeRepository\SceneZone-ANC\data\synth_noise\cls_3\0529.wav,3
D:\VSCodeRepository\SceneZone-ANC\data\synth_noise\cls_3\0530.wav,3
D:\VSCodeRepository\SceneZone-ANC\data\synth_noise\cls_3\0531.wav,3
D:\VSCodeRepository\SceneZone-ANC\data\synth_noise\cls_3\0532.wav,3
D:\VSCodeRepository\SceneZone-ANC\data\synth_noise\cls_3\0533.wav,3
D:\VSCodeRepository\SceneZone-ANC\data\synth_noise\cls_3\0534.wav,3
D:\VSCodeRepository\SceneZone-ANC\data\synth_noise\cls_3\0535.wav,3
D:\VSCodeRepository\SceneZone-ANC\data\synth_noise\cls_3\0536.wav,3
D:\VSCodeRepository\SceneZone-ANC\data\synth_noise\cls_3\0537.wav,3
D:\VSCodeRepository\SceneZone-ANC\data\synth_noise\cls_3\0538.wav,3
D:\VSCodeRepository\SceneZone-ANC\data\synth_noise\cls_3\0539.wav,3
D:\VSCodeRepository\SceneZone-ANC\data\synth_noise\cls_3\0540.wav,3
D:\VSCodeRepository\SceneZone-ANC\data\synth_noise\cls_3\0541.wav,3
D:\VSCodeRepository\SceneZone-ANC\data\synth_noise\cls_3\0542.wav,3
D:\VSCodeRepository\SceneZone-ANC\data\synth_noise\cls_3\0543.wav,3
D:\VSCodeRepository\SceneZone-ANC\data\synth_noise\cls_3\0544.wav,3
D:\VSCodeRepository\SceneZone-ANC\data\synth_noise\cls_3\0545.wav,3
D:\VSCodeRepository\SceneZone-ANC\data\synth_noise\cls_3\0546.wav,3
D:\VSCodeRepository\SceneZone-ANC\data\synth_noise\cls_3\0547.wav,3
D:\VSCodeRepository\SceneZone-ANC\data\synth_noise\cls_3\0548.wav,3
D:\VSCodeRepository\SceneZone-ANC\data\synth_noise\cls_3\0549.wav,3
D:\VSCodeRepository\SceneZone-ANC\data\synth_noise\cls_3\0550.wav,3
D:\VSCodeRepository\SceneZone-ANC\data\synth_noise\cls_3\0551.wav,3
D:\VSCodeRepository\SceneZone-ANC\data\synth_noise\cls_3\0552.wav,3
D:\VSCodeRepository\SceneZone-ANC\data\synth_noise\cls_3\0553.wav,3
D:\VSCodeRepository\SceneZone-ANC\data\synth_noise\cls_3\0554.wav,3
D:\VSCodeRepository\SceneZone-ANC\data\synth_noise\cls_3\0555.wav,3
D:\VSCodeRepository\SceneZone-ANC\data\synth_noise\cls_3\0556.wav,3
D:\VSCodeRepository\SceneZone-ANC\data\synth_noise\cls_3\0557.wav,3
D:\VSCodeRepository\SceneZone-ANC\data\synth_noise\cls_3\0558.wav,3
D:\VSCodeRepository\SceneZone-ANC\data\synth_noise\cls_3\0559.wav,3
D:\VSCodeRepository\SceneZone-ANC\data\synth_noise\cls_3\0560.wav,3
D:\VSCodeRepository\SceneZone-ANC\data\synth_noise\cls_3\0561.wav,3
D:\VSCodeRepository\SceneZone-ANC\data\synth_noise\cls_3\0562.wav,3
D:\VSCodeRepository\SceneZone-ANC\data\synth_noise\cls_3\0563.wav,3
D:\VSCodeRepository\SceneZone-ANC\data\synth_noise\cls_3\0564.wav,3
D:\VSCodeRepository\SceneZone-ANC\data\synth_noise\cls_3\0565.wav,3
D:\VSCodeRepository\SceneZone-ANC\data\synth_noise\cls_3\0566.wav,3
D:\VSCodeRepository\SceneZone-ANC\data\synth_noise\cls_3\0567.wav,3
D:\VSCodeRepository\SceneZone-ANC\data\synth_noise\cls_3\0568.wav,3
D:\VSCodeRepository\SceneZone-ANC\data\synth_noise\cls_3\0569.wav,3
D:\VSCodeRepository\SceneZone-ANC\data\synth_noise\cls_3\0570.wav,3
D:\VSCodeRepository\SceneZone-ANC\data\synth_noise\cls_3\0571.wav,3
D:\VSCodeRepository\SceneZone-ANC\data\synth_noise\cls_3\0572.wav,3
D:\VSCodeRepository\SceneZone-ANC\data\synth_noise\cls_3\0573.wav,3
D:\VSCodeRepository\SceneZone-ANC\data\synth_noise\cls_3\0574.wav,3
D:\VSCodeRepository\SceneZone-ANC\data\synth_noise\cls_3\0575.wav,3
D:\VSCodeRepository\SceneZone-ANC\data\synth_noise\cls_3\0576.wav,3
D:\VSCodeRepository\SceneZone-ANC\data\synth_noise\cls_3\0577.wav,3
D:\VSCodeRepository\SceneZone-ANC\data\synth_noise\cls_3\0578.wav,3
D:\VSCodeRepository\SceneZone-ANC\data\synth_noise\cls_3\0579.wav,3
D:\VSCodeRepository\SceneZone-ANC\data\synth_noise\cls_3\0580.wav,3
D:\VSCodeRepository\SceneZone-ANC\data\synth_noise\cls_3\0581.wav,3
D:\VSCodeRepository\SceneZone-ANC\data\synth_noise\cls_3\0582.wav,3
D:\VSCodeRepository\SceneZone-ANC\data\synth_noise\cls_3\0583.wav,3
D:\VSCodeRepository\SceneZone-ANC\data\synth_noise\cls_3\0584.wav,3
D:\VSCodeRepository\SceneZone-ANC\data\synth_noise\cls_3\0585.wav,3
D:\VSCodeRepository\SceneZone-ANC\data\synth_noise\cls_3\0586.wav,3
D:\VSCodeRepository\SceneZone-ANC\data\synth_noise\cls_3\0587.wav,3
D:\VSCodeRepository\SceneZone-ANC\data\synth_noise\cls_3\0588.wav,3
D:\VSCodeRepository\SceneZone-ANC\data\synth_noise\cls_3\0589.wav,3
D:\VSCodeRepository\SceneZone-ANC\data\synth_noise\cls_3\0590.wav,3
D:\VSCodeRepository\SceneZone-ANC\data\synth_noise\cls_3\0591.wav,3
D:\VSCodeRepository\SceneZone-ANC\data\synth_noise\cls_3\0592.wav,3
D:\VSCodeRepository\SceneZone-ANC\data\synth_noise\cls_3\0593.wav,3
D:\VSCodeRepository\SceneZone-ANC\data\synth_noise\cls_3\0594.wav,3
D:\VSCodeRepository\SceneZone-ANC\data\synth_noise\cls_3\0595.wav,3
D:\VSCodeRepository\SceneZone-ANC\data\synth_noise\cls_3\0596.wav,3
D:\VSCodeRepository\SceneZone-ANC\data\synth_noise\cls_3\0597.wav,3
D:\VSCodeRepository\SceneZone-ANC\data\synth_noise\cls_3\0598.wav,3
D:\VSCodeRepository\SceneZone-ANC\data\synth_noise\cls_3\0599.wav,3
D:\VSCodeRepository\SceneZone-ANC\data\synth_noise\cls_3\0600.wav,3
D:\VSCodeRepository\SceneZone-ANC\data\synth_noise\cls_3\0601.wav,3
D:\VSCodeRepository\SceneZone-ANC\data\synth_noise\cls_3\0602.wav,3
D:\VSCodeRepository\SceneZone-ANC\data\synth_noise\cls_3\0603.wav,3
D:\VSCodeRepository\SceneZone-ANC\data\synth_noise\cls_3\0604.wav,3
D:\VSCodeRepository\SceneZone-ANC\data\synth_noise\cls_3\0605.wav,3
D:\VSCodeRepository\SceneZone-ANC\data\synth_noise\cls_3\0606.wav,3
D:\VSCodeRepository\SceneZone-ANC\data\synth_noise\cls_3\0607.wav,3
D:\VSCodeRepository\SceneZone-ANC\data\synth_noise\cls_3\0608.wav,3
D:\VSCodeRepository\SceneZone-ANC\data\synth_noise\cls_3\0609.wav,3
D:\VSCodeRepository\SceneZone-ANC\data\synth_noise\cls_3\0610.wav,3
D:\VSCodeRepository\SceneZone-ANC\data\synth_noise\cls_3\0611.wav,3
D:\VSCodeRepository\SceneZone-ANC\data\synth_noise\cls_3\0612.wav,3
D:\VSCodeRepository\SceneZone-ANC\data\synth_noise\cls_3\0613.wav,3
D:\VSCodeRepository\SceneZone-ANC\data\synth_noise\cls_3\0614.wav,3
D:\VSCodeRepository\SceneZone-ANC\data\synth_noise\cls_3\0615.wav,3
D:\VSCodeRepository\SceneZone-ANC\data\synth_noise\cls_3\0616.wav,3
D:\VSCodeRepository\SceneZone-ANC\data\synth_noise\cls_3\0617.wav,3
D:\VSCodeRepository\SceneZone-ANC\data\synth_noise\cls_3\0618.wav,3
D:\VSCodeRepository\SceneZone-ANC\data\synth_noise\cls_3\0619.wav,3
D:\VSCodeRepository\SceneZone-ANC\data\synth_noise\cls_3\0620.wav,3
D:\VSCodeRepository\SceneZone-ANC\data\synth_noise\cls_3\0621.wav,3
D:\VSCodeRepository\SceneZone-ANC\data\synth_noise\cls_3\0622.wav,3
D:\VSCodeRepository\SceneZone-ANC\data\synth_noise\cls_3\0623.wav,3
D:\VSCodeRepository\SceneZone-ANC\data\synth_noise\cls_3\0624.wav,3
D:\VSCodeRepository\SceneZone-ANC\data\synth_noise\cls_3\0625.wav,3
D:\VSCodeRepository\SceneZone-ANC\data\synth_noise\cls_3\0626.wav,3
D:\VSCodeRepository\SceneZone-ANC\data\synth_noise\cls_3\0627.wav,3
D:\VSCodeRepository\SceneZone-ANC\data\synth_noise\cls_3\0628.wav,3
D:\VSCodeRepository\SceneZone-ANC\data\synth_noise\cls_3\0629.wav,3
D:\VSCodeRepository\SceneZone-ANC\data\synth_noise\cls_3\0630.wav,3
D:\VSCodeRepository\SceneZone-ANC\data\synth_noise\cls_3\0631.wav,3
D:\VSCodeRepository\SceneZone-ANC\data\synth_noise\cls_3\0632.wav,3
D:\VSCodeRepository\SceneZone-ANC\data\synth_noise\cls_3\0633.wav,3
D:\VSCodeRepository\SceneZone-ANC\data\synth_noise\cls_3\0634.wav,3
D:\VSCodeRepository\SceneZone-ANC\data\synth_noise\cls_3\0635.wav,3
D:\VSCodeRepository\SceneZone-ANC\data\synth_noise\cls_3\0636.wav,3
D:\VSCodeRepository\SceneZone-ANC\data\synth_noise\cls_3\0637.wav,3
D:\VSCodeRepository\SceneZone-ANC\data\synth_noise\cls_3\0638.wav,3
D:\VSCodeRepository\SceneZone-ANC\data\synth_noise\cls_3\0639.wav,3
D:\VSCodeRepository\SceneZone-ANC\data\synth_noise\cls_3\0640.wav,3
D:\VSCodeRepository\SceneZone-ANC\data\synth_noise\cls_3\0641.wav,3
D:\VSCodeRepository\SceneZone-ANC\data\synth_noise\cls_3\0642.wav,3
D:\VSCodeRepository\SceneZone-ANC\data\synth_noise\cls_3\0643.wav,3
D:\VSCodeRepository\SceneZone-ANC\data\synth_noise\cls_3\0644.wav,3
D:\VSCodeRepository\SceneZone-ANC\data\synth_noise\cls_3\0645.wav,3
D:\VSCodeRepository\SceneZone-ANC\data\synth_noise\cls_3\0646.wav,3
D:\VSCodeRepository\SceneZone-ANC\data\synth_noise\cls_3\0647.wav,3
D:\VSCodeRepository\SceneZone-ANC\data\synth_noise\cls_3\0648.wav,3
D:\VSCodeRepository\SceneZone-ANC\data\synth_noise\cls_3\0649.wav,3
D:\VSCodeRepository\SceneZone-ANC\data\synth_noise\cls_3\0650.wav,3
D:\VSCodeRepository\SceneZone-ANC\data\synth_noise\cls_3\0651.wav,3
D:\VSCodeRepository\SceneZone-ANC\data\synth_noise\cls_3\0652.wav,3
D:\VSCodeRepository\SceneZone-ANC\data\synth_noise\cls_3\0653.wav,3
D:\VSCodeRepository\SceneZone-ANC\data\synth_noise\cls_3\0654.wav,3
D:\VSCodeRepository\SceneZone-ANC\data\synth_noise\cls_3\0655.wav,3
D:\VSCodeRepository\SceneZone-ANC\data\synth_noise\cls_3\0656.wav,3
D:\VSCodeRepository\SceneZone-ANC\data\synth_noise\cls_3\0657.wav,3
D:\VSCodeRepository\SceneZone-ANC\data\synth_noise\cls_3\0658.wav,3
D:\VSCodeRepository\SceneZone-ANC\data\synth_noise\cls_3\0659.wav,3
D:\VSCodeRepository\SceneZone-ANC\data\synth_noise\cls_3\0660.wav,3
D:\VSCodeRepository\SceneZone-ANC\data\synth_noise\cls_3\0661.wav,3
D:\VSCodeRepository\SceneZone-ANC\data\synth_noise\cls_3\0662.wav,3
D:\VSCodeRepository\SceneZone-ANC\data\synth_noise\cls_3\0663.wav,3
D:\VSCodeRepository\SceneZone-ANC\data\synth_noise\cls_3\0664.wav,3
D:\VSCodeRepository\SceneZone-ANC\data\synth_noise\cls_3\0665.wav,3
D:\VSCodeRepository\SceneZone-ANC\data\synth_noise\cls_3\0666.wav,3
D:\VSCodeRepository\SceneZone-ANC\data\synth_noise\cls_3\0667.wav,3
D:\VSCodeRepository\SceneZone-ANC\data\synth_noise\cls_3\0668.wav,3
D:\VSCodeRepository\SceneZone-ANC\data\synth_noise\cls_3\0669.wav,3
D:\VSCodeRepository\SceneZone-ANC\data\synth_noise\cls_3\0670.wav,3
D:\VSCodeRepository\SceneZone-ANC\data\synth_noise\cls_3\0671.wav,3
D:\VSCodeRepository\SceneZone-ANC\data\synth_noise\cls_3\0672.wav,3
D:\VSCodeRepository\SceneZone-ANC\data\synth_noise\cls_3\0673.wav,3
D:\VSCodeRepository\SceneZone-ANC\data\synth_noise\cls_3\0674.wav,3
D:\VSCodeRepository\SceneZone-ANC\data\synth_noise\cls_3\0675.wav,3
D:\VSCodeRepository\SceneZone-ANC\data\synth_noise\cls_3\0676.wav,3
D:\VSCodeRepository\SceneZone-ANC\data\synth_noise\cls_3\0677.wav,3
D:\VSCodeRepository\SceneZone-ANC\data\synth_noise\cls_3\0678.wav,3
D:\VSCodeRepository\SceneZone-ANC\data\synth_noise\cls_3\0679.wav,3
D:\VSCodeRepository\SceneZone-ANC\data\synth_noise\cls_3\0680.wav,3
D:\VSCodeRepository\SceneZone-ANC\data\synth_noise\cls_3\0681.wav,3
D:\VSCodeRepository\SceneZone-ANC\data\synth_noise\cls_3\0682.wav,3
D:\VSCodeRepository\SceneZone-ANC\data\synth_noise\cls_3\0683.wav,3
D:\VSCodeRepository\SceneZone-ANC\data\synth_noise\cls_3\0684.wav,3
D:\VSCodeRepository\SceneZone-ANC\data\synth_noise\cls_3\0685.wav,3
D:\VSCodeRepository\SceneZone-ANC\data\synth_noise\cls_3\0686.wav,3
D:\VSCodeRepository\SceneZone-ANC\data\synth_noise\cls_3\0687.wav,3
D:\VSCodeRepository\SceneZone-ANC\data\synth_noise\cls_3\0688.wav,3
D:\VSCodeRepository\SceneZone-ANC\data\synth_noise\cls_3\0689.wav,3
D:\VSCodeRepository\SceneZone-ANC\data\synth_noise\cls_3\0690.wav,3
D:\VSCodeRepository\SceneZone-ANC\data\synth_noise\cls_3\0691.wav,3
D:\VSCodeRepository\SceneZone-ANC\data\synth_noise\cls_3\0692.wav,3
D:\VSCodeRepository\SceneZone-ANC\data\synth_noise\cls_3\0693.wav,3
D:\VSCodeRepository\SceneZone-ANC\data\synth_noise\cls_3\0694.wav,3
D:\VSCodeRepository\SceneZone-ANC\data\synth_noise\cls_3\0695.wav,3
D:\VSCodeRepository\SceneZone-ANC\data\synth_noise\cls_3\0696.wav,3
D:\VSCodeRepository\SceneZone-ANC\data\synth_noise\cls_3\0697.wav,3
D:\VSCodeRepository\SceneZone-ANC\data\synth_noise\cls_3\0698.wav,3
D:\VSCodeRepository\SceneZone-ANC\data\synth_noise\cls_3\0699.wav,3
D:\VSCodeRepository\SceneZone-ANC\data\synth_noise\cls_3\0700.wav,3
D:\VSCodeRepository\SceneZone-ANC\data\synth_noise\cls_3\0701.wav,3
D:\VSCodeRepository\SceneZone-ANC\data\synth_noise\cls_3\0702.wav,3
D:\VSCodeRepository\SceneZone-ANC\data\synth_noise\cls_3\0703.wav,3
D:\VSCodeRepository\SceneZone-ANC\data\synth_noise\cls_3\0704.wav,3
D:\VSCodeRepository\SceneZone-ANC\data\synth_noise\cls_3\0705.wav,3
D:\VSCodeRepository\SceneZone-ANC\data\synth_noise\cls_3\0706.wav,3
D:\VSCodeRepository\SceneZone-ANC\data\synth_noise\cls_3\0707.wav,3
D:\VSCodeRepository\SceneZone-ANC\data\synth_noise\cls_3\0708.wav,3
D:\VSCodeRepository\SceneZone-ANC\data\synth_noise\cls_3\0709.wav,3
D:\VSCodeRepository\SceneZone-ANC\data\synth_noise\cls_3\0710.wav,3
D:\VSCodeRepository\SceneZone-ANC\data\synth_noise\cls_3\0711.wav,3
D:\VSCodeRepository\SceneZone-ANC\data\synth_noise\cls_3\0712.wav,3
D:\VSCodeRepository\SceneZone-ANC\data\synth_noise\cls_3\0713.wav,3
D:\VSCodeRepository\SceneZone-ANC\data\synth_noise\cls_3\0714.wav,3
D:\VSCodeRepository\SceneZone-ANC\data\synth_noise\cls_3\0715.wav,3
D:\VSCodeRepository\SceneZone-ANC\data\synth_noise\cls_3\0716.wav,3
D:\VSCodeRepository\SceneZone-ANC\data\synth_noise\cls_3\0717.wav,3
D:\VSCodeRepository\SceneZone-ANC\data\synth_noise\cls_3\0718.wav,3
D:\VSCodeRepository\SceneZone-ANC\data\synth_noise\cls_3\0719.wav,3
D:\VSCodeRepository\SceneZone-ANC\data\synth_noise\cls_3\0720.wav,3
D:\VSCodeRepository\SceneZone-ANC\data\synth_noise\cls_3\0721.wav,3
D:\VSCodeRepository\SceneZone-ANC\data\synth_noise\cls_3\0722.wav,3
D:\VSCodeRepository\SceneZone-ANC\data\synth_noise\cls_3\0723.wav,3
D:\VSCodeRepository\SceneZone-ANC\data\synth_noise\cls_3\0724.wav,3
D:\VSCodeRepository\SceneZone-ANC\data\synth_noise\cls_3\0725.wav,3
D:\VSCodeRepository\SceneZone-ANC\data\synth_noise\cls_3\0726.wav,3
D:\VSCodeRepository\SceneZone-ANC\data\synth_noise\cls_3\0727.wav,3
D:\VSCodeRepository\SceneZone-ANC\data\synth_noise\cls_3\0728.wav,3
D:\VSCodeRepository\SceneZone-ANC\data\synth_noise\cls_3\0729.wav,3
D:\VSCodeRepository\SceneZone-ANC\data\synth_noise\cls_3\0730.wav,3
D:\VSCodeRepository\SceneZone-ANC\data\synth_noise\cls_3\0731.wav,3
D:\VSCodeRepository\SceneZone-ANC\data\synth_noise\cls_3\0732.wav,3
D:\VSCodeRepository\SceneZone-ANC\data\synth_noise\cls_3\0733.wav,3
D:\VSCodeRepository\SceneZone-ANC\data\synth_noise\cls_3\0734.wav,3
D:\VSCodeRepository\SceneZone-ANC\data\synth_noise\cls_3\0735.wav,3
D:\VSCodeRepository\SceneZone-ANC\data\synth_noise\cls_3\0736.wav,3
D:\VSCodeRepository\SceneZone-ANC\data\synth_noise\cls_3\0737.wav,3
D:\VSCodeRepository\SceneZone-ANC\data\synth_noise\cls_3\0738.wav,3
D:\VSCodeRepository\SceneZone-ANC\data\synth_noise\cls_3\0739.wav,3
D:\VSCodeRepository\SceneZone-ANC\data\synth_noise\cls_3\0740.wav,3
D:\VSCodeRepository\SceneZone-ANC\data\synth_noise\cls_3\0741.wav,3
D:\VSCodeRepository\SceneZone-ANC\data\synth_noise\cls_3\0742.wav,3
D:\VSCodeRepository\SceneZone-ANC\data\synth_noise\cls_3\0743.wav,3
D:\VSCodeRepository\SceneZone-ANC\data\synth_noise\cls_3\0744.wav,3
D:\VSCodeRepository\SceneZone-ANC\data\synth_noise\cls_3\0745.wav,3
D:\VSCodeRepository\SceneZone-ANC\data\synth_noise\cls_3\0746.wav,3
D:\VSCodeRepository\SceneZone-ANC\data\synth_noise\cls_3\0747.wav,3
D:\VSCodeRepository\SceneZone-ANC\data\synth_noise\cls_3\0748.wav,3
D:\VSCodeRepository\SceneZone-ANC\data\synth_noise\cls_3\0749.wav,3
D:\VSCodeRepository\SceneZone-ANC\data\synth_noise\cls_3\0750.wav,3
D:\VSCodeRepository\SceneZone-ANC\data\synth_noise\cls_3\0751.wav,3
D:\VSCodeRepository\SceneZone-ANC\data\synth_noise\cls_3\0752.wav,3
D:\VSCodeRepository\SceneZone-ANC\data\synth_noise\cls_3\0753.wav,3
D:\VSCodeRepository\SceneZone-ANC\data\synth_noise\cls_3\0754.wav,3
D:\VSCodeRepository\SceneZone-ANC\data\synth_noise\cls_3\0755.wav,3
D:\VSCodeRepository\SceneZone-ANC\data\synth_noise\cls_3\0756.wav,3
D:\VSCodeRepository\SceneZone-ANC\data\synth_noise\cls_3\0757.wav,3
D:\VSCodeRepository\SceneZone-ANC\data\synth_noise\cls_3\0758.wav,3
D:\VSCodeRepository\SceneZone-ANC\data\synth_noise\cls_3\0759.wav,3
D:\VSCodeRepository\SceneZone-ANC\data\synth_noise\cls_3\0760.wav,3
D:\VSCodeRepository\SceneZone-ANC\data\synth_noise\cls_3\0761.wav,3
D:\VSCodeRepository\SceneZone-ANC\data\synth_noise\cls_3\0762.wav,3
D:\VSCodeRepository\SceneZone-ANC\data\synth_noise\cls_3\0763.wav,3
D:\VSCodeRepository\SceneZone-ANC\data\synth_noise\cls_3\0764.wav,3
D:\VSCodeRepository\SceneZone-ANC\data\synth_noise\cls_3\0765.wav,3
D:\VSCodeRepository\SceneZone-ANC\data\synth_noise\cls_3\0766.wav,3
D:\VSCodeRepository\SceneZone-ANC\data\synth_noise\cls_3\0767.wav,3
D:\VSCodeRepository\SceneZone-ANC\data\synth_noise\cls_3\0768.wav,3
D:\VSCodeRepository\SceneZone-ANC\data\synth_noise\cls_3\0769.wav,3
D:\VSCodeRepository\SceneZone-ANC\data\synth_noise\cls_3\0770.wav,3
D:\VSCodeRepository\SceneZone-ANC\data\synth_noise\cls_3\0771.wav,3
D:\VSCodeRepository\SceneZone-ANC\data\synth_noise\cls_3\0772.wav,3
D:\VSCodeRepository\SceneZone-ANC\data\synth_noise\cls_3\0773.wav,3
D:\VSCodeRepository\SceneZone-ANC\data\synth_noise\cls_3\0774.wav,3
D:\VSCodeRepository\SceneZone-ANC\data\synth_noise\cls_3\0775.wav,3
D:\VSCodeRepository\SceneZone-ANC\data\synth_noise\cls_3\0776.wav,3
D:\VSCodeRepository\SceneZone-ANC\data\synth_noise\cls_3\0777.wav,3
D:\VSCodeRepository\SceneZone-ANC\data\synth_noise\cls_3\0778.wav,3
D:\VSCodeRepository\SceneZone-ANC\data\synth_noise\cls_3\0779.wav,3
D:\VSCodeRepository\SceneZone-ANC\data\synth_noise\cls_3\0780.wav,3
D:\VSCodeRepository\SceneZone-ANC\data\synth_noise\cls_3\0781.wav,3
D:\VSCodeRepository\SceneZone-ANC\data\synth_noise\cls_3\0782.wav,3
D:\VSCodeRepository\SceneZone-ANC\data\synth_noise\cls_3\0783.wav,3
D:\VSCodeRepository\SceneZone-ANC\data\synth_noise\cls_3\0784.wav,3
D:\VSCodeRepository\SceneZone-ANC\data\synth_noise\cls_3\0785.wav,3
D:\VSCodeRepository\SceneZone-ANC\data\synth_noise\cls_3\0786.wav,3
D:\VSCodeRepository\SceneZone-ANC\data\synth_noise\cls_3\0787.wav,3
D:\VSCodeRepository\SceneZone-ANC\data\synth_noise\cls_3\0788.wav,3
D:\VSCodeRepository\SceneZone-ANC\data\synth_noise\cls_3\0789.wav,3
D:\VSCodeRepository\SceneZone-ANC\data\synth_noise\cls_3\0790.wav,3
D:\VSCodeRepository\SceneZone-ANC\data\synth_noise\cls_3\0791.wav,3
D:\VSCodeRepository\SceneZone-ANC\data\synth_noise\cls_3\0792.wav,3
D:\VSCodeRepository\SceneZone-ANC\data\synth_noise\cls_3\0793.wav,3
D:\VSCodeRepository\SceneZone-ANC\data\synth_noise\cls_3\0794.wav,3
D:\VSCodeRepository\SceneZone-ANC\data\synth_noise\cls_3\0795.wav,3
D:\VSCodeRepository\SceneZone-ANC\data\synth_noise\cls_3\0796.wav,3
D:\VSCodeRepository\SceneZone-ANC\data\synth_noise\cls_3\0797.wav,3
D:\VSCodeRepository\SceneZone-ANC\data\synth_noise\cls_3\0798.wav,3
D:\VSCodeRepository\SceneZone-ANC\data\synth_noise\cls_3\0799.wav,3
D:\VSCodeRepository\SceneZone-ANC\data\synth_noise\cls_3\0800.wav,3
D:\VSCodeRepository\SceneZone-ANC\data\synth_noise\cls_3\0801.wav,3
D:\VSCodeRepository\SceneZone-ANC\data\synth_noise\cls_3\0802.wav,3
D:\VSCodeRepository\SceneZone-ANC\data\synth_noise\cls_3\0803.wav,3
D:\VSCodeRepository\SceneZone-ANC\data\synth_noise\cls_3\0804.wav,3
D:\VSCodeRepository\SceneZone-ANC\data\synth_noise\cls_3\0805.wav,3
D:\VSCodeRepository\SceneZone-ANC\data\synth_noise\cls_3\0806.wav,3
D:\VSCodeRepository\SceneZone-ANC\data\synth_noise\cls_3\0807.wav,3
D:\VSCodeRepository\SceneZone-ANC\data\synth_noise\cls_3\0808.wav,3
D:\VSCodeRepository\SceneZone-ANC\data\synth_noise\cls_3\0809.wav,3
D:\VSCodeRepository\SceneZone-ANC\data\synth_noise\cls_3\0810.wav,3
D:\VSCodeRepository\SceneZone-ANC\data\synth_noise\cls_3\0811.wav,3
D:\VSCodeRepository\SceneZone-ANC\data\synth_noise\cls_3\0812.wav,3
D:\VSCodeRepository\SceneZone-ANC\data\synth_noise\cls_3\0813.wav,3
D:\VSCodeRepository\SceneZone-ANC\data\synth_noise\cls_3\0814.wav,3
D:\VSCodeRepository\SceneZone-ANC\data\synth_noise\cls_3\0815.wav,3
D:\VSCodeRepository\SceneZone-ANC\data\synth_noise\cls_3\0816.wav,3
D:\VSCodeRepository\SceneZone-ANC\data\synth_noise\cls_3\0817.wav,3
D:\VSCodeRepository\SceneZone-ANC\data\synth_noise\cls_3\0818.wav,3
D:\VSCodeRepository\SceneZone-ANC\data\synth_noise\cls_3\0819.wav,3
D:\VSCodeRepository\SceneZone-ANC\data\synth_noise\cls_3\0820.wav,3
D:\VSCodeRepository\SceneZone-ANC\data\synth_noise\cls_3\0821.wav,3
D:\VSCodeRepository\SceneZone-ANC\data\synth_noise\cls_3\0822.wav,3
D:\VSCodeRepository\SceneZone-ANC\data\synth_noise\cls_3\0823.wav,3
D:\VSCodeRepository\SceneZone-ANC\data\synth_noise\cls_3\0824.wav,3
D:\VSCodeRepository\SceneZone-ANC\data\synth_noise\cls_3\0825.wav,3
D:\VSCodeRepository\SceneZone-ANC\data\synth_noise\cls_3\0826.wav,3
D:\VSCodeRepository\SceneZone-ANC\data\synth_noise\cls_3\0827.wav,3
D:\VSCodeRepository\SceneZone-ANC\data\synth_noise\cls_3\0828.wav,3
D:\VSCodeRepository\SceneZone-ANC\data\synth_noise\cls_3\0829.wav,3
D:\VSCodeRepository\SceneZone-ANC\data\synth_noise\cls_3\0830.wav,3
D:\VSCodeRepository\SceneZone-ANC\data\synth_noise\cls_3\0831.wav,3
D:\VSCodeRepository\SceneZone-ANC\data\synth_noise\cls_3\0832.wav,3
D:\VSCodeRepository\SceneZone-ANC\data\synth_noise\cls_3\0833.wav,3
D:\VSCodeRepository\SceneZone-ANC\data\synth_noise\cls_3\0834.wav,3
D:\VSCodeRepository\SceneZone-ANC\data\synth_noise\cls_3\0835.wav,3
D:\VSCodeRepository\SceneZone-ANC\data\synth_noise\cls_3\0836.wav,3
D:\VSCodeRepository\SceneZone-ANC\data\synth_noise\cls_3\0837.wav,3
D:\VSCodeRepository\SceneZone-ANC\data\synth_noise\cls_3\0838.wav,3
D:\VSCodeRepository\SceneZone-ANC\data\synth_noise\cls_3\0839.wav,3
D:\VSCodeRepository\SceneZone-ANC\data\synth_noise\cls_3\0840.wav,3
D:\VSCodeRepository\SceneZone-ANC\data\synth_noise\cls_3\0841.wav,3
D:\VSCodeRepository\SceneZone-ANC\data\synth_noise\cls_3\0842.wav,3
D:\VSCodeRepository\SceneZone-ANC\data\synth_noise\cls_3\0843.wav,3
D:\VSCodeRepository\SceneZone-ANC\data\synth_noise\cls_3\0844.wav,3
D:\VSCodeRepository\SceneZone-ANC\data\synth_noise\cls_3\0845.wav,3
D:\VSCodeRepository\SceneZone-ANC\data\synth_noise\cls_3\0846.wav,3
D:\VSCodeRepository\SceneZone-ANC\data\synth_noise\cls_3\0847.wav,3
D:\VSCodeRepository\SceneZone-ANC\data\synth_noise\cls_3\0848.wav,3
D:\VSCodeRepository\SceneZone-ANC\data\synth_noise\cls_3\0849.wav,3
D:\VSCodeRepository\SceneZone-ANC\data\synth_noise\cls_3\0850.wav,3
D:\VSCodeRepository\SceneZone-ANC\data\synth_noise\cls_3\0851.wav,3
D:\VSCodeRepository\SceneZone-ANC\data\synth_noise\cls_3\0852.wav,3
D:\VSCodeRepository\SceneZone-ANC\data\synth_noise\cls_3\0853.wav,3
D:\VSCodeRepository\SceneZone-ANC\data\synth_noise\cls_3\0854.wav,3
D:\VSCodeRepository\SceneZone-ANC\data\synth_noise\cls_3\0855.wav,3
D:\VSCodeRepository\SceneZone-ANC\data\synth_noise\cls_3\0856.wav,3
D:\VSCodeRepository\SceneZone-ANC\data\synth_noise\cls_3\0857.wav,3
D:\VSCodeRepository\SceneZone-ANC\data\synth_noise\cls_3\0858.wav,3
D:\VSCodeRepository\SceneZone-ANC\data\synth_noise\cls_3\0859.wav,3
D:\VSCodeRepository\SceneZone-ANC\data\synth_noise\cls_3\0860.wav,3
D:\VSCodeRepository\SceneZone-ANC\data\synth_noise\cls_3\0861.wav,3
D:\VSCodeRepository\SceneZone-ANC\data\synth_noise\cls_3\0862.wav,3
D:\VSCodeRepository\SceneZone-ANC\data\synth_noise\cls_3\0863.wav,3
D:\VSCodeRepository\SceneZone-ANC\data\synth_noise\cls_3\0864.wav,3
D:\VSCodeRepository\SceneZone-ANC\data\synth_noise\cls_3\0865.wav,3
D:\VSCodeRepository\SceneZone-ANC\data\synth_noise\cls_3\0866.wav,3
D:\VSCodeRepository\SceneZone-ANC\data\synth_noise\cls_3\0867.wav,3
D:\VSCodeRepository\SceneZone-ANC\data\synth_noise\cls_3\0868.wav,3
D:\VSCodeRepository\SceneZone-ANC\data\synth_noise\cls_3\0869.wav,3
D:\VSCodeRepository\SceneZone-ANC\data\synth_noise\cls_3\0870.wav,3
D:\VSCodeRepository\SceneZone-ANC\data\synth_noise\cls_3\0871.wav,3
D:\VSCodeRepository\SceneZone-ANC\data\synth_noise\cls_3\0872.wav,3
D:\VSCodeRepository\SceneZone-ANC\data\synth_noise\cls_3\0873.wav,3
D:\VSCodeRepository\SceneZone-ANC\data\synth_noise\cls_3\0874.wav,3
D:\VSCodeRepository\SceneZone-ANC\data\synth_noise\cls_3\0875.wav,3
D:\VSCodeRepository\SceneZone-ANC\data\synth_noise\cls_3\0876.wav,3
D:\VSCodeRepository\SceneZone-ANC\data\synth_noise\cls_3\0877.wav,3
D:\VSCodeRepository\SceneZone-ANC\data\synth_noise\cls_3\0878.wav,3
D:\VSCodeRepository\SceneZone-ANC\data\synth_noise\cls_3\0879.wav,3
D:\VSCodeRepository\SceneZone-ANC\data\synth_noise\cls_3\0880.wav,3
D:\VSCodeRepository\SceneZone-ANC\data\synth_noise\cls_3\0881.wav,3
D:\VSCodeRepository\SceneZone-ANC\data\synth_noise\cls_3\0882.wav,3
D:\VSCodeRepository\SceneZone-ANC\data\synth_noise\cls_3\0883.wav,3
D:\VSCodeRepository\SceneZone-ANC\data\synth_noise\cls_3\0884.wav,3
D:\VSCodeRepository\SceneZone-ANC\data\synth_noise\cls_3\0885.wav,3
D:\VSCodeRepository\SceneZone-ANC\data\synth_noise\cls_3\0886.wav,3
D:\VSCodeRepository\SceneZone-ANC\data\synth_noise\cls_3\0887.wav,3
D:\VSCodeRepository\SceneZone-ANC\data\synth_noise\cls_3\0888.wav,3
D:\VSCodeRepository\SceneZone-ANC\data\synth_noise\cls_3\0889.wav,3
D:\VSCodeRepository\SceneZone-ANC\data\synth_noise\cls_3\0890.wav,3
D:\VSCodeRepository\SceneZone-ANC\data\synth_noise\cls_3\0891.wav,3
D:\VSCodeRepository\SceneZone-ANC\data\synth_noise\cls_3\0892.wav,3
D:\VSCodeRepository\SceneZone-ANC\data\synth_noise\cls_3\0893.wav,3
D:\VSCodeRepository\SceneZone-ANC\data\synth_noise\cls_3\0894.wav,3
D:\VSCodeRepository\SceneZone-ANC\data\synth_noise\cls_3\0895.wav,3
D:\VSCodeRepository\SceneZone-ANC\data\synth_noise\cls_3\0896.wav,3
D:\VSCodeRepository\SceneZone-ANC\data\synth_noise\cls_3\0897.wav,3
D:\VSCodeRepository\SceneZone-ANC\data\synth_noise\cls_3\0898.wav,3
D:\VSCodeRepository\SceneZone-ANC\data\synth_noise\cls_3\0899.wav,3
D:\VSCodeRepository\SceneZone-ANC\data\synth_noise\cls_3\0900.wav,3
D:\VSCodeRepository\SceneZone-ANC\data\synth_noise\cls_3\0901.wav,3
D:\VSCodeRepository\SceneZone-ANC\data\synth_noise\cls_3\0902.wav,3
D:\VSCodeRepository\SceneZone-ANC\data\synth_noise\cls_3\0903.wav,3
D:\VSCodeRepository\SceneZone-ANC\data\synth_noise\cls_3\0904.wav,3
D:\VSCodeRepository\SceneZone-ANC\data\synth_noise\cls_3\0905.wav,3
D:\VSCodeRepository\SceneZone-ANC\data\synth_noise\cls_3\0906.wav,3
D:\VSCodeRepository\SceneZone-ANC\data\synth_noise\cls_3\0907.wav,3
D:\VSCodeRepository\SceneZone-ANC\data\synth_noise\cls_3\0908.wav,3
D:\VSCodeRepository\SceneZone-ANC\data\synth_noise\cls_3\0909.wav,3
D:\VSCodeRepository\SceneZone-ANC\data\synth_noise\cls_3\0910.wav,3
D:\VSCodeRepository\SceneZone-ANC\data\synth_noise\cls_3\0911.wav,3
D:\VSCodeRepository\SceneZone-ANC\data\synth_noise\cls_3\0912.wav,3
D:\VSCodeRepository\SceneZone-ANC\data\synth_noise\cls_3\0913.wav,3
D:\VSCodeRepository\SceneZone-ANC\data\synth_noise\cls_3\0914.wav,3
D:\VSCodeRepository\SceneZone-ANC\data\synth_noise\cls_3\0915.wav,3
D:\VSCodeRepository\SceneZone-ANC\data\synth_noise\cls_3\0916.wav,3
D:\VSCodeRepository\SceneZone-ANC\data\synth_noise\cls_3\0917.wav,3
D:\VSCodeRepository\SceneZone-ANC\data\synth_noise\cls_3\0918.wav,3
D:\VSCodeRepository\SceneZone-ANC\data\synth_noise\cls_3\0919.wav,3
D:\VSCodeRepository\SceneZone-ANC\data\synth_noise\cls_3\0920.wav,3
D:\VSCodeRepository\SceneZone-ANC\data\synth_noise\cls_3\0921.wav,3
D:\VSCodeRepository\SceneZone-ANC\data\synth_noise\cls_3\0922.wav,3
D:\VSCodeRepository\SceneZone-ANC\data\synth_noise\cls_3\0923.wav,3
D:\VSCodeRepository\SceneZone-ANC\data\synth_noise\cls_3\0924.wav,3
D:\VSCodeRepository\SceneZone-ANC\data\synth_noise\cls_3\0925.wav,3
D:\VSCodeRepository\SceneZone-ANC\data\synth_noise\cls_3\0926.wav,3
D:\VSCodeRepository\SceneZone-ANC\data\synth_noise\cls_3\0927.wav,3
D:\VSCodeRepository\SceneZone-ANC\data\synth_noise\cls_3\0928.wav,3
D:\VSCodeRepository\SceneZone-ANC\data\synth_noise\cls_3\0929.wav,3
D:\VSCodeRepository\SceneZone-ANC\data\synth_noise\cls_3\0930.wav,3
D:\VSCodeRepository\SceneZone-ANC\data\synth_noise\cls_3\0931.wav,3
D:\VSCodeRepository\SceneZone-ANC\data\synth_noise\cls_3\0932.wav,3
D:\VSCodeRepository\SceneZone-ANC\data\synth_noise\cls_3\0933.wav,3
D:\VSCodeRepository\SceneZone-ANC\data\synth_noise\cls_3\0934.wav,3
D:\VSCodeRepository\SceneZone-ANC\data\synth_noise\cls_3\0935.wav,3
D:\VSCodeRepository\SceneZone-ANC\data\synth_noise\cls_3\0936.wav,3
D:\VSCodeRepository\SceneZone-ANC\data\synth_noise\cls_3\0937.wav,3
D:\VSCodeRepository\SceneZone-ANC\data\synth_noise\cls_3\0938.wav,3
D:\VSCodeRepository\SceneZone-ANC\data\synth_noise\cls_3\0939.wav,3
D:\VSCodeRepository\SceneZone-ANC\data\synth_noise\cls_3\0940.wav,3
D:\VSCodeRepository\SceneZone-ANC\data\synth_noise\cls_3\0941.wav,3
D:\VSCodeRepository\SceneZone-ANC\data\synth_noise\cls_3\0942.wav,3
D:\VSCodeRepository\SceneZone-ANC\data\synth_noise\cls_3\0943.wav,3
D:\VSCodeRepository\SceneZone-ANC\data\synth_noise\cls_3\0944.wav,3
D:\VSCodeRepository\SceneZone-ANC\data\synth_noise\cls_3\0945.wav,3
D:\VSCodeRepository\SceneZone-ANC\data\synth_noise\cls_3\0946.wav,3
D:\VSCodeRepository\SceneZone-ANC\data\synth_noise\cls_3\0947.wav,3
D:\VSCodeRepository\SceneZone-ANC\data\synth_noise\cls_3\0948.wav,3
D:\VSCodeRepository\SceneZone-ANC\data\synth_noise\cls_3\0949.wav,3
D:\VSCodeRepository\SceneZone-ANC\data\synth_noise\cls_3\0950.wav,3
D:\VSCodeRepository\SceneZone-ANC\data\synth_noise\cls_3\0951.wav,3
D:\VSCodeRepository\SceneZone-ANC\data\synth_noise\cls_3\0952.wav,3
D:\VSCodeRepository\SceneZone-ANC\data\synth_noise\cls_3\0953.wav,3
D:\VSCodeRepository\SceneZone-ANC\data\synth_noise\cls_3\0954.wav,3
D:\VSCodeRepository\SceneZone-ANC\data\synth_noise\cls_3\0955.wav,3
D:\VSCodeRepository\SceneZone-ANC\data\synth_noise\cls_3\0956.wav,3
D:\VSCodeRepository\SceneZone-ANC\data\synth_noise\cls_3\0957.wav,3
D:\VSCodeRepository\SceneZone-ANC\data\synth_noise\cls_3\0958.wav,3
D:\VSCodeRepository\SceneZone-ANC\data\synth_noise\cls_3\0959.wav,3
D:\VSCodeRepository\SceneZone-ANC\data\synth_noise\cls_3\0960.wav,3
D:\VSCodeRepository\SceneZone-ANC\data\synth_noise\cls_3\0961.wav,3
D:\VSCodeRepository\SceneZone-ANC\data\synth_noise\cls_3\0962.wav,3
D:\VSCodeRepository\SceneZone-ANC\data\synth_noise\cls_3\0963.wav,3
D:\VSCodeRepository\SceneZone-ANC\data\synth_noise\cls_3\0964.wav,3
D:\VSCodeRepository\SceneZone-ANC\data\synth_noise\cls_3\0965.wav,3
D:\VSCodeRepository\SceneZone-ANC\data\synth_noise\cls_3\0966.wav,3
D:\VSCodeRepository\SceneZone-ANC\data\synth_noise\cls_3\0967.wav,3
D:\VSCodeRepository\SceneZone-ANC\data\synth_noise\cls_3\0968.wav,3
D:\VSCodeRepository\SceneZone-ANC\data\synth_noise\cls_3\0969.wav,3
D:\VSCodeRepository\SceneZone-ANC\data\synth_noise\cls_3\0970.wav,3
D:\VSCodeRepository\SceneZone-ANC\data\synth_noise\cls_3\0971.wav,3
D:\VSCodeRepository\SceneZone-ANC\data\synth_noise\cls_3\0972.wav,3
D:\VSCodeRepository\SceneZone-ANC\data\synth_noise\cls_3\0973.wav,3
D:\VSCodeRepository\SceneZone-ANC\data\synth_noise\cls_3\0974.wav,3
D:\VSCodeRepository\SceneZone-ANC\data\synth_noise\cls_3\0975.wav,3
D:\VSCodeRepository\SceneZone-ANC\data\synth_noise\cls_3\0976.wav,3
D:\VSCodeRepository\SceneZone-ANC\data\synth_noise\cls_3\0977.wav,3
D:\VSCodeRepository\SceneZone-ANC\data\synth_noise\cls_3\0978.wav,3
D:\VSCodeRepository\SceneZone-ANC\data\synth_noise\cls_3\0979.wav,3
D:\VSCodeRepository\SceneZone-ANC\data\synth_noise\cls_3\0980.wav,3
D:\VSCodeRepository\SceneZone-ANC\data\synth_noise\cls_3\0981.wav,3
D:\VSCodeRepository\SceneZone-ANC\data\synth_noise\cls_3\0982.wav,3
D:\VSCodeRepository\SceneZone-ANC\data\synth_noise\cls_3\0983.wav,3
D:\VSCodeRepository\SceneZone-ANC\data\synth_noise\cls_3\0984.wav,3
D:\VSCodeRepository\SceneZone-ANC\data\synth_noise\cls_3\0985.wav,3
D:\VSCodeRepository\SceneZone-ANC\data\synth_noise\cls_3\0986.wav,3
D:\VSCodeRepository\SceneZone-ANC\data\synth_noise\cls_3\0987.wav,3
D:\VSCodeRepository\SceneZone-ANC\data\synth_noise\cls_3\0988.wav,3
D:\VSCodeRepository\SceneZone-ANC\data\synth_noise\cls_3\0989.wav,3
D:\VSCodeRepository\SceneZone-ANC\data\synth_noise\cls_3\0990.wav,3
D:\VSCodeRepository\SceneZone-ANC\data\synth_noise\cls_3\0991.wav,3
D:\VSCodeRepository\SceneZone-ANC\data\synth_noise\cls_3\0992.wav,3
D:\VSCodeRepository\SceneZone-ANC\data\synth_noise\cls_3\0993.wav,3
D:\VSCodeRepository\SceneZone-ANC\data\synth_noise\cls_3\0994.wav,3
D:\VSCodeRepository\SceneZone-ANC\data\synth_noise\cls_3\0995.wav,3
D:\VSCodeRepository\SceneZone-ANC\data\synth_noise\cls_3\0996.wav,3
D:\VSCodeRepository\SceneZone-ANC\data\synth_noise\cls_3\0997.wav,3
D:\VSCodeRepository\SceneZone-ANC\data\synth_noise\cls_3\0998.wav,3
D:\VSCodeRepository\SceneZone-ANC\data\synth_noise\cls_3\0999.wav,3
D:\VSCodeRepository\SceneZone-ANC\data\synth_noise\cls_3\1000.wav,3
D:\VSCodeRepository\SceneZone-ANC\data\synth_noise\cls_3\1001.wav,3
D:\VSCodeRepository\SceneZone-ANC\data\synth_noise\cls_3\1002.wav,3
D:\VSCodeRepository\SceneZone-ANC\data\synth_noise\cls_3\1003.wav,3
D:\VSCodeRepository\SceneZone-ANC\data\synth_noise\cls_3\1004.wav,3
D:\VSCodeRepository\SceneZone-ANC\data\synth_noise\cls_3\1005.wav,3
D:\VSCodeRepository\SceneZone-ANC\data\synth_noise\cls_3\1006.wav,3
D:\VSCodeRepository\SceneZone-ANC\data\synth_noise\cls_3\1007.wav,3
D:\VSCodeRepository\SceneZone-ANC\data\synth_noise\cls_3\1008.wav,3
D:\VSCodeRepository\SceneZone-ANC\data\synth_noise\cls_3\1009.wav,3
D:\VSCodeRepository\SceneZone-ANC\data\synth_noise\cls_3\1010.wav,3
D:\VSCodeRepository\SceneZone-ANC\data\synth_noise\cls_3\1011.wav,3
D:\VSCodeRepository\SceneZone-ANC\data\synth_noise\cls_3\1012.wav,3
D:\VSCodeRepository\SceneZone-ANC\data\synth_noise\cls_3\1013.wav,3
D:\VSCodeRepository\SceneZone-ANC\data\synth_noise\cls_3\1014.wav,3
D:\VSCodeRepository\SceneZone-ANC\data\synth_noise\cls_3\1015.wav,3
D:\VSCodeRepository\SceneZone-ANC\data\synth_noise\cls_3\1016.wav,3
D:\VSCodeRepository\SceneZone-ANC\data\synth_noise\cls_3\1017.wav,3
D:\VSCodeRepository\SceneZone-ANC\data\synth_noise\cls_3\1018.wav,3
D:\VSCodeRepository\SceneZone-ANC\data\synth_noise\cls_3\1019.wav,3
D:\VSCodeRepository\SceneZone-ANC\data\synth_noise\cls_3\1020.wav,3
D:\VSCodeRepository\SceneZone-ANC\data\synth_noise\cls_3\1021.wav,3
D:\VSCodeRepository\SceneZone-ANC\data\synth_noise\cls_3\1022.wav,3
D:\VSCodeRepository\SceneZone-ANC\data\synth_noise\cls_3\1023.wav,3
D:\VSCodeRepository\SceneZone-ANC\data\synth_noise\cls_3\1024.wav,3
D:\VSCodeRepository\SceneZone-ANC\data\synth_noise\cls_3\1025.wav,3
D:\VSCodeRepository\SceneZone-ANC\data\synth_noise\cls_3\1026.wav,3
D:\VSCodeRepository\SceneZone-ANC\data\synth_noise\cls_3\1027.wav,3
D:\VSCodeRepository\SceneZone-ANC\data\synth_noise\cls_3\1028.wav,3
D:\VSCodeRepository\SceneZone-ANC\data\synth_noise\cls_3\1029.wav,3
D:\VSCodeRepository\SceneZone-ANC\data\synth_noise\cls_3\1030.wav,3
D:\VSCodeRepository\SceneZone-ANC\data\synth_noise\cls_3\1031.wav,3
D:\VSCodeRepository\SceneZone-ANC\data\synth_noise\cls_3\1032.wav,3
D:\VSCodeRepository\SceneZone-ANC\data\synth_noise\cls_3\1033.wav,3
D:\VSCodeRepository\SceneZone-ANC\data\synth_noise\cls_3\1034.wav,3
D:\VSCodeRepository\SceneZone-ANC\data\synth_noise\cls_3\1035.wav,3
D:\VSCodeRepository\SceneZone-ANC\data\synth_noise\cls_3\1036.wav,3
D:\VSCodeRepository\SceneZone-ANC\data\synth_noise\cls_3\1037.wav,3
D:\VSCodeRepository\SceneZone-ANC\data\synth_noise\cls_3\1038.wav,3
D:\VSCodeRepository\SceneZone-ANC\data\synth_noise\cls_3\1039.wav,3
D:\VSCodeRepository\SceneZone-ANC\data\synth_noise\cls_3\1040.wav,3
D:\VSCodeRepository\SceneZone-ANC\data\synth_noise\cls_3\1041.wav,3
D:\VSCodeRepository\SceneZone-ANC\data\synth_noise\cls_3\1042.wav,3
D:\VSCodeRepository\SceneZone-ANC\data\synth_noise\cls_3\1043.wav,3
D:\VSCodeRepository\SceneZone-ANC\data\synth_noise\cls_3\1044.wav,3
D:\VSCodeRepository\SceneZone-ANC\data\synth_noise\cls_3\1045.wav,3
D:\VSCodeRepository\SceneZone-ANC\data\synth_noise\cls_3\1046.wav,3
D:\VSCodeRepository\SceneZone-ANC\data\synth_noise\cls_3\1047.wav,3
D:\VSCodeRepository\SceneZone-ANC\data\synth_noise\cls_3\1048.wav,3
D:\VSCodeRepository\SceneZone-ANC\data\synth_noise\cls_3\1049.wav,3
D:\VSCodeRepository\SceneZone-ANC\data\synth_noise\cls_3\1050.wav,3
D:\VSCodeRepository\SceneZone-ANC\data\synth_noise\cls_3\1051.wav,3
D:\VSCodeRepository\SceneZone-ANC\data\synth_noise\cls_3\1052.wav,3
D:\VSCodeRepository\SceneZone-ANC\data\synth_noise\cls_3\1053.wav,3
D:\VSCodeRepository\SceneZone-ANC\data\synth_noise\cls_3\1054.wav,3
D:\VSCodeRepository\SceneZone-ANC\data\synth_noise\cls_3\1055.wav,3
D:\VSCodeRepository\SceneZone-ANC\data\synth_noise\cls_3\1056.wav,3
D:\VSCodeRepository\SceneZone-ANC\data\synth_noise\cls_3\1057.wav,3
D:\VSCodeRepository\SceneZone-ANC\data\synth_noise\cls_3\1058.wav,3
D:\VSCodeRepository\SceneZone-ANC\data\synth_noise\cls_3\1059.wav,3
D:\VSCodeRepository\SceneZone-ANC\data\synth_noise\cls_3\1060.wav,3
D:\VSCodeRepository\SceneZone-ANC\data\synth_noise\cls_3\1061.wav,3
D:\VSCodeRepository\SceneZone-ANC\data\synth_noise\cls_3\1062.wav,3
D:\VSCodeRepository\SceneZone-ANC\data\synth_noise\cls_3\1063.wav,3
D:\VSCodeRepository\SceneZone-ANC\data\synth_noise\cls_3\1064.wav,3
D:\VSCodeRepository\SceneZone-ANC\data\synth_noise\cls_3\1065.wav,3
D:\VSCodeRepository\SceneZone-ANC\data\synth_noise\cls_3\1066.wav,3
D:\VSCodeRepository\SceneZone-ANC\data\synth_noise\cls_3\1067.wav,3
D:\VSCodeRepository\SceneZone-ANC\data\synth_noise\cls_3\1068.wav,3
D:\VSCodeRepository\SceneZone-ANC\data\synth_noise\cls_3\1069.wav,3
D:\VSCodeRepository\SceneZone-ANC\data\synth_noise\cls_3\1070.wav,3
D:\VSCodeRepository\SceneZone-ANC\data\synth_noise\cls_3\1071.wav,3
D:\VSCodeRepository\SceneZone-ANC\data\synth_noise\cls_3\1072.wav,3
D:\VSCodeRepository\SceneZone-ANC\data\synth_noise\cls_3\1073.wav,3
D:\VSCodeRepository\SceneZone-ANC\data\synth_noise\cls_3\1074.wav,3
D:\VSCodeRepository\SceneZone-ANC\data\synth_noise\cls_3\1075.wav,3
D:\VSCodeRepository\SceneZone-ANC\data\synth_noise\cls_3\1076.wav,3
D:\VSCodeRepository\SceneZone-ANC\data\synth_noise\cls_3\1077.wav,3
D:\VSCodeRepository\SceneZone-ANC\data\synth_noise\cls_3\1078.wav,3
D:\VSCodeRepository\SceneZone-ANC\data\synth_noise\cls_3\1079.wav,3
D:\VSCodeRepository\SceneZone-ANC\data\synth_noise\cls_3\1080.wav,3
D:\VSCodeRepository\SceneZone-ANC\data\synth_noise\cls_3\1081.wav,3
D:\VSCodeRepository\SceneZone-ANC\data\synth_noise\cls_3\1082.wav,3
D:\VSCodeRepository\SceneZone-ANC\data\synth_noise\cls_3\1083.wav,3
D:\VSCodeRepository\SceneZone-ANC\data\synth_noise\cls_3\1084.wav,3
D:\VSCodeRepository\SceneZone-ANC\data\synth_noise\cls_3\1085.wav,3
D:\VSCodeRepository\SceneZone-ANC\data\synth_noise\cls_3\1086.wav,3
D:\VSCodeRepository\SceneZone-ANC\data\synth_noise\cls_3\1087.wav,3
D:\VSCodeRepository\SceneZone-ANC\data\synth_noise\cls_3\1088.wav,3
D:\VSCodeRepository\SceneZone-ANC\data\synth_noise\cls_3\1089.wav,3
D:\VSCodeRepository\SceneZone-ANC\data\synth_noise\cls_3\1090.wav,3
D:\VSCodeRepository\SceneZone-ANC\data\synth_noise\cls_3\1091.wav,3
D:\VSCodeRepository\SceneZone-ANC\data\synth_noise\cls_3\1092.wav,3
D:\VSCodeRepository\SceneZone-ANC\data\synth_noise\cls_3\1093.wav,3
D:\VSCodeRepository\SceneZone-ANC\data\synth_noise\cls_3\1094.wav,3
D:\VSCodeRepository\SceneZone-ANC\data\synth_noise\cls_3\1095.wav,3
D:\VSCodeRepository\SceneZone-ANC\data\synth_noise\cls_3\1096.wav,3
D:\VSCodeRepository\SceneZone-ANC\data\synth_noise\cls_3\1097.wav,3
D:\VSCodeRepository\SceneZone-ANC\data\synth_noise\cls_3\1098.wav,3
D:\VSCodeRepository\SceneZone-ANC\data\synth_noise\cls_3\1099.wav,3
D:\VSCodeRepository\SceneZone-ANC\data\synth_noise\cls_3\1100.wav,3
D:\VSCodeRepository\SceneZone-ANC\data\synth_noise\cls_3\1101.wav,3
D:\VSCodeRepository\SceneZone-ANC\data\synth_noise\cls_3\1102.wav,3
D:\VSCodeRepository\SceneZone-ANC\data\synth_noise\cls_3\1103.wav,3
D:\VSCodeRepository\SceneZone-ANC\data\synth_noise\cls_3\1104.wav,3
D:\VSCodeRepository\SceneZone-ANC\data\synth_noise\cls_3\1105.wav,3
D:\VSCodeRepository\SceneZone-ANC\data\synth_noise\cls_3\1106.wav,3
D:\VSCodeRepository\SceneZone-ANC\data\synth_noise\cls_3\1107.wav,3
D:\VSCodeRepository\SceneZone-ANC\data\synth_noise\cls_3\1108.wav,3
D:\VSCodeRepository\SceneZone-ANC\data\synth_noise\cls_3\1109.wav,3
D:\VSCodeRepository\SceneZone-ANC\data\synth_noise\cls_3\1110.wav,3
D:\VSCodeRepository\SceneZone-ANC\data\synth_noise\cls_3\1111.wav,3
D:\VSCodeRepository\SceneZone-ANC\data\synth_noise\cls_3\1112.wav,3
D:\VSCodeRepository\SceneZone-ANC\data\synth_noise\cls_3\1113.wav,3
D:\VSCodeRepository\SceneZone-ANC\data\synth_noise\cls_3\1114.wav,3
D:\VSCodeRepository\SceneZone-ANC\data\synth_noise\cls_3\1115.wav,3
D:\VSCodeRepository\SceneZone-ANC\data\synth_noise\cls_3\1116.wav,3
D:\VSCodeRepository\SceneZone-ANC\data\synth_noise\cls_3\1117.wav,3
D:\VSCodeRepository\SceneZone-ANC\data\synth_noise\cls_3\1118.wav,3
D:\VSCodeRepository\SceneZone-ANC\data\synth_noise\cls_3\1119.wav,3
D:\VSCodeRepository\SceneZone-ANC\data\synth_noise\cls_3\1120.wav,3
D:\VSCodeRepository\SceneZone-ANC\data\synth_noise\cls_3\1121.wav,3
D:\VSCodeRepository\SceneZone-ANC\data\synth_noise\cls_3\1122.wav,3
D:\VSCodeRepository\SceneZone-ANC\data\synth_noise\cls_3\1123.wav,3
D:\VSCodeRepository\SceneZone-ANC\data\synth_noise\cls_3\1124.wav,3
D:\VSCodeRepository\SceneZone-ANC\data\synth_noise\cls_3\1125.wav,3
D:\VSCodeRepository\SceneZone-ANC\data\synth_noise\cls_3\1126.wav,3
D:\VSCodeRepository\SceneZone-ANC\data\synth_noise\cls_3\1127.wav,3
D:\VSCodeRepository\SceneZone-ANC\data\synth_noise\cls_3\1128.wav,3
D:\VSCodeRepository\SceneZone-ANC\data\synth_noise\cls_3\1129.wav,3
D:\VSCodeRepository\SceneZone-ANC\data\synth_noise\cls_3\1130.wav,3
D:\VSCodeRepository\SceneZone-ANC\data\synth_noise\cls_3\1131.wav,3
D:\VSCodeRepository\SceneZone-ANC\data\synth_noise\cls_3\1132.wav,3
D:\VSCodeRepository\SceneZone-ANC\data\synth_noise\cls_3\1133.wav,3
D:\VSCodeRepository\SceneZone-ANC\data\synth_noise\cls_3\1134.wav,3
D:\VSCodeRepository\SceneZone-ANC\data\synth_noise\cls_3\1135.wav,3
D:\VSCodeRepository\SceneZone-ANC\data\synth_noise\cls_3\1136.wav,3
D:\VSCodeRepository\SceneZone-ANC\data\synth_noise\cls_3\1137.wav,3
D:\VSCodeRepository\SceneZone-ANC\data\synth_noise\cls_3\1138.wav,3
D:\VSCodeRepository\SceneZone-ANC\data\synth_noise\cls_3\1139.wav,3
D:\VSCodeRepository\SceneZone-ANC\data\synth_noise\cls_3\1140.wav,3
D:\VSCodeRepository\SceneZone-ANC\data\synth_noise\cls_3\1141.wav,3
D:\VSCodeRepository\SceneZone-ANC\data\synth_noise\cls_3\1142.wav,3
D:\VSCodeRepository\SceneZone-ANC\data\synth_noise\cls_3\1143.wav,3
D:\VSCodeRepository\SceneZone-ANC\data\synth_noise\cls_3\1144.wav,3
D:\VSCodeRepository\SceneZone-ANC\data\synth_noise\cls_3\1145.wav,3
D:\VSCodeRepository\SceneZone-ANC\data\synth_noise\cls_3\1146.wav,3
D:\VSCodeRepository\SceneZone-ANC\data\synth_noise\cls_3\1147.wav,3
D:\VSCodeRepository\SceneZone-ANC\data\synth_noise\cls_3\1148.wav,3
D:\VSCodeRepository\SceneZone-ANC\data\synth_noise\cls_3\1149.wav,3
D:\VSCodeRepository\SceneZone-ANC\data\synth_noise\cls_3\1150.wav,3
D:\VSCodeRepository\SceneZone-ANC\data\synth_noise\cls_3\1151.wav,3
D:\VSCodeRepository\SceneZone-ANC\data\synth_noise\cls_3\1152.wav,3
D:\VSCodeRepository\SceneZone-ANC\data\synth_noise\cls_3\1153.wav,3
D:\VSCodeRepository\SceneZone-ANC\data\synth_noise\cls_3\1154.wav,3
D:\VSCodeRepository\SceneZone-ANC\data\synth_noise\cls_3\1155.wav,3
D:\VSCodeRepository\SceneZone-ANC\data\synth_noise\cls_3\1156.wav,3
D:\VSCodeRepository\SceneZone-ANC\data\synth_noise\cls_3\1157.wav,3
D:\VSCodeRepository\SceneZone-ANC\data\synth_noise\cls_3\1158.wav,3
D:\VSCodeRepository\SceneZone-ANC\data\synth_noise\cls_3\1159.wav,3
D:\VSCodeRepository\SceneZone-ANC\data\synth_noise\cls_3\1160.wav,3
D:\VSCodeRepository\SceneZone-ANC\data\synth_noise\cls_3\1161.wav,3
D:\VSCodeRepository\SceneZone-ANC\data\synth_noise\cls_3\1162.wav,3
D:\VSCodeRepository\SceneZone-ANC\data\synth_noise\cls_3\1163.wav,3
D:\VSCodeRepository\SceneZone-ANC\data\synth_noise\cls_3\1164.wav,3
D:\VSCodeRepository\SceneZone-ANC\data\synth_noise\cls_3\1165.wav,3
D:\VSCodeRepository\SceneZone-ANC\data\synth_noise\cls_3\1166.wav,3
D:\VSCodeRepository\SceneZone-ANC\data\synth_noise\cls_3\1167.wav,3
D:\VSCodeRepository\SceneZone-ANC\data\synth_noise\cls_3\1168.wav,3
D:\VSCodeRepository\SceneZone-ANC\data\synth_noise\cls_3\1169.wav,3
D:\VSCodeRepository\SceneZone-ANC\data\synth_noise\cls_3\1170.wav,3
D:\VSCodeRepository\SceneZone-ANC\data\synth_noise\cls_3\1171.wav,3
D:\VSCodeRepository\SceneZone-ANC\data\synth_noise\cls_3\1172.wav,3
D:\VSCodeRepository\SceneZone-ANC\data\synth_noise\cls_3\1173.wav,3
D:\VSCodeRepository\SceneZone-ANC\data\synth_noise\cls_3\1174.wav,3
D:\VSCodeRepository\SceneZone-ANC\data\synth_noise\cls_3\1175.wav,3
D:\VSCodeRepository\SceneZone-ANC\data\synth_noise\cls_3\1176.wav,3
D:\VSCodeRepository\SceneZone-ANC\data\synth_noise\cls_3\1177.wav,3
D:\VSCodeRepository\SceneZone-ANC\data\synth_noise\cls_3\1178.wav,3
D:\VSCodeRepository\SceneZone-ANC\data\synth_noise\cls_3\1179.wav,3
D:\VSCodeRepository\SceneZone-ANC\data\synth_noise\cls_3\1180.wav,3
D:\VSCodeRepository\SceneZone-ANC\data\synth_noise\cls_3\1181.wav,3
D:\VSCodeRepository\SceneZone-ANC\data\synth_noise\cls_3\1182.wav,3
D:\VSCodeRepository\SceneZone-ANC\data\synth_noise\cls_3\1183.wav,3
D:\VSCodeRepository\SceneZone-ANC\data\synth_noise\cls_3\1184.wav,3
D:\VSCodeRepository\SceneZone-ANC\data\synth_noise\cls_3\1185.wav,3
D:\VSCodeRepository\SceneZone-ANC\data\synth_noise\cls_3\1186.wav,3
D:\VSCodeRepository\SceneZone-ANC\data\synth_noise\cls_3\1187.wav,3
D:\VSCodeRepository\SceneZone-ANC\data\synth_noise\cls_3\1188.wav,3
D:\VSCodeRepository\SceneZone-ANC\data\synth_noise\cls_3\1189.wav,3
D:\VSCodeRepository\SceneZone-ANC\data\synth_noise\cls_3\1190.wav,3
D:\VSCodeRepository\SceneZone-ANC\data\synth_noise\cls_3\1191.wav,3
D:\VSCodeRepository\SceneZone-ANC\data\synth_noise\cls_3\1192.wav,3
D:\VSCodeRepository\SceneZone-ANC\data\synth_noise\cls_3\1193.wav,3
D:\VSCodeRepository\SceneZone-ANC\data\synth_noise\cls_3\1194.wav,3
D:\VSCodeRepository\SceneZone-ANC\data\synth_noise\cls_3\1195.wav,3
D:\VSCodeRepository\SceneZone-ANC\data\synth_noise\cls_3\1196.wav,3
D:\VSCodeRepository\SceneZone-ANC\data\synth_noise\cls_3\1197.wav,3
D:\VSCodeRepository\SceneZone-ANC\data\synth_noise\cls_3\1198.wav,3
D:\VSCodeRepository\SceneZone-ANC\data\synth_noise\cls_3\1199.wav,3
D:\VSCodeRepository\SceneZone-ANC\data\synth_noise\cls_3\1200.wav,3
D:\VSCodeRepository\SceneZone-ANC\data\synth_noise\cls_3\1201.wav,3
D:\VSCodeRepository\SceneZone-ANC\data\synth_noise\cls_3\1202.wav,3
D:\VSCodeRepository\SceneZone-ANC\data\synth_noise\cls_3\1203.wav,3
D:\VSCodeRepository\SceneZone-ANC\data\synth_noise\cls_3\1204.wav,3
D:\VSCodeRepository\SceneZone-ANC\data\synth_noise\cls_3\1205.wav,3
D:\VSCodeRepository\SceneZone-ANC\data\synth_noise\cls_3\1206.wav,3
D:\VSCodeRepository\SceneZone-ANC\data\synth_noise\cls_3\1207.wav,3
D:\VSCodeRepository\SceneZone-ANC\data\synth_noise\cls_3\1208.wav,3
D:\VSCodeRepository\SceneZone-ANC\data\synth_noise\cls_3\1209.wav,3
D:\VSCodeRepository\SceneZone-ANC\data\synth_noise\cls_3\1210.wav,3
D:\VSCodeRepository\SceneZone-ANC\data\synth_noise\cls_3\1211.wav,3
D:\VSCodeRepository\SceneZone-ANC\data\synth_noise\cls_3\1212.wav,3
D:\VSCodeRepository\SceneZone-ANC\data\synth_noise\cls_3\1213.wav,3
D:\VSCodeRepository\SceneZone-ANC\data\synth_noise\cls_3\1214.wav,3
D:\VSCodeRepository\SceneZone-ANC\data\synth_noise\cls_3\1215.wav,3
D:\VSCodeRepository\SceneZone-ANC\data\synth_noise\cls_3\1216.wav,3
D:\VSCodeRepository\SceneZone-ANC\data\synth_noise\cls_3\1217.wav,3
D:\VSCodeRepository\SceneZone-ANC\data\synth_noise\cls_3\1218.wav,3
D:\VSCodeRepository\SceneZone-ANC\data\synth_noise\cls_3\1219.wav,3
D:\VSCodeRepository\SceneZone-ANC\data\synth_noise\cls_3\1220.wav,3
D:\VSCodeRepository\SceneZone-ANC\data\synth_noise\cls_3\1221.wav,3
D:\VSCodeRepository\SceneZone-ANC\data\synth_noise\cls_3\1222.wav,3
D:\VSCodeRepository\SceneZone-ANC\data\synth_noise\cls_3\1223.wav,3
D:\VSCodeRepository\SceneZone-ANC\data\synth_noise\cls_3\1224.wav,3
D:\VSCodeRepository\SceneZone-ANC\data\synth_noise\cls_3\1225.wav,3
D:\VSCodeRepository\SceneZone-ANC\data\synth_noise\cls_3\1226.wav,3
D:\VSCodeRepository\SceneZone-ANC\data\synth_noise\cls_3\1227.wav,3
D:\VSCodeRepository\SceneZone-ANC\data\synth_noise\cls_3\1228.wav,3
D:\VSCodeRepository\SceneZone-ANC\data\synth_noise\cls_3\1229.wav,3
D:\VSCodeRepository\SceneZone-ANC\data\synth_noise\cls_3\1230.wav,3
D:\VSCodeRepository\SceneZone-ANC\data\synth_noise\cls_3\1231.wav,3
D:\VSCodeRepository\SceneZone-ANC\data\synth_noise\cls_3\1232.wav,3
D:\VSCodeRepository\SceneZone-ANC\data\synth_noise\cls_3\1233.wav,3
D:\VSCodeRepository\SceneZone-ANC\data\synth_noise\cls_3\1234.wav,3
D:\VSCodeRepository\SceneZone-ANC\data\synth_noise\cls_3\1235.wav,3
D:\VSCodeRepository\SceneZone-ANC\data\synth_noise\cls_3\1236.wav,3
D:\VSCodeRepository\SceneZone-ANC\data\synth_noise\cls_3\1237.wav,3
D:\VSCodeRepository\SceneZone-ANC\data\synth_noise\cls_3\1238.wav,3
D:\VSCodeRepository\SceneZone-ANC\data\synth_noise\cls_3\1239.wav,3
D:\VSCodeRepository\SceneZone-ANC\data\synth_noise\cls_3\1240.wav,3
D:\VSCodeRepository\SceneZone-ANC\data\synth_noise\cls_3\1241.wav,3
D:\VSCodeRepository\SceneZone-ANC\data\synth_noise\cls_3\1242.wav,3
D:\VSCodeRepository\SceneZone-ANC\data\synth_noise\cls_3\1243.wav,3
D:\VSCodeRepository\SceneZone-ANC\data\synth_noise\cls_3\1244.wav,3
D:\VSCodeRepository\SceneZone-ANC\data\synth_noise\cls_3\1245.wav,3
D:\VSCodeRepository\SceneZone-ANC\data\synth_noise\cls_3\1246.wav,3
D:\VSCodeRepository\SceneZone-ANC\data\synth_noise\cls_3\1247.wav,3
D:\VSCodeRepository\SceneZone-ANC\data\synth_noise\cls_3\1248.wav,3
D:\VSCodeRepository\SceneZone-ANC\data\synth_noise\cls_3\1249.wav,3
D:\VSCodeRepository\SceneZone-ANC\data\synth_noise\cls_3\1250.wav,3
D:\VSCodeRepository\SceneZone-ANC\data\synth_noise\cls_3\1251.wav,3
D:\VSCodeRepository\SceneZone-ANC\data\synth_noise\cls_3\1252.wav,3
D:\VSCodeRepository\SceneZone-ANC\data\synth_noise\cls_3\1253.wav,3
D:\VSCodeRepository\SceneZone-ANC\data\synth_noise\cls_3\1254.wav,3
D:\VSCodeRepository\SceneZone-ANC\data\synth_noise\cls_3\1255.wav,3
D:\VSCodeRepository\SceneZone-ANC\data\synth_noise\cls_3\1256.wav,3
D:\VSCodeRepository\SceneZone-ANC\data\synth_noise\cls_3\1257.wav,3
D:\VSCodeRepository\SceneZone-ANC\data\synth_noise\cls_3\1258.wav,3
D:\VSCodeRepository\SceneZone-ANC\data\synth_noise\cls_3\1259.wav,3
D:\VSCodeRepository\SceneZone-ANC\data\synth_noise\cls_3\1260.wav,3
D:\VSCodeRepository\SceneZone-ANC\data\synth_noise\cls_3\1261.wav,3
D:\VSCodeRepository\SceneZone-ANC\data\synth_noise\cls_3\1262.wav,3
D:\VSCodeRepository\SceneZone-ANC\data\synth_noise\cls_3\1263.wav,3
D:\VSCodeRepository\SceneZone-ANC\data\synth_noise\cls_3\1264.wav,3
D:\VSCodeRepository\SceneZone-ANC\data\synth_noise\cls_3\1265.wav,3
D:\VSCodeRepository\SceneZone-ANC\data\synth_noise\cls_3\1266.wav,3
D:\VSCodeRepository\SceneZone-ANC\data\synth_noise\cls_3\1267.wav,3
D:\VSCodeRepository\SceneZone-ANC\data\synth_noise\cls_3\1268.wav,3
D:\VSCodeRepository\SceneZone-ANC\data\synth_noise\cls_3\1269.wav,3
D:\VSCodeRepository\SceneZone-ANC\data\synth_noise\cls_3\1270.wav,3
D:\VSCodeRepository\SceneZone-ANC\data\synth_noise\cls_3\1271.wav,3
D:\VSCodeRepository\SceneZone-ANC\data\synth_noise\cls_3\1272.wav,3
D:\VSCodeRepository\SceneZone-ANC\data\synth_noise\cls_3\1273.wav,3
D:\VSCodeRepository\SceneZone-ANC\data\synth_noise\cls_3\1274.wav,3
D:\VSCodeRepository\SceneZone-ANC\data\synth_noise\cls_3\1275.wav,3
D:\VSCodeRepository\SceneZone-ANC\data\synth_noise\cls_3\1276.wav,3
D:\VSCodeRepository\SceneZone-ANC\data\synth_noise\cls_3\1277.wav,3
D:\VSCodeRepository\SceneZone-ANC\data\synth_noise\cls_3\1278.wav,3
D:\VSCodeRepository\SceneZone-ANC\data\synth_noise\cls_3\1279.wav,3
D:\VSCodeRepository\SceneZone-ANC\data\synth_noise\cls_3\1280.wav,3
D:\VSCodeRepository\SceneZone-ANC\data\synth_noise\cls_3\1281.wav,3
D:\VSCodeRepository\SceneZone-ANC\data\synth_noise\cls_3\1282.wav,3
D:\VSCodeRepository\SceneZone-ANC\data\synth_noise\cls_3\1283.wav,3
D:\VSCodeRepository\SceneZone-ANC\data\synth_noise\cls_3\1284.wav,3
D:\VSCodeRepository\SceneZone-ANC\data\synth_noise\cls_3\1285.wav,3
D:\VSCodeRepository\SceneZone-ANC\data\synth_noise\cls_3\1286.wav,3
D:\VSCodeRepository\SceneZone-ANC\data\synth_noise\cls_3\1287.wav,3
D:\VSCodeRepository\SceneZone-ANC\data\synth_noise\cls_3\1288.wav,3
D:\VSCodeRepository\SceneZone-ANC\data\synth_noise\cls_3\1289.wav,3
D:\VSCodeRepository\SceneZone-ANC\data\synth_noise\cls_3\1290.wav,3
D:\VSCodeRepository\SceneZone-ANC\data\synth_noise\cls_3\1291.wav,3
D:\VSCodeRepository\SceneZone-ANC\data\synth_noise\cls_3\1292.wav,3
D:\VSCodeRepository\SceneZone-ANC\data\synth_noise\cls_3\1293.wav,3
D:\VSCodeRepository\SceneZone-ANC\data\synth_noise\cls_3\1294.wav,3
D:\VSCodeRepository\SceneZone-ANC\data\synth_noise\cls_3\1295.wav,3
D:\VSCodeRepository\SceneZone-ANC\data\synth_noise\cls_3\1296.wav,3
D:\VSCodeRepository\SceneZone-ANC\data\synth_noise\cls_3\1297.wav,3
D:\VSCodeRepository\SceneZone-ANC\data\synth_noise\cls_3\1298.wav,3
D:\VSCodeRepository\SceneZone-ANC\data\synth_noise\cls_3\1299.wav,3
D:\VSCodeRepository\SceneZone-ANC\data\synth_noise\cls_3\1300.wav,3
D:\VSCodeRepository\SceneZone-ANC\data\synth_noise\cls_3\1301.wav,3
D:\VSCodeRepository\SceneZone-ANC\data\synth_noise\cls_3\1302.wav,3
D:\VSCodeRepository\SceneZone-ANC\data\synth_noise\cls_3\1303.wav,3
D:\VSCodeRepository\SceneZone-ANC\data\synth_noise\cls_3\1304.wav,3
D:\VSCodeRepository\SceneZone-ANC\data\synth_noise\cls_3\1305.wav,3
D:\VSCodeRepository\SceneZone-ANC\data\synth_noise\cls_3\1306.wav,3
D:\VSCodeRepository\SceneZone-ANC\data\synth_noise\cls_3\1307.wav,3
D:\VSCodeRepository\SceneZone-ANC\data\synth_noise\cls_3\1308.wav,3
D:\VSCodeRepository\SceneZone-ANC\data\synth_noise\cls_3\1309.wav,3
D:\VSCodeRepository\SceneZone-ANC\data\synth_noise\cls_3\1310.wav,3
D:\VSCodeRepository\SceneZone-ANC\data\synth_noise\cls_3\1311.wav,3
D:\VSCodeRepository\SceneZone-ANC\data\synth_noise\cls_3\1312.wav,3
D:\VSCodeRepository\SceneZone-ANC\data\synth_noise\cls_3\1313.wav,3
D:\VSCodeRepository\SceneZone-ANC\data\synth_noise\cls_3\1314.wav,3
D:\VSCodeRepository\SceneZone-ANC\data\synth_noise\cls_3\1315.wav,3
D:\VSCodeRepository\SceneZone-ANC\data\synth_noise\cls_3\1316.wav,3
D:\VSCodeRepository\SceneZone-ANC\data\synth_noise\cls_3\1317.wav,3
D:\VSCodeRepository\SceneZone-ANC\data\synth_noise\cls_3\1318.wav,3
D:\VSCodeRepository\SceneZone-ANC\data\synth_noise\cls_3\1319.wav,3
D:\VSCodeRepository\SceneZone-ANC\data\synth_noise\cls_3\1320.wav,3
D:\VSCodeRepository\SceneZone-ANC\data\synth_noise\cls_3\1321.wav,3
D:\VSCodeRepository\SceneZone-ANC\data\synth_noise\cls_3\1322.wav,3
D:\VSCodeRepository\SceneZone-ANC\data\synth_noise\cls_3\1323.wav,3
D:\VSCodeRepository\SceneZone-ANC\data\synth_noise\cls_3\1324.wav,3
D:\VSCodeRepository\SceneZone-ANC\data\synth_noise\cls_3\1325.wav,3
D:\VSCodeRepository\SceneZone-ANC\data\synth_noise\cls_3\1326.wav,3
D:\VSCodeRepository\SceneZone-ANC\data\synth_noise\cls_3\1327.wav,3
D:\VSCodeRepository\SceneZone-ANC\data\synth_noise\cls_3\1328.wav,3
D:\VSCodeRepository\SceneZone-ANC\data\synth_noise\cls_3\1329.wav,3
D:\VSCodeRepository\SceneZone-ANC\data\synth_noise\cls_3\1330.wav,3
D:\VSCodeRepository\SceneZone-ANC\data\synth_noise\cls_3\1331.wav,3
D:\VSCodeRepository\SceneZone-ANC\data\synth_noise\cls_3\1332.wav,3
D:\VSCodeRepository\SceneZone-ANC\data\synth_noise\cls_3\1333.wav,3
D:\VSCodeRepository\SceneZone-ANC\data\synth_noise\cls_3\1334.wav,3
D:\VSCodeRepository\SceneZone-ANC\data\synth_noise\cls_3\1335.wav,3
D:\VSCodeRepository\SceneZone-ANC\data\synth_noise\cls_3\1336.wav,3
D:\VSCodeRepository\SceneZone-ANC\data\synth_noise\cls_3\1337.wav,3
D:\VSCodeRepository\SceneZone-ANC\data\synth_noise\cls_3\1338.wav,3
D:\VSCodeRepository\SceneZone-ANC\data\synth_noise\cls_3\1339.wav,3
D:\VSCodeRepository\SceneZone-ANC\data\synth_noise\cls_3\1340.wav,3
D:\VSCodeRepository\SceneZone-ANC\data\synth_noise\cls_3\1341.wav,3
D:\VSCodeRepository\SceneZone-ANC\data\synth_noise\cls_3\1342.wav,3
D:\VSCodeRepository\SceneZone-ANC\data\synth_noise\cls_3\1343.wav,3
D:\VSCodeRepository\SceneZone-ANC\data\synth_noise\cls_3\1344.wav,3
D:\VSCodeRepository\SceneZone-ANC\data\synth_noise\cls_3\1345.wav,3
D:\VSCodeRepository\SceneZone-ANC\data\synth_noise\cls_3\1346.wav,3
D:\VSCodeRepository\SceneZone-ANC\data\synth_noise\cls_3\1347.wav,3
D:\VSCodeRepository\SceneZone-ANC\data\synth_noise\cls_3\1348.wav,3
D:\VSCodeRepository\SceneZone-ANC\data\synth_noise\cls_3\1349.wav,3
D:\VSCodeRepository\SceneZone-ANC\data\synth_noise\cls_3\1350.wav,3
D:\VSCodeRepository\SceneZone-ANC\data\synth_noise\cls_3\1351.wav,3
D:\VSCodeRepository\SceneZone-ANC\data\synth_noise\cls_3\1352.wav,3
D:\VSCodeRepository\SceneZone-ANC\data\synth_noise\cls_3\1353.wav,3
D:\VSCodeRepository\SceneZone-ANC\data\synth_noise\cls_3\1354.wav,3
D:\VSCodeRepository\SceneZone-ANC\data\synth_noise\cls_3\1355.wav,3
D:\VSCodeRepository\SceneZone-ANC\data\synth_noise\cls_3\1356.wav,3
D:\VSCodeRepository\SceneZone-ANC\data\synth_noise\cls_3\1357.wav,3
D:\VSCodeRepository\SceneZone-ANC\data\synth_noise\cls_3\1358.wav,3
D:\VSCodeRepository\SceneZone-ANC\data\synth_noise\cls_3\1359.wav,3
D:\VSCodeRepository\SceneZone-ANC\data\synth_noise\cls_3\1360.wav,3
D:\VSCodeRepository\SceneZone-ANC\data\synth_noise\cls_3\1361.wav,3
D:\VSCodeRepository\SceneZone-ANC\data\synth_noise\cls_3\1362.wav,3
D:\VSCodeRepository\SceneZone-ANC\data\synth_noise\cls_3\1363.wav,3
D:\VSCodeRepository\SceneZone-ANC\data\synth_noise\cls_3\1364.wav,3
D:\VSCodeRepository\SceneZone-ANC\data\synth_noise\cls_3\1365.wav,3
D:\VSCodeRepository\SceneZone-ANC\data\synth_noise\cls_3\1366.wav,3
D:\VSCodeRepository\SceneZone-ANC\data\synth_noise\cls_3\1367.wav,3
D:\VSCodeRepository\SceneZone-ANC\data\synth_noise\cls_3\1368.wav,3
D:\VSCodeRepository\SceneZone-ANC\data\synth_noise\cls_3\1369.wav,3
D:\VSCodeRepository\SceneZone-ANC\data\synth_noise\cls_3\1370.wav,3
D:\VSCodeRepository\SceneZone-ANC\data\synth_noise\cls_3\1371.wav,3
D:\VSCodeRepository\SceneZone-ANC\data\synth_noise\cls_3\1372.wav,3
D:\VSCodeRepository\SceneZone-ANC\data\synth_noise\cls_3\1373.wav,3
D:\VSCodeRepository\SceneZone-ANC\data\synth_noise\cls_3\1374.wav,3
D:\VSCodeRepository\SceneZone-ANC\data\synth_noise\cls_3\1375.wav,3
D:\VSCodeRepository\SceneZone-ANC\data\synth_noise\cls_3\1376.wav,3
D:\VSCodeRepository\SceneZone-ANC\data\synth_noise\cls_3\1377.wav,3
D:\VSCodeRepository\SceneZone-ANC\data\synth_noise\cls_3\1378.wav,3
D:\VSCodeRepository\SceneZone-ANC\data\synth_noise\cls_3\1379.wav,3
D:\VSCodeRepository\SceneZone-ANC\data\synth_noise\cls_3\1380.wav,3
D:\VSCodeRepository\SceneZone-ANC\data\synth_noise\cls_3\1381.wav,3
D:\VSCodeRepository\SceneZone-ANC\data\synth_noise\cls_3\1382.wav,3
D:\VSCodeRepository\SceneZone-ANC\data\synth_noise\cls_3\1383.wav,3
D:\VSCodeRepository\SceneZone-ANC\data\synth_noise\cls_3\1384.wav,3
D:\VSCodeRepository\SceneZone-ANC\data\synth_noise\cls_3\1385.wav,3
D:\VSCodeRepository\SceneZone-ANC\data\synth_noise\cls_3\1386.wav,3
D:\VSCodeRepository\SceneZone-ANC\data\synth_noise\cls_3\1387.wav,3
D:\VSCodeRepository\SceneZone-ANC\data\synth_noise\cls_3\1388.wav,3
D:\VSCodeRepository\SceneZone-ANC\data\synth_noise\cls_3\1389.wav,3
D:\VSCodeRepository\SceneZone-ANC\data\synth_noise\cls_3\1390.wav,3
D:\VSCodeRepository\SceneZone-ANC\data\synth_noise\cls_3\1391.wav,3
D:\VSCodeRepository\SceneZone-ANC\data\synth_noise\cls_3\1392.wav,3
D:\VSCodeRepository\SceneZone-ANC\data\synth_noise\cls_3\1393.wav,3
D:\VSCodeRepository\SceneZone-ANC\data\synth_noise\cls_3\1394.wav,3
D:\VSCodeRepository\SceneZone-ANC\data\synth_noise\cls_3\1395.wav,3
D:\VSCodeRepository\SceneZone-ANC\data\synth_noise\cls_3\1396.wav,3
D:\VSCodeRepository\SceneZone-ANC\data\synth_noise\cls_3\1397.wav,3
D:\VSCodeRepository\SceneZone-ANC\data\synth_noise\cls_3\1398.wav,3
D:\VSCodeRepository\SceneZone-ANC\data\synth_noise\cls_3\1399.wav,3
D:\VSCodeRepository\SceneZone-ANC\data\synth_noise\cls_3\1400.wav,3
D:\VSCodeRepository\SceneZone-ANC\data\synth_noise\cls_3\1401.wav,3
D:\VSCodeRepository\SceneZone-ANC\data\synth_noise\cls_3\1402.wav,3
D:\VSCodeRepository\SceneZone-ANC\data\synth_noise\cls_3\1403.wav,3
D:\VSCodeRepository\SceneZone-ANC\data\synth_noise\cls_3\1404.wav,3
D:\VSCodeRepository\SceneZone-ANC\data\synth_noise\cls_3\1405.wav,3
D:\VSCodeRepository\SceneZone-ANC\data\synth_noise\cls_3\1406.wav,3
D:\VSCodeRepository\SceneZone-ANC\data\synth_noise\cls_3\1407.wav,3
D:\VSCodeRepository\SceneZone-ANC\data\synth_noise\cls_3\1408.wav,3
D:\VSCodeRepository\SceneZone-ANC\data\synth_noise\cls_3\1409.wav,3
D:\VSCodeRepository\SceneZone-ANC\data\synth_noise\cls_3\1410.wav,3
D:\VSCodeRepository\SceneZone-ANC\data\synth_noise\cls_3\1411.wav,3
D:\VSCodeRepository\SceneZone-ANC\data\synth_noise\cls_3\1412.wav,3
D:\VSCodeRepository\SceneZone-ANC\data\synth_noise\cls_3\1413.wav,3
D:\VSCodeRepository\SceneZone-ANC\data\synth_noise\cls_3\1414.wav,3
D:\VSCodeRepository\SceneZone-ANC\data\synth_noise\cls_3\1415.wav,3
D:\VSCodeRepository\SceneZone-ANC\data\synth_noise\cls_3\1416.wav,3
D:\VSCodeRepository\SceneZone-ANC\data\synth_noise\cls_3\1417.wav,3
D:\VSCodeRepository\SceneZone-ANC\data\synth_noise\cls_3\1418.wav,3
D:\VSCodeRepository\SceneZone-ANC\data\synth_noise\cls_3\1419.wav,3
D:\VSCodeRepository\SceneZone-ANC\data\synth_noise\cls_3\1420.wav,3
D:\VSCodeRepository\SceneZone-ANC\data\synth_noise\cls_3\1421.wav,3
D:\VSCodeRepository\SceneZone-ANC\data\synth_noise\cls_3\1422.wav,3
D:\VSCodeRepository\SceneZone-ANC\data\synth_noise\cls_3\1423.wav,3
D:\VSCodeRepository\SceneZone-ANC\data\synth_noise\cls_3\1424.wav,3
D:\VSCodeRepository\SceneZone-ANC\data\synth_noise\cls_3\1425.wav,3
D:\VSCodeRepository\SceneZone-ANC\data\synth_noise\cls_3\1426.wav,3
D:\VSCodeRepository\SceneZone-ANC\data\synth_noise\cls_3\1427.wav,3
D:\VSCodeRepository\SceneZone-ANC\data\synth_noise\cls_3\1428.wav,3
D:\VSCodeRepository\SceneZone-ANC\data\synth_noise\cls_3\1429.wav,3
D:\VSCodeRepository\SceneZone-ANC\data\synth_noise\cls_3\1430.wav,3
D:\VSCodeRepository\SceneZone-ANC\data\synth_noise\cls_3\1431.wav,3
D:\VSCodeRepository\SceneZone-ANC\data\synth_noise\cls_3\1432.wav,3
D:\VSCodeRepository\SceneZone-ANC\data\synth_noise\cls_3\1433.wav,3
D:\VSCodeRepository\SceneZone-ANC\data\synth_noise\cls_3\1434.wav,3
D:\VSCodeRepository\SceneZone-ANC\data\synth_noise\cls_3\1435.wav,3
D:\VSCodeRepository\SceneZone-ANC\data\synth_noise\cls_3\1436.wav,3
D:\VSCodeRepository\SceneZone-ANC\data\synth_noise\cls_3\1437.wav,3
D:\VSCodeRepository\SceneZone-ANC\data\synth_noise\cls_3\1438.wav,3
D:\VSCodeRepository\SceneZone-ANC\data\synth_noise\cls_3\1439.wav,3
D:\VSCodeRepository\SceneZone-ANC\data\synth_noise\cls_3\1440.wav,3
D:\VSCodeRepository\SceneZone-ANC\data\synth_noise\cls_3\1441.wav,3
D:\VSCodeRepository\SceneZone-ANC\data\synth_noise\cls_3\1442.wav,3
D:\VSCodeRepository\SceneZone-ANC\data\synth_noise\cls_3\1443.wav,3
D:\VSCodeRepository\SceneZone-ANC\data\synth_noise\cls_3\1444.wav,3
D:\VSCodeRepository\SceneZone-ANC\data\synth_noise\cls_3\1445.wav,3
D:\VSCodeRepository\SceneZone-ANC\data\synth_noise\cls_3\1446.wav,3
D:\VSCodeRepository\SceneZone-ANC\data\synth_noise\cls_3\1447.wav,3
D:\VSCodeRepository\SceneZone-ANC\data\synth_noise\cls_3\1448.wav,3
D:\VSCodeRepository\SceneZone-ANC\data\synth_noise\cls_3\1449.wav,3
D:\VSCodeRepository\SceneZone-ANC\data\synth_noise\cls_3\1450.wav,3
D:\VSCodeRepository\SceneZone-ANC\data\synth_noise\cls_3\1451.wav,3
D:\VSCodeRepository\SceneZone-ANC\data\synth_noise\cls_3\1452.wav,3
D:\VSCodeRepository\SceneZone-ANC\data\synth_noise\cls_3\1453.wav,3
D:\VSCodeRepository\SceneZone-ANC\data\synth_noise\cls_3\1454.wav,3
D:\VSCodeRepository\SceneZone-ANC\data\synth_noise\cls_3\1455.wav,3
D:\VSCodeRepository\SceneZone-ANC\data\synth_noise\cls_3\1456.wav,3
D:\VSCodeRepository\SceneZone-ANC\data\synth_noise\cls_3\1457.wav,3
D:\VSCodeRepository\SceneZone-ANC\data\synth_noise\cls_3\1458.wav,3
D:\VSCodeRepository\SceneZone-ANC\data\synth_noise\cls_3\1459.wav,3
D:\VSCodeRepository\SceneZone-ANC\data\synth_noise\cls_3\1460.wav,3
D:\VSCodeRepository\SceneZone-ANC\data\synth_noise\cls_3\1461.wav,3
D:\VSCodeRepository\SceneZone-ANC\data\synth_noise\cls_3\1462.wav,3
D:\VSCodeRepository\SceneZone-ANC\data\synth_noise\cls_3\1463.wav,3
D:\VSCodeRepository\SceneZone-ANC\data\synth_noise\cls_3\1464.wav,3
D:\VSCodeRepository\SceneZone-ANC\data\synth_noise\cls_3\1465.wav,3
D:\VSCodeRepository\SceneZone-ANC\data\synth_noise\cls_3\1466.wav,3
D:\VSCodeRepository\SceneZone-ANC\data\synth_noise\cls_3\1467.wav,3
D:\VSCodeRepository\SceneZone-ANC\data\synth_noise\cls_3\1468.wav,3
D:\VSCodeRepository\SceneZone-ANC\data\synth_noise\cls_3\1469.wav,3
D:\VSCodeRepository\SceneZone-ANC\data\synth_noise\cls_3\1470.wav,3
D:\VSCodeRepository\SceneZone-ANC\data\synth_noise\cls_3\1471.wav,3
D:\VSCodeRepository\SceneZone-ANC\data\synth_noise\cls_3\1472.wav,3
D:\VSCodeRepository\SceneZone-ANC\data\synth_noise\cls_3\1473.wav,3
D:\VSCodeRepository\SceneZone-ANC\data\synth_noise\cls_3\1474.wav,3
D:\VSCodeRepository\SceneZone-ANC\data\synth_noise\cls_3\1475.wav,3
D:\VSCodeRepository\SceneZone-ANC\data\synth_noise\cls_3\1476.wav,3
D:\VSCodeRepository\SceneZone-ANC\data\synth_noise\cls_3\1477.wav,3
D:\VSCodeRepository\SceneZone-ANC\data\synth_noise\cls_3\1478.wav,3
D:\VSCodeRepository\SceneZone-ANC\data\synth_noise\cls_3\1479.wav,3
D:\VSCodeRepository\SceneZone-ANC\data\synth_noise\cls_3\1480.wav,3
D:\VSCodeRepository\SceneZone-ANC\data\synth_noise\cls_3\1481.wav,3
D:\VSCodeRepository\SceneZone-ANC\data\synth_noise\cls_3\1482.wav,3
D:\VSCodeRepository\SceneZone-ANC\data\synth_noise\cls_3\1483.wav,3
D:\VSCodeRepository\SceneZone-ANC\data\synth_noise\cls_3\1484.wav,3
D:\VSCodeRepository\SceneZone-ANC\data\synth_noise\cls_3\1485.wav,3
D:\VSCodeRepository\SceneZone-ANC\data\synth_noise\cls_3\1486.wav,3
D:\VSCodeRepository\SceneZone-ANC\data\synth_noise\cls_3\1487.wav,3
D:\VSCodeRepository\SceneZone-ANC\data\synth_noise\cls_3\1488.wav,3
D:\VSCodeRepository\SceneZone-ANC\data\synth_noise\cls_3\1489.wav,3
D:\VSCodeRepository\SceneZone-ANC\data\synth_noise\cls_3\1490.wav,3
D:\VSCodeRepository\SceneZone-ANC\data\synth_noise\cls_3\1491.wav,3
D:\VSCodeRepository\SceneZone-ANC\data\synth_noise\cls_3\1492.wav,3
D:\VSCodeRepository\SceneZone-ANC\data\synth_noise\cls_3\1493.wav,3
D:\VSCodeRepository\SceneZone-ANC\data\synth_noise\cls_3\1494.wav,3
D:\VSCodeRepository\SceneZone-ANC\data\synth_noise\cls_3\1495.wav,3
D:\VSCodeRepository\SceneZone-ANC\data\synth_noise\cls_3\1496.wav,3
D:\VSCodeRepository\SceneZone-ANC\data\synth_noise\cls_3\1497.wav,3
D:\VSCodeRepository\SceneZone-ANC\data\synth_noise\cls_3\1498.wav,3
D:\VSCodeRepository\SceneZone-ANC\data\synth_noise\cls_3\1499.wav,3
D:\VSCodeRepository\SceneZone-ANC\data\synth_noise\cls_3\1500.wav,3
D:\VSCodeRepository\SceneZone-ANC\data\synth_noise\cls_3\1501.wav,3
D:\VSCodeRepository\SceneZone-ANC\data\synth_noise\cls_3\1502.wav,3
D:\VSCodeRepository\SceneZone-ANC\data\synth_noise\cls_3\1503.wav,3
D:\VSCodeRepository\SceneZone-ANC\data\synth_noise\cls_3\1504.wav,3
D:\VSCodeRepository\SceneZone-ANC\data\synth_noise\cls_3\1505.wav,3
D:\VSCodeRepository\SceneZone-ANC\data\synth_noise\cls_3\1506.wav,3
D:\VSCodeRepository\SceneZone-ANC\data\synth_noise\cls_3\1507.wav,3
D:\VSCodeRepository\SceneZone-ANC\data\synth_noise\cls_3\1508.wav,3
D:\VSCodeRepository\SceneZone-ANC\data\synth_noise\cls_3\1509.wav,3
D:\VSCodeRepository\SceneZone-ANC\data\synth_noise\cls_3\1510.wav,3
D:\VSCodeRepository\SceneZone-ANC\data\synth_noise\cls_3\1511.wav,3
D:\VSCodeRepository\SceneZone-ANC\data\synth_noise\cls_3\1512.wav,3
D:\VSCodeRepository\SceneZone-ANC\data\synth_noise\cls_3\1513.wav,3
D:\VSCodeRepository\SceneZone-ANC\data\synth_noise\cls_3\1514.wav,3
D:\VSCodeRepository\SceneZone-ANC\data\synth_noise\cls_3\1515.wav,3
D:\VSCodeRepository\SceneZone-ANC\data\synth_noise\cls_3\1516.wav,3
D:\VSCodeRepository\SceneZone-ANC\data\synth_noise\cls_3\1517.wav,3
D:\VSCodeRepository\SceneZone-ANC\data\synth_noise\cls_3\1518.wav,3
D:\VSCodeRepository\SceneZone-ANC\data\synth_noise\cls_3\1519.wav,3
D:\VSCodeRepository\SceneZone-ANC\data\synth_noise\cls_3\1520.wav,3
D:\VSCodeRepository\SceneZone-ANC\data\synth_noise\cls_3\1521.wav,3
D:\VSCodeRepository\SceneZone-ANC\data\synth_noise\cls_3\1522.wav,3
D:\VSCodeRepository\SceneZone-ANC\data\synth_noise\cls_3\1523.wav,3
D:\VSCodeRepository\SceneZone-ANC\data\synth_noise\cls_3\1524.wav,3
D:\VSCodeRepository\SceneZone-ANC\data\synth_noise\cls_3\1525.wav,3
D:\VSCodeRepository\SceneZone-ANC\data\synth_noise\cls_3\1526.wav,3
D:\VSCodeRepository\SceneZone-ANC\data\synth_noise\cls_3\1527.wav,3
D:\VSCodeRepository\SceneZone-ANC\data\synth_noise\cls_3\1528.wav,3
D:\VSCodeRepository\SceneZone-ANC\data\synth_noise\cls_3\1529.wav,3
D:\VSCodeRepository\SceneZone-ANC\data\synth_noise\cls_3\1530.wav,3
D:\VSCodeRepository\SceneZone-ANC\data\synth_noise\cls_3\1531.wav,3
D:\VSCodeRepository\SceneZone-ANC\data\synth_noise\cls_3\1532.wav,3
D:\VSCodeRepository\SceneZone-ANC\data\synth_noise\cls_3\1533.wav,3
D:\VSCodeRepository\SceneZone-ANC\data\synth_noise\cls_3\1534.wav,3
D:\VSCodeRepository\SceneZone-ANC\data\synth_noise\cls_3\1535.wav,3
D:\VSCodeRepository\SceneZone-ANC\data\synth_noise\cls_3\1536.wav,3
D:\VSCodeRepository\SceneZone-ANC\data\synth_noise\cls_3\1537.wav,3
D:\VSCodeRepository\SceneZone-ANC\data\synth_noise\cls_3\1538.wav,3
D:\VSCodeRepository\SceneZone-ANC\data\synth_noise\cls_3\1539.wav,3
D:\VSCodeRepository\SceneZone-ANC\data\synth_noise\cls_3\1540.wav,3
D:\VSCodeRepository\SceneZone-ANC\data\synth_noise\cls_3\1541.wav,3
D:\VSCodeRepository\SceneZone-ANC\data\synth_noise\cls_3\1542.wav,3
D:\VSCodeRepository\SceneZone-ANC\data\synth_noise\cls_3\1543.wav,3
D:\VSCodeRepository\SceneZone-ANC\data\synth_noise\cls_3\1544.wav,3
D:\VSCodeRepository\SceneZone-ANC\data\synth_noise\cls_3\1545.wav,3
D:\VSCodeRepository\SceneZone-ANC\data\synth_noise\cls_3\1546.wav,3
D:\VSCodeRepository\SceneZone-ANC\data\synth_noise\cls_3\1547.wav,3
D:\VSCodeRepository\SceneZone-ANC\data\synth_noise\cls_3\1548.wav,3
D:\VSCodeRepository\SceneZone-ANC\data\synth_noise\cls_3\1549.wav,3
D:\VSCodeRepository\SceneZone-ANC\data\synth_noise\cls_3\1550.wav,3
D:\VSCodeRepository\SceneZone-ANC\data\synth_noise\cls_3\1551.wav,3
D:\VSCodeRepository\SceneZone-ANC\data\synth_noise\cls_3\1552.wav,3
D:\VSCodeRepository\SceneZone-ANC\data\synth_noise\cls_3\1553.wav,3
D:\VSCodeRepository\SceneZone-ANC\data\synth_noise\cls_3\1554.wav,3
D:\VSCodeRepository\SceneZone-ANC\data\synth_noise\cls_3\1555.wav,3
D:\VSCodeRepository\SceneZone-ANC\data\synth_noise\cls_3\1556.wav,3
D:\VSCodeRepository\SceneZone-ANC\data\synth_noise\cls_3\1557.wav,3
D:\VSCodeRepository\SceneZone-ANC\data\synth_noise\cls_3\1558.wav,3
D:\VSCodeRepository\SceneZone-ANC\data\synth_noise\cls_3\1559.wav,3
D:\VSCodeRepository\SceneZone-ANC\data\synth_noise\cls_3\1560.wav,3
D:\VSCodeRepository\SceneZone-ANC\data\synth_noise\cls_3\1561.wav,3
D:\VSCodeRepository\SceneZone-ANC\data\synth_noise\cls_3\1562.wav,3
D:\VSCodeRepository\SceneZone-ANC\data\synth_noise\cls_3\1563.wav,3
D:\VSCodeRepository\SceneZone-ANC\data\synth_noise\cls_3\1564.wav,3
D:\VSCodeRepository\SceneZone-ANC\data\synth_noise\cls_3\1565.wav,3
D:\VSCodeRepository\SceneZone-ANC\data\synth_noise\cls_3\1566.wav,3
D:\VSCodeRepository\SceneZone-ANC\data\synth_noise\cls_3\1567.wav,3
D:\VSCodeRepository\SceneZone-ANC\data\synth_noise\cls_3\1568.wav,3
D:\VSCodeRepository\SceneZone-ANC\data\synth_noise\cls_3\1569.wav,3
D:\VSCodeRepository\SceneZone-ANC\data\synth_noise\cls_3\1570.wav,3
D:\VSCodeRepository\SceneZone-ANC\data\synth_noise\cls_3\1571.wav,3
D:\VSCodeRepository\SceneZone-ANC\data\synth_noise\cls_3\1572.wav,3
D:\VSCodeRepository\SceneZone-ANC\data\synth_noise\cls_3\1573.wav,3
D:\VSCodeRepository\SceneZone-ANC\data\synth_noise\cls_3\1574.wav,3
D:\VSCodeRepository\SceneZone-ANC\data\synth_noise\cls_3\1575.wav,3
D:\VSCodeRepository\SceneZone-ANC\data\synth_noise\cls_3\1576.wav,3
D:\VSCodeRepository\SceneZone-ANC\data\synth_noise\cls_3\1577.wav,3
D:\VSCodeRepository\SceneZone-ANC\data\synth_noise\cls_3\1578.wav,3
D:\VSCodeRepository\SceneZone-ANC\data\synth_noise\cls_3\1579.wav,3
D:\VSCodeRepository\SceneZone-ANC\data\synth_noise\cls_3\1580.wav,3
D:\VSCodeRepository\SceneZone-ANC\data\synth_noise\cls_3\1581.wav,3
D:\VSCodeRepository\SceneZone-ANC\data\synth_noise\cls_3\1582.wav,3
D:\VSCodeRepository\SceneZone-ANC\data\synth_noise\cls_3\1583.wav,3
D:\VSCodeRepository\SceneZone-ANC\data\synth_noise\cls_3\1584.wav,3
D:\VSCodeRepository\SceneZone-ANC\data\synth_noise\cls_3\1585.wav,3
D:\VSCodeRepository\SceneZone-ANC\data\synth_noise\cls_3\1586.wav,3
D:\VSCodeRepository\SceneZone-ANC\data\synth_noise\cls_3\1587.wav,3
D:\VSCodeRepository\SceneZone-ANC\data\synth_noise\cls_3\1588.wav,3
D:\VSCodeRepository\SceneZone-ANC\data\synth_noise\cls_3\1589.wav,3
D:\VSCodeRepository\SceneZone-ANC\data\synth_noise\cls_3\1590.wav,3
D:\VSCodeRepository\SceneZone-ANC\data\synth_noise\cls_3\1591.wav,3
D:\VSCodeRepository\SceneZone-ANC\data\synth_noise\cls_3\1592.wav,3
D:\VSCodeRepository\SceneZone-ANC\data\synth_noise\cls_3\1593.wav,3
D:\VSCodeRepository\SceneZone-ANC\data\synth_noise\cls_3\1594.wav,3
D:\VSCodeRepository\SceneZone-ANC\data\synth_noise\cls_3\1595.wav,3
D:\VSCodeRepository\SceneZone-ANC\data\synth_noise\cls_3\1596.wav,3
D:\VSCodeRepository\SceneZone-ANC\data\synth_noise\cls_3\1597.wav,3
D:\VSCodeRepository\SceneZone-ANC\data\synth_noise\cls_3\1598.wav,3
D:\VSCodeRepository\SceneZone-ANC\data\synth_noise\cls_3\1599.wav,3
D:\VSCodeRepository\SceneZone-ANC\data\synth_noise\cls_3\1600.wav,3
D:\VSCodeRepository\SceneZone-ANC\data\synth_noise\cls_3\1601.wav,3
D:\VSCodeRepository\SceneZone-ANC\data\synth_noise\cls_3\1602.wav,3
D:\VSCodeRepository\SceneZone-ANC\data\synth_noise\cls_3\1603.wav,3
D:\VSCodeRepository\SceneZone-ANC\data\synth_noise\cls_3\1604.wav,3
D:\VSCodeRepository\SceneZone-ANC\data\synth_noise\cls_3\1605.wav,3
D:\VSCodeRepository\SceneZone-ANC\data\synth_noise\cls_3\1606.wav,3
D:\VSCodeRepository\SceneZone-ANC\data\synth_noise\cls_3\1607.wav,3
D:\VSCodeRepository\SceneZone-ANC\data\synth_noise\cls_3\1608.wav,3
D:\VSCodeRepository\SceneZone-ANC\data\synth_noise\cls_3\1609.wav,3
D:\VSCodeRepository\SceneZone-ANC\data\synth_noise\cls_3\1610.wav,3
D:\VSCodeRepository\SceneZone-ANC\data\synth_noise\cls_3\1611.wav,3
D:\VSCodeRepository\SceneZone-ANC\data\synth_noise\cls_3\1612.wav,3
D:\VSCodeRepository\SceneZone-ANC\data\synth_noise\cls_3\1613.wav,3
D:\VSCodeRepository\SceneZone-ANC\data\synth_noise\cls_3\1614.wav,3
D:\VSCodeRepository\SceneZone-ANC\data\synth_noise\cls_3\1615.wav,3
D:\VSCodeRepository\SceneZone-ANC\data\synth_noise\cls_3\1616.wav,3
D:\VSCodeRepository\SceneZone-ANC\data\synth_noise\cls_3\1617.wav,3
D:\VSCodeRepository\SceneZone-ANC\data\synth_noise\cls_3\1618.wav,3
D:\VSCodeRepository\SceneZone-ANC\data\synth_noise\cls_3\1619.wav,3
D:\VSCodeRepository\SceneZone-ANC\data\synth_noise\cls_3\1620.wav,3
D:\VSCodeRepository\SceneZone-ANC\data\synth_noise\cls_3\1621.wav,3
D:\VSCodeRepository\SceneZone-ANC\data\synth_noise\cls_3\1622.wav,3
D:\VSCodeRepository\SceneZone-ANC\data\synth_noise\cls_3\1623.wav,3
D:\VSCodeRepository\SceneZone-ANC\data\synth_noise\cls_3\1624.wav,3
D:\VSCodeRepository\SceneZone-ANC\data\synth_noise\cls_3\1625.wav,3
D:\VSCodeRepository\SceneZone-ANC\data\synth_noise\cls_3\1626.wav,3
D:\VSCodeRepository\SceneZone-ANC\data\synth_noise\cls_3\1627.wav,3
D:\VSCodeRepository\SceneZone-ANC\data\synth_noise\cls_3\1628.wav,3
D:\VSCodeRepository\SceneZone-ANC\data\synth_noise\cls_3\1629.wav,3
D:\VSCodeRepository\SceneZone-ANC\data\synth_noise\cls_3\1630.wav,3
D:\VSCodeRepository\SceneZone-ANC\data\synth_noise\cls_3\1631.wav,3
D:\VSCodeRepository\SceneZone-ANC\data\synth_noise\cls_3\1632.wav,3
D:\VSCodeRepository\SceneZone-ANC\data\synth_noise\cls_3\1633.wav,3
D:\VSCodeRepository\SceneZone-ANC\data\synth_noise\cls_3\1634.wav,3
D:\VSCodeRepository\SceneZone-ANC\data\synth_noise\cls_3\1635.wav,3
D:\VSCodeRepository\SceneZone-ANC\data\synth_noise\cls_3\1636.wav,3
D:\VSCodeRepository\SceneZone-ANC\data\synth_noise\cls_3\1637.wav,3
D:\VSCodeRepository\SceneZone-ANC\data\synth_noise\cls_3\1638.wav,3
D:\VSCodeRepository\SceneZone-ANC\data\synth_noise\cls_3\1639.wav,3
D:\VSCodeRepository\SceneZone-ANC\data\synth_noise\cls_3\1640.wav,3
D:\VSCodeRepository\SceneZone-ANC\data\synth_noise\cls_3\1641.wav,3
D:\VSCodeRepository\SceneZone-ANC\data\synth_noise\cls_3\1642.wav,3
D:\VSCodeRepository\SceneZone-ANC\data\synth_noise\cls_3\1643.wav,3
D:\VSCodeRepository\SceneZone-ANC\data\synth_noise\cls_3\1644.wav,3
D:\VSCodeRepository\SceneZone-ANC\data\synth_noise\cls_3\1645.wav,3
D:\VSCodeRepository\SceneZone-ANC\data\synth_noise\cls_3\1646.wav,3
D:\VSCodeRepository\SceneZone-ANC\data\synth_noise\cls_3\1647.wav,3
D:\VSCodeRepository\SceneZone-ANC\data\synth_noise\cls_3\1648.wav,3
D:\VSCodeRepository\SceneZone-ANC\data\synth_noise\cls_3\1649.wav,3
D:\VSCodeRepository\SceneZone-ANC\data\synth_noise\cls_3\1650.wav,3
D:\VSCodeRepository\SceneZone-ANC\data\synth_noise\cls_3\1651.wav,3
D:\VSCodeRepository\SceneZone-ANC\data\synth_noise\cls_3\1652.wav,3
D:\VSCodeRepository\SceneZone-ANC\data\synth_noise\cls_3\1653.wav,3
D:\VSCodeRepository\SceneZone-ANC\data\synth_noise\cls_3\1654.wav,3
D:\VSCodeRepository\SceneZone-ANC\data\synth_noise\cls_3\1655.wav,3
D:\VSCodeRepository\SceneZone-ANC\data\synth_noise\cls_3\1656.wav,3
D:\VSCodeRepository\SceneZone-ANC\data\synth_noise\cls_3\1657.wav,3
D:\VSCodeRepository\SceneZone-ANC\data\synth_noise\cls_3\1658.wav,3
D:\VSCodeRepository\SceneZone-ANC\data\synth_noise\cls_3\1659.wav,3
D:\VSCodeRepository\SceneZone-ANC\data\synth_noise\cls_3\1660.wav,3
D:\VSCodeRepository\SceneZone-ANC\data\synth_noise\cls_3\1661.wav,3
D:\VSCodeRepository\SceneZone-ANC\data\synth_noise\cls_3\1662.wav,3
D:\VSCodeRepository\SceneZone-ANC\data\synth_noise\cls_3\1663.wav,3
D:\VSCodeRepository\SceneZone-ANC\data\synth_noise\cls_3\1664.wav,3
D:\VSCodeRepository\SceneZone-ANC\data\synth_noise\cls_3\1665.wav,3
D:\VSCodeRepository\SceneZone-ANC\data\synth_noise\cls_3\1666.wav,3
D:\VSCodeRepository\SceneZone-ANC\data\synth_noise\cls_3\1667.wav,3
D:\VSCodeRepository\SceneZone-ANC\data\synth_noise\cls_3\1668.wav,3
D:\VSCodeRepository\SceneZone-ANC\data\synth_noise\cls_3\1669.wav,3
D:\VSCodeRepository\SceneZone-ANC\data\synth_noise\cls_3\1670.wav,3
D:\VSCodeRepository\SceneZone-ANC\data\synth_noise\cls_3\1671.wav,3
D:\VSCodeRepository\SceneZone-ANC\data\synth_noise\cls_3\1672.wav,3
D:\VSCodeRepository\SceneZone-ANC\data\synth_noise\cls_3\1673.wav,3
D:\VSCodeRepository\SceneZone-ANC\data\synth_noise\cls_3\1674.wav,3
D:\VSCodeRepository\SceneZone-ANC\data\synth_noise\cls_3\1675.wav,3
D:\VSCodeRepository\SceneZone-ANC\data\synth_noise\cls_3\1676.wav,3
D:\VSCodeRepository\SceneZone-ANC\data\synth_noise\cls_3\1677.wav,3
D:\VSCodeRepository\SceneZone-ANC\data\synth_noise\cls_3\1678.wav,3
D:\VSCodeRepository\SceneZone-ANC\data\synth_noise\cls_3\1679.wav,3
D:\VSCodeRepository\SceneZone-ANC\data\synth_noise\cls_3\1680.wav,3
D:\VSCodeRepository\SceneZone-ANC\data\synth_noise\cls_3\1681.wav,3
D:\VSCodeRepository\SceneZone-ANC\data\synth_noise\cls_3\1682.wav,3
D:\VSCodeRepository\SceneZone-ANC\data\synth_noise\cls_3\1683.wav,3
D:\VSCodeRepository\SceneZone-ANC\data\synth_noise\cls_3\1684.wav,3
D:\VSCodeRepository\SceneZone-ANC\data\synth_noise\cls_3\1685.wav,3
D:\VSCodeRepository\SceneZone-ANC\data\synth_noise\cls_3\1686.wav,3
D:\VSCodeRepository\SceneZone-ANC\data\synth_noise\cls_3\1687.wav,3
D:\VSCodeRepository\SceneZone-ANC\data\synth_noise\cls_3\1688.wav,3
D:\VSCodeRepository\SceneZone-ANC\data\synth_noise\cls_3\1689.wav,3
D:\VSCodeRepository\SceneZone-ANC\data\synth_noise\cls_3\1690.wav,3
D:\VSCodeRepository\SceneZone-ANC\data\synth_noise\cls_3\1691.wav,3
D:\VSCodeRepository\SceneZone-ANC\data\synth_noise\cls_3\1692.wav,3
D:\VSCodeRepository\SceneZone-ANC\data\synth_noise\cls_3\1693.wav,3
D:\VSCodeRepository\SceneZone-ANC\data\synth_noise\cls_3\1694.wav,3
D:\VSCodeRepository\SceneZone-ANC\data\synth_noise\cls_3\1695.wav,3
D:\VSCodeRepository\SceneZone-ANC\data\synth_noise\cls_3\1696.wav,3
D:\VSCodeRepository\SceneZone-ANC\data\synth_noise\cls_3\1697.wav,3
D:\VSCodeRepository\SceneZone-ANC\data\synth_noise\cls_3\1698.wav,3
D:\VSCodeRepository\SceneZone-ANC\data\synth_noise\cls_3\1699.wav,3
D:\VSCodeRepository\SceneZone-ANC\data\synth_noise\cls_3\1700.wav,3
D:\VSCodeRepository\SceneZone-ANC\data\synth_noise\cls_3\1701.wav,3
D:\VSCodeRepository\SceneZone-ANC\data\synth_noise\cls_3\1702.wav,3
D:\VSCodeRepository\SceneZone-ANC\data\synth_noise\cls_3\1703.wav,3
D:\VSCodeRepository\SceneZone-ANC\data\synth_noise\cls_3\1704.wav,3
D:\VSCodeRepository\SceneZone-ANC\data\synth_noise\cls_3\1705.wav,3
D:\VSCodeRepository\SceneZone-ANC\data\synth_noise\cls_3\1706.wav,3
D:\VSCodeRepository\SceneZone-ANC\data\synth_noise\cls_3\1707.wav,3
D:\VSCodeRepository\SceneZone-ANC\data\synth_noise\cls_3\1708.wav,3
D:\VSCodeRepository\SceneZone-ANC\data\synth_noise\cls_3\1709.wav,3
D:\VSCodeRepository\SceneZone-ANC\data\synth_noise\cls_3\1710.wav,3
D:\VSCodeRepository\SceneZone-ANC\data\synth_noise\cls_3\1711.wav,3
D:\VSCodeRepository\SceneZone-ANC\data\synth_noise\cls_3\1712.wav,3
D:\VSCodeRepository\SceneZone-ANC\data\synth_noise\cls_3\1713.wav,3
D:\VSCodeRepository\SceneZone-ANC\data\synth_noise\cls_3\1714.wav,3
D:\VSCodeRepository\SceneZone-ANC\data\synth_noise\cls_3\1715.wav,3
D:\VSCodeRepository\SceneZone-ANC\data\synth_noise\cls_3\1716.wav,3
D:\VSCodeRepository\SceneZone-ANC\data\synth_noise\cls_3\1717.wav,3
D:\VSCodeRepository\SceneZone-ANC\data\synth_noise\cls_3\1718.wav,3
D:\VSCodeRepository\SceneZone-ANC\data\synth_noise\cls_3\1719.wav,3
D:\VSCodeRepository\SceneZone-ANC\data\synth_noise\cls_3\1720.wav,3
D:\VSCodeRepository\SceneZone-ANC\data\synth_noise\cls_3\1721.wav,3
D:\VSCodeRepository\SceneZone-ANC\data\synth_noise\cls_3\1722.wav,3
D:\VSCodeRepository\SceneZone-ANC\data\synth_noise\cls_3\1723.wav,3
D:\VSCodeRepository\SceneZone-ANC\data\synth_noise\cls_3\1724.wav,3
D:\VSCodeRepository\SceneZone-ANC\data\synth_noise\cls_3\1725.wav,3
D:\VSCodeRepository\SceneZone-ANC\data\synth_noise\cls_3\1726.wav,3
D:\VSCodeRepository\SceneZone-ANC\data\synth_noise\cls_3\1727.wav,3
D:\VSCodeRepository\SceneZone-ANC\data\synth_noise\cls_3\1728.wav,3
D:\VSCodeRepository\SceneZone-ANC\data\synth_noise\cls_3\1729.wav,3
D:\VSCodeRepository\SceneZone-ANC\data\synth_noise\cls_3\1730.wav,3
D:\VSCodeRepository\SceneZone-ANC\data\synth_noise\cls_3\1731.wav,3
D:\VSCodeRepository\SceneZone-ANC\data\synth_noise\cls_3\1732.wav,3
D:\VSCodeRepository\SceneZone-ANC\data\synth_noise\cls_3\1733.wav,3
D:\VSCodeRepository\SceneZone-ANC\data\synth_noise\cls_3\1734.wav,3
D:\VSCodeRepository\SceneZone-ANC\data\synth_noise\cls_3\1735.wav,3
D:\VSCodeRepository\SceneZone-ANC\data\synth_noise\cls_3\1736.wav,3
D:\VSCodeRepository\SceneZone-ANC\data\synth_noise\cls_3\1737.wav,3
D:\VSCodeRepository\SceneZone-ANC\data\synth_noise\cls_3\1738.wav,3
D:\VSCodeRepository\SceneZone-ANC\data\synth_noise\cls_3\1739.wav,3
D:\VSCodeRepository\SceneZone-ANC\data\synth_noise\cls_3\1740.wav,3
D:\VSCodeRepository\SceneZone-ANC\data\synth_noise\cls_3\1741.wav,3
D:\VSCodeRepository\SceneZone-ANC\data\synth_noise\cls_3\1742.wav,3
D:\VSCodeRepository\SceneZone-ANC\data\synth_noise\cls_3\1743.wav,3
D:\VSCodeRepository\SceneZone-ANC\data\synth_noise\cls_3\1744.wav,3
D:\VSCodeRepository\SceneZone-ANC\data\synth_noise\cls_3\1745.wav,3
D:\VSCodeRepository\SceneZone-ANC\data\synth_noise\cls_3\1746.wav,3
D:\VSCodeRepository\SceneZone-ANC\data\synth_noise\cls_3\1747.wav,3
D:\VSCodeRepository\SceneZone-ANC\data\synth_noise\cls_3\1748.wav,3
D:\VSCodeRepository\SceneZone-ANC\data\synth_noise\cls_3\1749.wav,3
D:\VSCodeRepository\SceneZone-ANC\data\synth_noise\cls_3\1750.wav,3
D:\VSCodeRepository\SceneZone-ANC\data\synth_noise\cls_3\1751.wav,3
D:\VSCodeRepository\SceneZone-ANC\data\synth_noise\cls_3\1752.wav,3
D:\VSCodeRepository\SceneZone-ANC\data\synth_noise\cls_3\1753.wav,3
D:\VSCodeRepository\SceneZone-ANC\data\synth_noise\cls_3\1754.wav,3
D:\VSCodeRepository\SceneZone-ANC\data\synth_noise\cls_3\1755.wav,3
D:\VSCodeRepository\SceneZone-ANC\data\synth_noise\cls_3\1756.wav,3
D:\VSCodeRepository\SceneZone-ANC\data\synth_noise\cls_3\1757.wav,3
D:\VSCodeRepository\SceneZone-ANC\data\synth_noise\cls_3\1758.wav,3
D:\VSCodeRepository\SceneZone-ANC\data\synth_noise\cls_3\1759.wav,3
D:\VSCodeRepository\SceneZone-ANC\data\synth_noise\cls_3\1760.wav,3
D:\VSCodeRepository\SceneZone-ANC\data\synth_noise\cls_3\1761.wav,3
D:\VSCodeRepository\SceneZone-ANC\data\synth_noise\cls_3\1762.wav,3
D:\VSCodeRepository\SceneZone-ANC\data\synth_noise\cls_3\1763.wav,3
D:\VSCodeRepository\SceneZone-ANC\data\synth_noise\cls_3\1764.wav,3
D:\VSCodeRepository\SceneZone-ANC\data\synth_noise\cls_3\1765.wav,3
D:\VSCodeRepository\SceneZone-ANC\data\synth_noise\cls_3\1766.wav,3
D:\VSCodeRepository\SceneZone-ANC\data\synth_noise\cls_3\1767.wav,3
D:\VSCodeRepository\SceneZone-ANC\data\synth_noise\cls_3\1768.wav,3
D:\VSCodeRepository\SceneZone-ANC\data\synth_noise\cls_3\1769.wav,3
D:\VSCodeRepository\SceneZone-ANC\data\synth_noise\cls_3\1770.wav,3
D:\VSCodeRepository\SceneZone-ANC\data\synth_noise\cls_3\1771.wav,3
D:\VSCodeRepository\SceneZone-ANC\data\synth_noise\cls_3\1772.wav,3
D:\VSCodeRepository\SceneZone-ANC\data\synth_noise\cls_3\1773.wav,3
D:\VSCodeRepository\SceneZone-ANC\data\synth_noise\cls_3\1774.wav,3
D:\VSCodeRepository\SceneZone-ANC\data\synth_noise\cls_3\1775.wav,3
D:\VSCodeRepository\SceneZone-ANC\data\synth_noise\cls_3\1776.wav,3
D:\VSCodeRepository\SceneZone-ANC\data\synth_noise\cls_3\1777.wav,3
D:\VSCodeRepository\SceneZone-ANC\data\synth_noise\cls_3\1778.wav,3
D:\VSCodeRepository\SceneZone-ANC\data\synth_noise\cls_3\1779.wav,3
D:\VSCodeRepository\SceneZone-ANC\data\synth_noise\cls_3\1780.wav,3
D:\VSCodeRepository\SceneZone-ANC\data\synth_noise\cls_3\1781.wav,3
D:\VSCodeRepository\SceneZone-ANC\data\synth_noise\cls_3\1782.wav,3
D:\VSCodeRepository\SceneZone-ANC\data\synth_noise\cls_3\1783.wav,3
D:\VSCodeRepository\SceneZone-ANC\data\synth_noise\cls_3\1784.wav,3
D:\VSCodeRepository\SceneZone-ANC\data\synth_noise\cls_3\1785.wav,3
D:\VSCodeRepository\SceneZone-ANC\data\synth_noise\cls_3\1786.wav,3
D:\VSCodeRepository\SceneZone-ANC\data\synth_noise\cls_3\1787.wav,3
D:\VSCodeRepository\SceneZone-ANC\data\synth_noise\cls_3\1788.wav,3
D:\VSCodeRepository\SceneZone-ANC\data\synth_noise\cls_3\1789.wav,3
D:\VSCodeRepository\SceneZone-ANC\data\synth_noise\cls_3\1790.wav,3
D:\VSCodeRepository\SceneZone-ANC\data\synth_noise\cls_3\1791.wav,3
D:\VSCodeRepository\SceneZone-ANC\data\synth_noise\cls_3\1792.wav,3
D:\VSCodeRepository\SceneZone-ANC\data\synth_noise\cls_3\1793.wav,3
D:\VSCodeRepository\SceneZone-ANC\data\synth_noise\cls_3\1794.wav,3
D:\VSCodeRepository\SceneZone-ANC\data\synth_noise\cls_3\1795.wav,3
D:\VSCodeRepository\SceneZone-ANC\data\synth_noise\cls_3\1796.wav,3
D:\VSCodeRepository\SceneZone-ANC\data\synth_noise\cls_3\1797.wav,3
D:\VSCodeRepository\SceneZone-ANC\data\synth_noise\cls_3\1798.wav,3
D:\VSCodeRepository\SceneZone-ANC\data\synth_noise\cls_3\1799.wav,3
D:\VSCodeRepository\SceneZone-ANC\data\synth_noise\cls_3\1800.wav,3
D:\VSCodeRepository\SceneZone-ANC\data\synth_noise\cls_3\1801.wav,3
D:\VSCodeRepository\SceneZone-ANC\data\synth_noise\cls_3\1802.wav,3
D:\VSCodeRepository\SceneZone-ANC\data\synth_noise\cls_3\1803.wav,3
D:\VSCodeRepository\SceneZone-ANC\data\synth_noise\cls_3\1804.wav,3
D:\VSCodeRepository\SceneZone-ANC\data\synth_noise\cls_3\1805.wav,3
D:\VSCodeRepository\SceneZone-ANC\data\synth_noise\cls_3\1806.wav,3
D:\VSCodeRepository\SceneZone-ANC\data\synth_noise\cls_3\1807.wav,3
D:\VSCodeRepository\SceneZone-ANC\data\synth_noise\cls_3\1808.wav,3
D:\VSCodeRepository\SceneZone-ANC\data\synth_noise\cls_3\1809.wav,3
D:\VSCodeRepository\SceneZone-ANC\data\synth_noise\cls_3\1810.wav,3
D:\VSCodeRepository\SceneZone-ANC\data\synth_noise\cls_3\1811.wav,3
D:\VSCodeRepository\SceneZone-ANC\data\synth_noise\cls_3\1812.wav,3
D:\VSCodeRepository\SceneZone-ANC\data\synth_noise\cls_3\1813.wav,3
D:\VSCodeRepository\SceneZone-ANC\data\synth_noise\cls_3\1814.wav,3
D:\VSCodeRepository\SceneZone-ANC\data\synth_noise\cls_3\1815.wav,3
D:\VSCodeRepository\SceneZone-ANC\data\synth_noise\cls_3\1816.wav,3
D:\VSCodeRepository\SceneZone-ANC\data\synth_noise\cls_3\1817.wav,3
D:\VSCodeRepository\SceneZone-ANC\data\synth_noise\cls_3\1818.wav,3
D:\VSCodeRepository\SceneZone-ANC\data\synth_noise\cls_3\1819.wav,3
D:\VSCodeRepository\SceneZone-ANC\data\synth_noise\cls_3\1820.wav,3
D:\VSCodeRepository\SceneZone-ANC\data\synth_noise\cls_3\1821.wav,3
D:\VSCodeRepository\SceneZone-ANC\data\synth_noise\cls_3\1822.wav,3
D:\VSCodeRepository\SceneZone-ANC\data\synth_noise\cls_3\1823.wav,3
D:\VSCodeRepository\SceneZone-ANC\data\synth_noise\cls_3\1824.wav,3
D:\VSCodeRepository\SceneZone-ANC\data\synth_noise\cls_3\1825.wav,3
D:\VSCodeRepository\SceneZone-ANC\data\synth_noise\cls_3\1826.wav,3
D:\VSCodeRepository\SceneZone-ANC\data\synth_noise\cls_3\1827.wav,3
D:\VSCodeRepository\SceneZone-ANC\data\synth_noise\cls_3\1828.wav,3
D:\VSCodeRepository\SceneZone-ANC\data\synth_noise\cls_3\1829.wav,3
D:\VSCodeRepository\SceneZone-ANC\data\synth_noise\cls_3\1830.wav,3
D:\VSCodeRepository\SceneZone-ANC\data\synth_noise\cls_3\1831.wav,3
D:\VSCodeRepository\SceneZone-ANC\data\synth_noise\cls_3\1832.wav,3
D:\VSCodeRepository\SceneZone-ANC\data\synth_noise\cls_3\1833.wav,3
D:\VSCodeRepository\SceneZone-ANC\data\synth_noise\cls_3\1834.wav,3
D:\VSCodeRepository\SceneZone-ANC\data\synth_noise\cls_3\1835.wav,3
D:\VSCodeRepository\SceneZone-ANC\data\synth_noise\cls_3\1836.wav,3
D:\VSCodeRepository\SceneZone-ANC\data\synth_noise\cls_3\1837.wav,3
D:\VSCodeRepository\SceneZone-ANC\data\synth_noise\cls_3\1838.wav,3
D:\VSCodeRepository\SceneZone-ANC\data\synth_noise\cls_3\1839.wav,3
D:\VSCodeRepository\SceneZone-ANC\data\synth_noise\cls_3\1840.wav,3
D:\VSCodeRepository\SceneZone-ANC\data\synth_noise\cls_3\1841.wav,3
D:\VSCodeRepository\SceneZone-ANC\data\synth_noise\cls_3\1842.wav,3
D:\VSCodeRepository\SceneZone-ANC\data\synth_noise\cls_3\1843.wav,3
D:\VSCodeRepository\SceneZone-ANC\data\synth_noise\cls_3\1844.wav,3
D:\VSCodeRepository\SceneZone-ANC\data\synth_noise\cls_3\1845.wav,3
D:\VSCodeRepository\SceneZone-ANC\data\synth_noise\cls_3\1846.wav,3
D:\VSCodeRepository\SceneZone-ANC\data\synth_noise\cls_3\1847.wav,3
D:\VSCodeRepository\SceneZone-ANC\data\synth_noise\cls_3\1848.wav,3
D:\VSCodeRepository\SceneZone-ANC\data\synth_noise\cls_3\1849.wav,3
D:\VSCodeRepository\SceneZone-ANC\data\synth_noise\cls_3\1850.wav,3
D:\VSCodeRepository\SceneZone-ANC\data\synth_noise\cls_3\1851.wav,3
D:\VSCodeRepository\SceneZone-ANC\data\synth_noise\cls_3\1852.wav,3
D:\VSCodeRepository\SceneZone-ANC\data\synth_noise\cls_3\1853.wav,3
D:\VSCodeRepository\SceneZone-ANC\data\synth_noise\cls_3\1854.wav,3
D:\VSCodeRepository\SceneZone-ANC\data\synth_noise\cls_3\1855.wav,3
D:\VSCodeRepository\SceneZone-ANC\data\synth_noise\cls_3\1856.wav,3
D:\VSCodeRepository\SceneZone-ANC\data\synth_noise\cls_3\1857.wav,3
D:\VSCodeRepository\SceneZone-ANC\data\synth_noise\cls_3\1858.wav,3
D:\VSCodeRepository\SceneZone-ANC\data\synth_noise\cls_3\1859.wav,3
D:\VSCodeRepository\SceneZone-ANC\data\synth_noise\cls_3\1860.wav,3
D:\VSCodeRepository\SceneZone-ANC\data\synth_noise\cls_3\1861.wav,3
D:\VSCodeRepository\SceneZone-ANC\data\synth_noise\cls_3\1862.wav,3
D:\VSCodeRepository\SceneZone-ANC\data\synth_noise\cls_3\1863.wav,3
D:\VSCodeRepository\SceneZone-ANC\data\synth_noise\cls_3\1864.wav,3
D:\VSCodeRepository\SceneZone-ANC\data\synth_noise\cls_3\1865.wav,3
D:\VSCodeRepository\SceneZone-ANC\data\synth_noise\cls_3\1866.wav,3
D:\VSCodeRepository\SceneZone-ANC\data\synth_noise\cls_3\1867.wav,3
D:\VSCodeRepository\SceneZone-ANC\data\synth_noise\cls_3\1868.wav,3
D:\VSCodeRepository\SceneZone-ANC\data\synth_noise\cls_3\1869.wav,3
D:\VSCodeRepository\SceneZone-ANC\data\synth_noise\cls_3\1870.wav,3
D:\VSCodeRepository\SceneZone-ANC\data\synth_noise\cls_3\1871.wav,3
D:\VSCodeRepository\SceneZone-ANC\data\synth_noise\cls_3\1872.wav,3
D:\VSCodeRepository\SceneZone-ANC\data\synth_noise\cls_3\1873.wav,3
D:\VSCodeRepository\SceneZone-ANC\data\synth_noise\cls_3\1874.wav,3
D:\VSCodeRepository\SceneZone-ANC\data\synth_noise\cls_3\1875.wav,3
D:\VSCodeRepository\SceneZone-ANC\data\synth_noise\cls_3\1876.wav,3
D:\VSCodeRepository\SceneZone-ANC\data\synth_noise\cls_3\1877.wav,3
D:\VSCodeRepository\SceneZone-ANC\data\synth_noise\cls_3\1878.wav,3
D:\VSCodeRepository\SceneZone-ANC\data\synth_noise\cls_3\1879.wav,3
D:\VSCodeRepository\SceneZone-ANC\data\synth_noise\cls_3\1880.wav,3
D:\VSCodeRepository\SceneZone-ANC\data\synth_noise\cls_3\1881.wav,3
D:\VSCodeRepository\SceneZone-ANC\data\synth_noise\cls_3\1882.wav,3
D:\VSCodeRepository\SceneZone-ANC\data\synth_noise\cls_3\1883.wav,3
D:\VSCodeRepository\SceneZone-ANC\data\synth_noise\cls_3\1884.wav,3
D:\VSCodeRepository\SceneZone-ANC\data\synth_noise\cls_3\1885.wav,3
D:\VSCodeRepository\SceneZone-ANC\data\synth_noise\cls_3\1886.wav,3
D:\VSCodeRepository\SceneZone-ANC\data\synth_noise\cls_3\1887.wav,3
D:\VSCodeRepository\SceneZone-ANC\data\synth_noise\cls_3\1888.wav,3
D:\VSCodeRepository\SceneZone-ANC\data\synth_noise\cls_3\1889.wav,3
D:\VSCodeRepository\SceneZone-ANC\data\synth_noise\cls_3\1890.wav,3
D:\VSCodeRepository\SceneZone-ANC\data\synth_noise\cls_3\1891.wav,3
D:\VSCodeRepository\SceneZone-ANC\data\synth_noise\cls_3\1892.wav,3
D:\VSCodeRepository\SceneZone-ANC\data\synth_noise\cls_3\1893.wav,3
D:\VSCodeRepository\SceneZone-ANC\data\synth_noise\cls_3\1894.wav,3
D:\VSCodeRepository\SceneZone-ANC\data\synth_noise\cls_3\1895.wav,3
D:\VSCodeRepository\SceneZone-ANC\data\synth_noise\cls_3\1896.wav,3
D:\VSCodeRepository\SceneZone-ANC\data\synth_noise\cls_3\1897.wav,3
D:\VSCodeRepository\SceneZone-ANC\data\synth_noise\cls_3\1898.wav,3
D:\VSCodeRepository\SceneZone-ANC\data\synth_noise\cls_3\1899.wav,3
D:\VSCodeRepository\SceneZone-ANC\data\synth_noise\cls_3\1900.wav,3
D:\VSCodeRepository\SceneZone-ANC\data\synth_noise\cls_3\1901.wav,3
D:\VSCodeRepository\SceneZone-ANC\data\synth_noise\cls_3\1902.wav,3
D:\VSCodeRepository\SceneZone-ANC\data\synth_noise\cls_3\1903.wav,3
D:\VSCodeRepository\SceneZone-ANC\data\synth_noise\cls_3\1904.wav,3
D:\VSCodeRepository\SceneZone-ANC\data\synth_noise\cls_3\1905.wav,3
D:\VSCodeRepository\SceneZone-ANC\data\synth_noise\cls_3\1906.wav,3
D:\VSCodeRepository\SceneZone-ANC\data\synth_noise\cls_3\1907.wav,3
D:\VSCodeRepository\SceneZone-ANC\data\synth_noise\cls_3\1908.wav,3
D:\VSCodeRepository\SceneZone-ANC\data\synth_noise\cls_3\1909.wav,3
D:\VSCodeRepository\SceneZone-ANC\data\synth_noise\cls_3\1910.wav,3
D:\VSCodeRepository\SceneZone-ANC\data\synth_noise\cls_3\1911.wav,3
D:\VSCodeRepository\SceneZone-ANC\data\synth_noise\cls_3\1912.wav,3
D:\VSCodeRepository\SceneZone-ANC\data\synth_noise\cls_3\1913.wav,3
D:\VSCodeRepository\SceneZone-ANC\data\synth_noise\cls_3\1914.wav,3
D:\VSCodeRepository\SceneZone-ANC\data\synth_noise\cls_3\1915.wav,3
D:\VSCodeRepository\SceneZone-ANC\data\synth_noise\cls_3\1916.wav,3
D:\VSCodeRepository\SceneZone-ANC\data\synth_noise\cls_3\1917.wav,3
D:\VSCodeRepository\SceneZone-ANC\data\synth_noise\cls_3\1918.wav,3
D:\VSCodeRepository\SceneZone-ANC\data\synth_noise\cls_3\1919.wav,3
D:\VSCodeRepository\SceneZone-ANC\data\synth_noise\cls_3\1920.wav,3
D:\VSCodeRepository\SceneZone-ANC\data\synth_noise\cls_3\1921.wav,3
D:\VSCodeRepository\SceneZone-ANC\data\synth_noise\cls_3\1922.wav,3
D:\VSCodeRepository\SceneZone-ANC\data\synth_noise\cls_3\1923.wav,3
D:\VSCodeRepository\SceneZone-ANC\data\synth_noise\cls_3\1924.wav,3
D:\VSCodeRepository\SceneZone-ANC\data\synth_noise\cls_3\1925.wav,3
D:\VSCodeRepository\SceneZone-ANC\data\synth_noise\cls_3\1926.wav,3
D:\VSCodeRepository\SceneZone-ANC\data\synth_noise\cls_3\1927.wav,3
D:\VSCodeRepository\SceneZone-ANC\data\synth_noise\cls_3\1928.wav,3
D:\VSCodeRepository\SceneZone-ANC\data\synth_noise\cls_3\1929.wav,3
D:\VSCodeRepository\SceneZone-ANC\data\synth_noise\cls_3\1930.wav,3
D:\VSCodeRepository\SceneZone-ANC\data\synth_noise\cls_3\1931.wav,3
D:\VSCodeRepository\SceneZone-ANC\data\synth_noise\cls_3\1932.wav,3
D:\VSCodeRepository\SceneZone-ANC\data\synth_noise\cls_3\1933.wav,3
D:\VSCodeRepository\SceneZone-ANC\data\synth_noise\cls_3\1934.wav,3
D:\VSCodeRepository\SceneZone-ANC\data\synth_noise\cls_3\1935.wav,3
D:\VSCodeRepository\SceneZone-ANC\data\synth_noise\cls_3\1936.wav,3
D:\VSCodeRepository\SceneZone-ANC\data\synth_noise\cls_3\1937.wav,3
D:\VSCodeRepository\SceneZone-ANC\data\synth_noise\cls_3\1938.wav,3
D:\VSCodeRepository\SceneZone-ANC\data\synth_noise\cls_3\1939.wav,3
D:\VSCodeRepository\SceneZone-ANC\data\synth_noise\cls_3\1940.wav,3
D:\VSCodeRepository\SceneZone-ANC\data\synth_noise\cls_3\1941.wav,3
D:\VSCodeRepository\SceneZone-ANC\data\synth_noise\cls_3\1942.wav,3
D:\VSCodeRepository\SceneZone-ANC\data\synth_noise\cls_3\1943.wav,3
D:\VSCodeRepository\SceneZone-ANC\data\synth_noise\cls_3\1944.wav,3
D:\VSCodeRepository\SceneZone-ANC\data\synth_noise\cls_3\1945.wav,3
D:\VSCodeRepository\SceneZone-ANC\data\synth_noise\cls_3\1946.wav,3
D:\VSCodeRepository\SceneZone-ANC\data\synth_noise\cls_3\1947.wav,3
D:\VSCodeRepository\SceneZone-ANC\data\synth_noise\cls_3\1948.wav,3
D:\VSCodeRepository\SceneZone-ANC\data\synth_noise\cls_3\1949.wav,3
D:\VSCodeRepository\SceneZone-ANC\data\synth_noise\cls_3\1950.wav,3
D:\VSCodeRepository\SceneZone-ANC\data\synth_noise\cls_3\1951.wav,3
D:\VSCodeRepository\SceneZone-ANC\data\synth_noise\cls_3\1952.wav,3
D:\VSCodeRepository\SceneZone-ANC\data\synth_noise\cls_3\1953.wav,3
D:\VSCodeRepository\SceneZone-ANC\data\synth_noise\cls_3\1954.wav,3
D:\VSCodeRepository\SceneZone-ANC\data\synth_noise\cls_3\1955.wav,3
D:\VSCodeRepository\SceneZone-ANC\data\synth_noise\cls_3\1956.wav,3
D:\VSCodeRepository\SceneZone-ANC\data\synth_noise\cls_3\1957.wav,3
D:\VSCodeRepository\SceneZone-ANC\data\synth_noise\cls_3\1958.wav,3
D:\VSCodeRepository\SceneZone-ANC\data\synth_noise\cls_3\1959.wav,3
D:\VSCodeRepository\SceneZone-ANC\data\synth_noise\cls_3\1960.wav,3
D:\VSCodeRepository\SceneZone-ANC\data\synth_noise\cls_3\1961.wav,3
D:\VSCodeRepository\SceneZone-ANC\data\synth_noise\cls_3\1962.wav,3
D:\VSCodeRepository\SceneZone-ANC\data\synth_noise\cls_3\1963.wav,3
D:\VSCodeRepository\SceneZone-ANC\data\synth_noise\cls_3\1964.wav,3
D:\VSCodeRepository\SceneZone-ANC\data\synth_noise\cls_3\1965.wav,3
D:\VSCodeRepository\SceneZone-ANC\data\synth_noise\cls_3\1966.wav,3
D:\VSCodeRepository\SceneZone-ANC\data\synth_noise\cls_3\1967.wav,3
D:\VSCodeRepository\SceneZone-ANC\data\synth_noise\cls_3\1968.wav,3
D:\VSCodeRepository\SceneZone-ANC\data\synth_noise\cls_3\1969.wav,3
D:\VSCodeRepository\SceneZone-ANC\data\synth_noise\cls_3\1970.wav,3
D:\VSCodeRepository\SceneZone-ANC\data\synth_noise\cls_3\1971.wav,3
D:\VSCodeRepository\SceneZone-ANC\data\synth_noise\cls_3\1972.wav,3
D:\VSCodeRepository\SceneZone-ANC\data\synth_noise\cls_3\1973.wav,3
D:\VSCodeRepository\SceneZone-ANC\data\synth_noise\cls_3\1974.wav,3
D:\VSCodeRepository\SceneZone-ANC\data\synth_noise\cls_3\1975.wav,3
D:\VSCodeRepository\SceneZone-ANC\data\synth_noise\cls_3\1976.wav,3
D:\VSCodeRepository\SceneZone-ANC\data\synth_noise\cls_3\1977.wav,3
D:\VSCodeRepository\SceneZone-ANC\data\synth_noise\cls_3\1978.wav,3
D:\VSCodeRepository\SceneZone-ANC\data\synth_noise\cls_3\1979.wav,3
D:\VSCodeRepository\SceneZone-ANC\data\synth_noise\cls_3\1980.wav,3
D:\VSCodeRepository\SceneZone-ANC\data\synth_noise\cls_3\1981.wav,3
D:\VSCodeRepository\SceneZone-ANC\data\synth_noise\cls_3\1982.wav,3
D:\VSCodeRepository\SceneZone-ANC\data\synth_noise\cls_3\1983.wav,3
D:\VSCodeRepository\SceneZone-ANC\data\synth_noise\cls_3\1984.wav,3
D:\VSCodeRepository\SceneZone-ANC\data\synth_noise\cls_3\1985.wav,3
D:\VSCodeRepository\SceneZone-ANC\data\synth_noise\cls_3\1986.wav,3
D:\VSCodeRepository\SceneZone-ANC\data\synth_noise\cls_3\1987.wav,3
D:\VSCodeRepository\SceneZone-ANC\data\synth_noise\cls_3\1988.wav,3
D:\VSCodeRepository\SceneZone-ANC\data\synth_noise\cls_3\1989.wav,3
D:\VSCodeRepository\SceneZone-ANC\data\synth_noise\cls_3\1990.wav,3
D:\VSCodeRepository\SceneZone-ANC\data\synth_noise\cls_3\1991.wav,3
D:\VSCodeRepository\SceneZone-ANC\data\synth_noise\cls_3\1992.wav,3
D:\VSCodeRepository\SceneZone-ANC\data\synth_noise\cls_3\1993.wav,3
D:\VSCodeRepository\SceneZone-ANC\data\synth_noise\cls_3\1994.wav,3
D:\VSCodeRepository\SceneZone-ANC\data\synth_noise\cls_3\1995.wav,3
D:\VSCodeRepository\SceneZone-ANC\data\synth_noise\cls_3\1996.wav,3
D:\VSCodeRepository\SceneZone-ANC\data\synth_noise\cls_3\1997.wav,3
D:\VSCodeRepository\SceneZone-ANC\data\synth_noise\cls_3\1998.wav,3
D:\VSCodeRepository\SceneZone-ANC\data\synth_noise\cls_3\1999.wav,3
D:\VSCodeRepository\SceneZone-ANC\data\synth_noise\cls_4\0300.wav,4
D:\VSCodeRepository\SceneZone-ANC\data\synth_noise\cls_4\0301.wav,4
D:\VSCodeRepository\SceneZone-ANC\data\synth_noise\cls_4\0302.wav,4
D:\VSCodeRepository\SceneZone-ANC\data\synth_noise\cls_4\0303.wav,4
D:\VSCodeRepository\SceneZone-ANC\data\synth_noise\cls_4\0304.wav,4
D:\VSCodeRepository\SceneZone-ANC\data\synth_noise\cls_4\0305.wav,4
D:\VSCodeRepository\SceneZone-ANC\data\synth_noise\cls_4\0306.wav,4
D:\VSCodeRepository\SceneZone-ANC\data\synth_noise\cls_4\0307.wav,4
D:\VSCodeRepository\SceneZone-ANC\data\synth_noise\cls_4\0308.wav,4
D:\VSCodeRepository\SceneZone-ANC\data\synth_noise\cls_4\0309.wav,4
D:\VSCodeRepository\SceneZone-ANC\data\synth_noise\cls_4\0310.wav,4
D:\VSCodeRepository\SceneZone-ANC\data\synth_noise\cls_4\0311.wav,4
D:\VSCodeRepository\SceneZone-ANC\data\synth_noise\cls_4\0312.wav,4
D:\VSCodeRepository\SceneZone-ANC\data\synth_noise\cls_4\0313.wav,4
D:\VSCodeRepository\SceneZone-ANC\data\synth_noise\cls_4\0314.wav,4
D:\VSCodeRepository\SceneZone-ANC\data\synth_noise\cls_4\0315.wav,4
D:\VSCodeRepository\SceneZone-ANC\data\synth_noise\cls_4\0316.wav,4
D:\VSCodeRepository\SceneZone-ANC\data\synth_noise\cls_4\0317.wav,4
D:\VSCodeRepository\SceneZone-ANC\data\synth_noise\cls_4\0318.wav,4
D:\VSCodeRepository\SceneZone-ANC\data\synth_noise\cls_4\0319.wav,4
D:\VSCodeRepository\SceneZone-ANC\data\synth_noise\cls_4\0320.wav,4
D:\VSCodeRepository\SceneZone-ANC\data\synth_noise\cls_4\0321.wav,4
D:\VSCodeRepository\SceneZone-ANC\data\synth_noise\cls_4\0322.wav,4
D:\VSCodeRepository\SceneZone-ANC\data\synth_noise\cls_4\0323.wav,4
D:\VSCodeRepository\SceneZone-ANC\data\synth_noise\cls_4\0324.wav,4
D:\VSCodeRepository\SceneZone-ANC\data\synth_noise\cls_4\0325.wav,4
D:\VSCodeRepository\SceneZone-ANC\data\synth_noise\cls_4\0326.wav,4
D:\VSCodeRepository\SceneZone-ANC\data\synth_noise\cls_4\0327.wav,4
D:\VSCodeRepository\SceneZone-ANC\data\synth_noise\cls_4\0328.wav,4
D:\VSCodeRepository\SceneZone-ANC\data\synth_noise\cls_4\0329.wav,4
D:\VSCodeRepository\SceneZone-ANC\data\synth_noise\cls_4\0330.wav,4
D:\VSCodeRepository\SceneZone-ANC\data\synth_noise\cls_4\0331.wav,4
D:\VSCodeRepository\SceneZone-ANC\data\synth_noise\cls_4\0332.wav,4
D:\VSCodeRepository\SceneZone-ANC\data\synth_noise\cls_4\0333.wav,4
D:\VSCodeRepository\SceneZone-ANC\data\synth_noise\cls_4\0334.wav,4
D:\VSCodeRepository\SceneZone-ANC\data\synth_noise\cls_4\0335.wav,4
D:\VSCodeRepository\SceneZone-ANC\data\synth_noise\cls_4\0336.wav,4
D:\VSCodeRepository\SceneZone-ANC\data\synth_noise\cls_4\0337.wav,4
D:\VSCodeRepository\SceneZone-ANC\data\synth_noise\cls_4\0338.wav,4
D:\VSCodeRepository\SceneZone-ANC\data\synth_noise\cls_4\0339.wav,4
D:\VSCodeRepository\SceneZone-ANC\data\synth_noise\cls_4\0340.wav,4
D:\VSCodeRepository\SceneZone-ANC\data\synth_noise\cls_4\0341.wav,4
D:\VSCodeRepository\SceneZone-ANC\data\synth_noise\cls_4\0342.wav,4
D:\VSCodeRepository\SceneZone-ANC\data\synth_noise\cls_4\0343.wav,4
D:\VSCodeRepository\SceneZone-ANC\data\synth_noise\cls_4\0344.wav,4
D:\VSCodeRepository\SceneZone-ANC\data\synth_noise\cls_4\0345.wav,4
D:\VSCodeRepository\SceneZone-ANC\data\synth_noise\cls_4\0346.wav,4
D:\VSCodeRepository\SceneZone-ANC\data\synth_noise\cls_4\0347.wav,4
D:\VSCodeRepository\SceneZone-ANC\data\synth_noise\cls_4\0348.wav,4
D:\VSCodeRepository\SceneZone-ANC\data\synth_noise\cls_4\0349.wav,4
D:\VSCodeRepository\SceneZone-ANC\data\synth_noise\cls_4\0350.wav,4
D:\VSCodeRepository\SceneZone-ANC\data\synth_noise\cls_4\0351.wav,4
D:\VSCodeRepository\SceneZone-ANC\data\synth_noise\cls_4\0352.wav,4
D:\VSCodeRepository\SceneZone-ANC\data\synth_noise\cls_4\0353.wav,4
D:\VSCodeRepository\SceneZone-ANC\data\synth_noise\cls_4\0354.wav,4
D:\VSCodeRepository\SceneZone-ANC\data\synth_noise\cls_4\0355.wav,4
D:\VSCodeRepository\SceneZone-ANC\data\synth_noise\cls_4\0356.wav,4
D:\VSCodeRepository\SceneZone-ANC\data\synth_noise\cls_4\0357.wav,4
D:\VSCodeRepository\SceneZone-ANC\data\synth_noise\cls_4\0358.wav,4
D:\VSCodeRepository\SceneZone-ANC\data\synth_noise\cls_4\0359.wav,4
D:\VSCodeRepository\SceneZone-ANC\data\synth_noise\cls_4\0360.wav,4
D:\VSCodeRepository\SceneZone-ANC\data\synth_noise\cls_4\0361.wav,4
D:\VSCodeRepository\SceneZone-ANC\data\synth_noise\cls_4\0362.wav,4
D:\VSCodeRepository\SceneZone-ANC\data\synth_noise\cls_4\0363.wav,4
D:\VSCodeRepository\SceneZone-ANC\data\synth_noise\cls_4\0364.wav,4
D:\VSCodeRepository\SceneZone-ANC\data\synth_noise\cls_4\0365.wav,4
D:\VSCodeRepository\SceneZone-ANC\data\synth_noise\cls_4\0366.wav,4
D:\VSCodeRepository\SceneZone-ANC\data\synth_noise\cls_4\0367.wav,4
D:\VSCodeRepository\SceneZone-ANC\data\synth_noise\cls_4\0368.wav,4
D:\VSCodeRepository\SceneZone-ANC\data\synth_noise\cls_4\0369.wav,4
D:\VSCodeRepository\SceneZone-ANC\data\synth_noise\cls_4\0370.wav,4
D:\VSCodeRepository\SceneZone-ANC\data\synth_noise\cls_4\0371.wav,4
D:\VSCodeRepository\SceneZone-ANC\data\synth_noise\cls_4\0372.wav,4
D:\VSCodeRepository\SceneZone-ANC\data\synth_noise\cls_4\0373.wav,4
D:\VSCodeRepository\SceneZone-ANC\data\synth_noise\cls_4\0374.wav,4
D:\VSCodeRepository\SceneZone-ANC\data\synth_noise\cls_4\0375.wav,4
D:\VSCodeRepository\SceneZone-ANC\data\synth_noise\cls_4\0376.wav,4
D:\VSCodeRepository\SceneZone-ANC\data\synth_noise\cls_4\0377.wav,4
D:\VSCodeRepository\SceneZone-ANC\data\synth_noise\cls_4\0378.wav,4
D:\VSCodeRepository\SceneZone-ANC\data\synth_noise\cls_4\0379.wav,4
D:\VSCodeRepository\SceneZone-ANC\data\synth_noise\cls_4\0380.wav,4
D:\VSCodeRepository\SceneZone-ANC\data\synth_noise\cls_4\0381.wav,4
D:\VSCodeRepository\SceneZone-ANC\data\synth_noise\cls_4\0382.wav,4
D:\VSCodeRepository\SceneZone-ANC\data\synth_noise\cls_4\0383.wav,4
D:\VSCodeRepository\SceneZone-ANC\data\synth_noise\cls_4\0384.wav,4
D:\VSCodeRepository\SceneZone-ANC\data\synth_noise\cls_4\0385.wav,4
D:\VSCodeRepository\SceneZone-ANC\data\synth_noise\cls_4\0386.wav,4
D:\VSCodeRepository\SceneZone-ANC\data\synth_noise\cls_4\0387.wav,4
D:\VSCodeRepository\SceneZone-ANC\data\synth_noise\cls_4\0388.wav,4
D:\VSCodeRepository\SceneZone-ANC\data\synth_noise\cls_4\0389.wav,4
D:\VSCodeRepository\SceneZone-ANC\data\synth_noise\cls_4\0390.wav,4
D:\VSCodeRepository\SceneZone-ANC\data\synth_noise\cls_4\0391.wav,4
D:\VSCodeRepository\SceneZone-ANC\data\synth_noise\cls_4\0392.wav,4
D:\VSCodeRepository\SceneZone-ANC\data\synth_noise\cls_4\0393.wav,4
D:\VSCodeRepository\SceneZone-ANC\data\synth_noise\cls_4\0394.wav,4
D:\VSCodeRepository\SceneZone-ANC\data\synth_noise\cls_4\0395.wav,4
D:\VSCodeRepository\SceneZone-ANC\data\synth_noise\cls_4\0396.wav,4
D:\VSCodeRepository\SceneZone-ANC\data\synth_noise\cls_4\0397.wav,4
D:\VSCodeRepository\SceneZone-ANC\data\synth_noise\cls_4\0398.wav,4
D:\VSCodeRepository\SceneZone-ANC\data\synth_noise\cls_4\0399.wav,4
D:\VSCodeRepository\SceneZone-ANC\data\synth_noise\cls_4\0400.wav,4
D:\VSCodeRepository\SceneZone-ANC\data\synth_noise\cls_4\0401.wav,4
D:\VSCodeRepository\SceneZone-ANC\data\synth_noise\cls_4\0402.wav,4
D:\VSCodeRepository\SceneZone-ANC\data\synth_noise\cls_4\0403.wav,4
D:\VSCodeRepository\SceneZone-ANC\data\synth_noise\cls_4\0404.wav,4
D:\VSCodeRepository\SceneZone-ANC\data\synth_noise\cls_4\0405.wav,4
D:\VSCodeRepository\SceneZone-ANC\data\synth_noise\cls_4\0406.wav,4
D:\VSCodeRepository\SceneZone-ANC\data\synth_noise\cls_4\0407.wav,4
D:\VSCodeRepository\SceneZone-ANC\data\synth_noise\cls_4\0408.wav,4
D:\VSCodeRepository\SceneZone-ANC\data\synth_noise\cls_4\0409.wav,4
D:\VSCodeRepository\SceneZone-ANC\data\synth_noise\cls_4\0410.wav,4
D:\VSCodeRepository\SceneZone-ANC\data\synth_noise\cls_4\0411.wav,4
D:\VSCodeRepository\SceneZone-ANC\data\synth_noise\cls_4\0412.wav,4
D:\VSCodeRepository\SceneZone-ANC\data\synth_noise\cls_4\0413.wav,4
D:\VSCodeRepository\SceneZone-ANC\data\synth_noise\cls_4\0414.wav,4
D:\VSCodeRepository\SceneZone-ANC\data\synth_noise\cls_4\0415.wav,4
D:\VSCodeRepository\SceneZone-ANC\data\synth_noise\cls_4\0416.wav,4
D:\VSCodeRepository\SceneZone-ANC\data\synth_noise\cls_4\0417.wav,4
D:\VSCodeRepository\SceneZone-ANC\data\synth_noise\cls_4\0418.wav,4
D:\VSCodeRepository\SceneZone-ANC\data\synth_noise\cls_4\0419.wav,4
D:\VSCodeRepository\SceneZone-ANC\data\synth_noise\cls_4\0420.wav,4
D:\VSCodeRepository\SceneZone-ANC\data\synth_noise\cls_4\0421.wav,4
D:\VSCodeRepository\SceneZone-ANC\data\synth_noise\cls_4\0422.wav,4
D:\VSCodeRepository\SceneZone-ANC\data\synth_noise\cls_4\0423.wav,4
D:\VSCodeRepository\SceneZone-ANC\data\synth_noise\cls_4\0424.wav,4
D:\VSCodeRepository\SceneZone-ANC\data\synth_noise\cls_4\0425.wav,4
D:\VSCodeRepository\SceneZone-ANC\data\synth_noise\cls_4\0426.wav,4
D:\VSCodeRepository\SceneZone-ANC\data\synth_noise\cls_4\0427.wav,4
D:\VSCodeRepository\SceneZone-ANC\data\synth_noise\cls_4\0428.wav,4
D:\VSCodeRepository\SceneZone-ANC\data\synth_noise\cls_4\0429.wav,4
D:\VSCodeRepository\SceneZone-ANC\data\synth_noise\cls_4\0430.wav,4
D:\VSCodeRepository\SceneZone-ANC\data\synth_noise\cls_4\0431.wav,4
D:\VSCodeRepository\SceneZone-ANC\data\synth_noise\cls_4\0432.wav,4
D:\VSCodeRepository\SceneZone-ANC\data\synth_noise\cls_4\0433.wav,4
D:\VSCodeRepository\SceneZone-ANC\data\synth_noise\cls_4\0434.wav,4
D:\VSCodeRepository\SceneZone-ANC\data\synth_noise\cls_4\0435.wav,4
D:\VSCodeRepository\SceneZone-ANC\data\synth_noise\cls_4\0436.wav,4
D:\VSCodeRepository\SceneZone-ANC\data\synth_noise\cls_4\0437.wav,4
D:\VSCodeRepository\SceneZone-ANC\data\synth_noise\cls_4\0438.wav,4
D:\VSCodeRepository\SceneZone-ANC\data\synth_noise\cls_4\0439.wav,4
D:\VSCodeRepository\SceneZone-ANC\data\synth_noise\cls_4\0440.wav,4
D:\VSCodeRepository\SceneZone-ANC\data\synth_noise\cls_4\0441.wav,4
D:\VSCodeRepository\SceneZone-ANC\data\synth_noise\cls_4\0442.wav,4
D:\VSCodeRepository\SceneZone-ANC\data\synth_noise\cls_4\0443.wav,4
D:\VSCodeRepository\SceneZone-ANC\data\synth_noise\cls_4\0444.wav,4
D:\VSCodeRepository\SceneZone-ANC\data\synth_noise\cls_4\0445.wav,4
D:\VSCodeRepository\SceneZone-ANC\data\synth_noise\cls_4\0446.wav,4
D:\VSCodeRepository\SceneZone-ANC\data\synth_noise\cls_4\0447.wav,4
D:\VSCodeRepository\SceneZone-ANC\data\synth_noise\cls_4\0448.wav,4
D:\VSCodeRepository\SceneZone-ANC\data\synth_noise\cls_4\0449.wav,4
D:\VSCodeRepository\SceneZone-ANC\data\synth_noise\cls_4\0450.wav,4
D:\VSCodeRepository\SceneZone-ANC\data\synth_noise\cls_4\0451.wav,4
D:\VSCodeRepository\SceneZone-ANC\data\synth_noise\cls_4\0452.wav,4
D:\VSCodeRepository\SceneZone-ANC\data\synth_noise\cls_4\0453.wav,4
D:\VSCodeRepository\SceneZone-ANC\data\synth_noise\cls_4\0454.wav,4
D:\VSCodeRepository\SceneZone-ANC\data\synth_noise\cls_4\0455.wav,4
D:\VSCodeRepository\SceneZone-ANC\data\synth_noise\cls_4\0456.wav,4
D:\VSCodeRepository\SceneZone-ANC\data\synth_noise\cls_4\0457.wav,4
D:\VSCodeRepository\SceneZone-ANC\data\synth_noise\cls_4\0458.wav,4
D:\VSCodeRepository\SceneZone-ANC\data\synth_noise\cls_4\0459.wav,4
D:\VSCodeRepository\SceneZone-ANC\data\synth_noise\cls_4\0460.wav,4
D:\VSCodeRepository\SceneZone-ANC\data\synth_noise\cls_4\0461.wav,4
D:\VSCodeRepository\SceneZone-ANC\data\synth_noise\cls_4\0462.wav,4
D:\VSCodeRepository\SceneZone-ANC\data\synth_noise\cls_4\0463.wav,4
D:\VSCodeRepository\SceneZone-ANC\data\synth_noise\cls_4\0464.wav,4
D:\VSCodeRepository\SceneZone-ANC\data\synth_noise\cls_4\0465.wav,4
D:\VSCodeRepository\SceneZone-ANC\data\synth_noise\cls_4\0466.wav,4
D:\VSCodeRepository\SceneZone-ANC\data\synth_noise\cls_4\0467.wav,4
D:\VSCodeRepository\SceneZone-ANC\data\synth_noise\cls_4\0468.wav,4
D:\VSCodeRepository\SceneZone-ANC\data\synth_noise\cls_4\0469.wav,4
D:\VSCodeRepository\SceneZone-ANC\data\synth_noise\cls_4\0470.wav,4
D:\VSCodeRepository\SceneZone-ANC\data\synth_noise\cls_4\0471.wav,4
D:\VSCodeRepository\SceneZone-ANC\data\synth_noise\cls_4\0472.wav,4
D:\VSCodeRepository\SceneZone-ANC\data\synth_noise\cls_4\0473.wav,4
D:\VSCodeRepository\SceneZone-ANC\data\synth_noise\cls_4\0474.wav,4
D:\VSCodeRepository\SceneZone-ANC\data\synth_noise\cls_4\0475.wav,4
D:\VSCodeRepository\SceneZone-ANC\data\synth_noise\cls_4\0476.wav,4
D:\VSCodeRepository\SceneZone-ANC\data\synth_noise\cls_4\0477.wav,4
D:\VSCodeRepository\SceneZone-ANC\data\synth_noise\cls_4\0478.wav,4
D:\VSCodeRepository\SceneZone-ANC\data\synth_noise\cls_4\0479.wav,4
D:\VSCodeRepository\SceneZone-ANC\data\synth_noise\cls_4\0480.wav,4
D:\VSCodeRepository\SceneZone-ANC\data\synth_noise\cls_4\0481.wav,4
D:\VSCodeRepository\SceneZone-ANC\data\synth_noise\cls_4\0482.wav,4
D:\VSCodeRepository\SceneZone-ANC\data\synth_noise\cls_4\0483.wav,4
D:\VSCodeRepository\SceneZone-ANC\data\synth_noise\cls_4\0484.wav,4
D:\VSCodeRepository\SceneZone-ANC\data\synth_noise\cls_4\0485.wav,4
D:\VSCodeRepository\SceneZone-ANC\data\synth_noise\cls_4\0486.wav,4
D:\VSCodeRepository\SceneZone-ANC\data\synth_noise\cls_4\0487.wav,4
D:\VSCodeRepository\SceneZone-ANC\data\synth_noise\cls_4\0488.wav,4
D:\VSCodeRepository\SceneZone-ANC\data\synth_noise\cls_4\0489.wav,4
D:\VSCodeRepository\SceneZone-ANC\data\synth_noise\cls_4\0490.wav,4
D:\VSCodeRepository\SceneZone-ANC\data\synth_noise\cls_4\0491.wav,4
D:\VSCodeRepository\SceneZone-ANC\data\synth_noise\cls_4\0492.wav,4
D:\VSCodeRepository\SceneZone-ANC\data\synth_noise\cls_4\0493.wav,4
D:\VSCodeRepository\SceneZone-ANC\data\synth_noise\cls_4\0494.wav,4
D:\VSCodeRepository\SceneZone-ANC\data\synth_noise\cls_4\0495.wav,4
D:\VSCodeRepository\SceneZone-ANC\data\synth_noise\cls_4\0496.wav,4
D:\VSCodeRepository\SceneZone-ANC\data\synth_noise\cls_4\0497.wav,4
D:\VSCodeRepository\SceneZone-ANC\data\synth_noise\cls_4\0498.wav,4
D:\VSCodeRepository\SceneZone-ANC\data\synth_noise\cls_4\0499.wav,4
D:\VSCodeRepository\SceneZone-ANC\data\synth_noise\cls_4\0500.wav,4
D:\VSCodeRepository\SceneZone-ANC\data\synth_noise\cls_4\0501.wav,4
D:\VSCodeRepository\SceneZone-ANC\data\synth_noise\cls_4\0502.wav,4
D:\VSCodeRepository\SceneZone-ANC\data\synth_noise\cls_4\0503.wav,4
D:\VSCodeRepository\SceneZone-ANC\data\synth_noise\cls_4\0504.wav,4
D:\VSCodeRepository\SceneZone-ANC\data\synth_noise\cls_4\0505.wav,4
D:\VSCodeRepository\SceneZone-ANC\data\synth_noise\cls_4\0506.wav,4
D:\VSCodeRepository\SceneZone-ANC\data\synth_noise\cls_4\0507.wav,4
D:\VSCodeRepository\SceneZone-ANC\data\synth_noise\cls_4\0508.wav,4
D:\VSCodeRepository\SceneZone-ANC\data\synth_noise\cls_4\0509.wav,4
D:\VSCodeRepository\SceneZone-ANC\data\synth_noise\cls_4\0510.wav,4
D:\VSCodeRepository\SceneZone-ANC\data\synth_noise\cls_4\0511.wav,4
D:\VSCodeRepository\SceneZone-ANC\data\synth_noise\cls_4\0512.wav,4
D:\VSCodeRepository\SceneZone-ANC\data\synth_noise\cls_4\0513.wav,4
D:\VSCodeRepository\SceneZone-ANC\data\synth_noise\cls_4\0514.wav,4
D:\VSCodeRepository\SceneZone-ANC\data\synth_noise\cls_4\0515.wav,4
D:\VSCodeRepository\SceneZone-ANC\data\synth_noise\cls_4\0516.wav,4
D:\VSCodeRepository\SceneZone-ANC\data\synth_noise\cls_4\0517.wav,4
D:\VSCodeRepository\SceneZone-ANC\data\synth_noise\cls_4\0518.wav,4
D:\VSCodeRepository\SceneZone-ANC\data\synth_noise\cls_4\0519.wav,4
D:\VSCodeRepository\SceneZone-ANC\data\synth_noise\cls_4\0520.wav,4
D:\VSCodeRepository\SceneZone-ANC\data\synth_noise\cls_4\0521.wav,4
D:\VSCodeRepository\SceneZone-ANC\data\synth_noise\cls_4\0522.wav,4
D:\VSCodeRepository\SceneZone-ANC\data\synth_noise\cls_4\0523.wav,4
D:\VSCodeRepository\SceneZone-ANC\data\synth_noise\cls_4\0524.wav,4
D:\VSCodeRepository\SceneZone-ANC\data\synth_noise\cls_4\0525.wav,4
D:\VSCodeRepository\SceneZone-ANC\data\synth_noise\cls_4\0526.wav,4
D:\VSCodeRepository\SceneZone-ANC\data\synth_noise\cls_4\0527.wav,4
D:\VSCodeRepository\SceneZone-ANC\data\synth_noise\cls_4\0528.wav,4
D:\VSCodeRepository\SceneZone-ANC\data\synth_noise\cls_4\0529.wav,4
D:\VSCodeRepository\SceneZone-ANC\data\synth_noise\cls_4\0530.wav,4
D:\VSCodeRepository\SceneZone-ANC\data\synth_noise\cls_4\0531.wav,4
D:\VSCodeRepository\SceneZone-ANC\data\synth_noise\cls_4\0532.wav,4
D:\VSCodeRepository\SceneZone-ANC\data\synth_noise\cls_4\0533.wav,4
D:\VSCodeRepository\SceneZone-ANC\data\synth_noise\cls_4\0534.wav,4
D:\VSCodeRepository\SceneZone-ANC\data\synth_noise\cls_4\0535.wav,4
D:\VSCodeRepository\SceneZone-ANC\data\synth_noise\cls_4\0536.wav,4
D:\VSCodeRepository\SceneZone-ANC\data\synth_noise\cls_4\0537.wav,4
D:\VSCodeRepository\SceneZone-ANC\data\synth_noise\cls_4\0538.wav,4
D:\VSCodeRepository\SceneZone-ANC\data\synth_noise\cls_4\0539.wav,4
D:\VSCodeRepository\SceneZone-ANC\data\synth_noise\cls_4\0540.wav,4
D:\VSCodeRepository\SceneZone-ANC\data\synth_noise\cls_4\0541.wav,4
D:\VSCodeRepository\SceneZone-ANC\data\synth_noise\cls_4\0542.wav,4
D:\VSCodeRepository\SceneZone-ANC\data\synth_noise\cls_4\0543.wav,4
D:\VSCodeRepository\SceneZone-ANC\data\synth_noise\cls_4\0544.wav,4
D:\VSCodeRepository\SceneZone-ANC\data\synth_noise\cls_4\0545.wav,4
D:\VSCodeRepository\SceneZone-ANC\data\synth_noise\cls_4\0546.wav,4
D:\VSCodeRepository\SceneZone-ANC\data\synth_noise\cls_4\0547.wav,4
D:\VSCodeRepository\SceneZone-ANC\data\synth_noise\cls_4\0548.wav,4
D:\VSCodeRepository\SceneZone-ANC\data\synth_noise\cls_4\0549.wav,4
D:\VSCodeRepository\SceneZone-ANC\data\synth_noise\cls_4\0550.wav,4
D:\VSCodeRepository\SceneZone-ANC\data\synth_noise\cls_4\0551.wav,4
D:\VSCodeRepository\SceneZone-ANC\data\synth_noise\cls_4\0552.wav,4
D:\VSCodeRepository\SceneZone-ANC\data\synth_noise\cls_4\0553.wav,4
D:\VSCodeRepository\SceneZone-ANC\data\synth_noise\cls_4\0554.wav,4
D:\VSCodeRepository\SceneZone-ANC\data\synth_noise\cls_4\0555.wav,4
D:\VSCodeRepository\SceneZone-ANC\data\synth_noise\cls_4\0556.wav,4
D:\VSCodeRepository\SceneZone-ANC\data\synth_noise\cls_4\0557.wav,4
D:\VSCodeRepository\SceneZone-ANC\data\synth_noise\cls_4\0558.wav,4
D:\VSCodeRepository\SceneZone-ANC\data\synth_noise\cls_4\0559.wav,4
D:\VSCodeRepository\SceneZone-ANC\data\synth_noise\cls_4\0560.wav,4
D:\VSCodeRepository\SceneZone-ANC\data\synth_noise\cls_4\0561.wav,4
D:\VSCodeRepository\SceneZone-ANC\data\synth_noise\cls_4\0562.wav,4
D:\VSCodeRepository\SceneZone-ANC\data\synth_noise\cls_4\0563.wav,4
D:\VSCodeRepository\SceneZone-ANC\data\synth_noise\cls_4\0564.wav,4
D:\VSCodeRepository\SceneZone-ANC\data\synth_noise\cls_4\0565.wav,4
D:\VSCodeRepository\SceneZone-ANC\data\synth_noise\cls_4\0566.wav,4
D:\VSCodeRepository\SceneZone-ANC\data\synth_noise\cls_4\0567.wav,4
D:\VSCodeRepository\SceneZone-ANC\data\synth_noise\cls_4\0568.wav,4
D:\VSCodeRepository\SceneZone-ANC\data\synth_noise\cls_4\0569.wav,4
D:\VSCodeRepository\SceneZone-ANC\data\synth_noise\cls_4\0570.wav,4
D:\VSCodeRepository\SceneZone-ANC\data\synth_noise\cls_4\0571.wav,4
D:\VSCodeRepository\SceneZone-ANC\data\synth_noise\cls_4\0572.wav,4
D:\VSCodeRepository\SceneZone-ANC\data\synth_noise\cls_4\0573.wav,4
D:\VSCodeRepository\SceneZone-ANC\data\synth_noise\cls_4\0574.wav,4
D:\VSCodeRepository\SceneZone-ANC\data\synth_noise\cls_4\0575.wav,4
D:\VSCodeRepository\SceneZone-ANC\data\synth_noise\cls_4\0576.wav,4
D:\VSCodeRepository\SceneZone-ANC\data\synth_noise\cls_4\0577.wav,4
D:\VSCodeRepository\SceneZone-ANC\data\synth_noise\cls_4\0578.wav,4
D:\VSCodeRepository\SceneZone-ANC\data\synth_noise\cls_4\0579.wav,4
D:\VSCodeRepository\SceneZone-ANC\data\synth_noise\cls_4\0580.wav,4
D:\VSCodeRepository\SceneZone-ANC\data\synth_noise\cls_4\0581.wav,4
D:\VSCodeRepository\SceneZone-ANC\data\synth_noise\cls_4\0582.wav,4
D:\VSCodeRepository\SceneZone-ANC\data\synth_noise\cls_4\0583.wav,4
D:\VSCodeRepository\SceneZone-ANC\data\synth_noise\cls_4\0584.wav,4
D:\VSCodeRepository\SceneZone-ANC\data\synth_noise\cls_4\0585.wav,4
D:\VSCodeRepository\SceneZone-ANC\data\synth_noise\cls_4\0586.wav,4
D:\VSCodeRepository\SceneZone-ANC\data\synth_noise\cls_4\0587.wav,4
D:\VSCodeRepository\SceneZone-ANC\data\synth_noise\cls_4\0588.wav,4
D:\VSCodeRepository\SceneZone-ANC\data\synth_noise\cls_4\0589.wav,4
D:\VSCodeRepository\SceneZone-ANC\data\synth_noise\cls_4\0590.wav,4
D:\VSCodeRepository\SceneZone-ANC\data\synth_noise\cls_4\0591.wav,4
D:\VSCodeRepository\SceneZone-ANC\data\synth_noise\cls_4\0592.wav,4
D:\VSCodeRepository\SceneZone-ANC\data\synth_noise\cls_4\0593.wav,4
D:\VSCodeRepository\SceneZone-ANC\data\synth_noise\cls_4\0594.wav,4
D:\VSCodeRepository\SceneZone-ANC\data\synth_noise\cls_4\0595.wav,4
D:\VSCodeRepository\SceneZone-ANC\data\synth_noise\cls_4\0596.wav,4
D:\VSCodeRepository\SceneZone-ANC\data\synth_noise\cls_4\0597.wav,4
D:\VSCodeRepository\SceneZone-ANC\data\synth_noise\cls_4\0598.wav,4
D:\VSCodeRepository\SceneZone-ANC\data\synth_noise\cls_4\0599.wav,4
D:\VSCodeRepository\SceneZone-ANC\data\synth_noise\cls_4\0600.wav,4
D:\VSCodeRepository\SceneZone-ANC\data\synth_noise\cls_4\0601.wav,4
D:\VSCodeRepository\SceneZone-ANC\data\synth_noise\cls_4\0602.wav,4
D:\VSCodeRepository\SceneZone-ANC\data\synth_noise\cls_4\0603.wav,4
D:\VSCodeRepository\SceneZone-ANC\data\synth_noise\cls_4\0604.wav,4
D:\VSCodeRepository\SceneZone-ANC\data\synth_noise\cls_4\0605.wav,4
D:\VSCodeRepository\SceneZone-ANC\data\synth_noise\cls_4\0606.wav,4
D:\VSCodeRepository\SceneZone-ANC\data\synth_noise\cls_4\0607.wav,4
D:\VSCodeRepository\SceneZone-ANC\data\synth_noise\cls_4\0608.wav,4
D:\VSCodeRepository\SceneZone-ANC\data\synth_noise\cls_4\0609.wav,4
D:\VSCodeRepository\SceneZone-ANC\data\synth_noise\cls_4\0610.wav,4
D:\VSCodeRepository\SceneZone-ANC\data\synth_noise\cls_4\0611.wav,4
D:\VSCodeRepository\SceneZone-ANC\data\synth_noise\cls_4\0612.wav,4
D:\VSCodeRepository\SceneZone-ANC\data\synth_noise\cls_4\0613.wav,4
D:\VSCodeRepository\SceneZone-ANC\data\synth_noise\cls_4\0614.wav,4
D:\VSCodeRepository\SceneZone-ANC\data\synth_noise\cls_4\0615.wav,4
D:\VSCodeRepository\SceneZone-ANC\data\synth_noise\cls_4\0616.wav,4
D:\VSCodeRepository\SceneZone-ANC\data\synth_noise\cls_4\0617.wav,4
D:\VSCodeRepository\SceneZone-ANC\data\synth_noise\cls_4\0618.wav,4
D:\VSCodeRepository\SceneZone-ANC\data\synth_noise\cls_4\0619.wav,4
D:\VSCodeRepository\SceneZone-ANC\data\synth_noise\cls_4\0620.wav,4
D:\VSCodeRepository\SceneZone-ANC\data\synth_noise\cls_4\0621.wav,4
D:\VSCodeRepository\SceneZone-ANC\data\synth_noise\cls_4\0622.wav,4
D:\VSCodeRepository\SceneZone-ANC\data\synth_noise\cls_4\0623.wav,4
D:\VSCodeRepository\SceneZone-ANC\data\synth_noise\cls_4\0624.wav,4
D:\VSCodeRepository\SceneZone-ANC\data\synth_noise\cls_4\0625.wav,4
D:\VSCodeRepository\SceneZone-ANC\data\synth_noise\cls_4\0626.wav,4
D:\VSCodeRepository\SceneZone-ANC\data\synth_noise\cls_4\0627.wav,4
D:\VSCodeRepository\SceneZone-ANC\data\synth_noise\cls_4\0628.wav,4
D:\VSCodeRepository\SceneZone-ANC\data\synth_noise\cls_4\0629.wav,4
D:\VSCodeRepository\SceneZone-ANC\data\synth_noise\cls_4\0630.wav,4
D:\VSCodeRepository\SceneZone-ANC\data\synth_noise\cls_4\0631.wav,4
D:\VSCodeRepository\SceneZone-ANC\data\synth_noise\cls_4\0632.wav,4
D:\VSCodeRepository\SceneZone-ANC\data\synth_noise\cls_4\0633.wav,4
D:\VSCodeRepository\SceneZone-ANC\data\synth_noise\cls_4\0634.wav,4
D:\VSCodeRepository\SceneZone-ANC\data\synth_noise\cls_4\0635.wav,4
D:\VSCodeRepository\SceneZone-ANC\data\synth_noise\cls_4\0636.wav,4
D:\VSCodeRepository\SceneZone-ANC\data\synth_noise\cls_4\0637.wav,4
D:\VSCodeRepository\SceneZone-ANC\data\synth_noise\cls_4\0638.wav,4
D:\VSCodeRepository\SceneZone-ANC\data\synth_noise\cls_4\0639.wav,4
D:\VSCodeRepository\SceneZone-ANC\data\synth_noise\cls_4\0640.wav,4
D:\VSCodeRepository\SceneZone-ANC\data\synth_noise\cls_4\0641.wav,4
D:\VSCodeRepository\SceneZone-ANC\data\synth_noise\cls_4\0642.wav,4
D:\VSCodeRepository\SceneZone-ANC\data\synth_noise\cls_4\0643.wav,4
D:\VSCodeRepository\SceneZone-ANC\data\synth_noise\cls_4\0644.wav,4
D:\VSCodeRepository\SceneZone-ANC\data\synth_noise\cls_4\0645.wav,4
D:\VSCodeRepository\SceneZone-ANC\data\synth_noise\cls_4\0646.wav,4
D:\VSCodeRepository\SceneZone-ANC\data\synth_noise\cls_4\0647.wav,4
D:\VSCodeRepository\SceneZone-ANC\data\synth_noise\cls_4\0648.wav,4
D:\VSCodeRepository\SceneZone-ANC\data\synth_noise\cls_4\0649.wav,4
D:\VSCodeRepository\SceneZone-ANC\data\synth_noise\cls_4\0650.wav,4
D:\VSCodeRepository\SceneZone-ANC\data\synth_noise\cls_4\0651.wav,4
D:\VSCodeRepository\SceneZone-ANC\data\synth_noise\cls_4\0652.wav,4
D:\VSCodeRepository\SceneZone-ANC\data\synth_noise\cls_4\0653.wav,4
D:\VSCodeRepository\SceneZone-ANC\data\synth_noise\cls_4\0654.wav,4
D:\VSCodeRepository\SceneZone-ANC\data\synth_noise\cls_4\0655.wav,4
D:\VSCodeRepository\SceneZone-ANC\data\synth_noise\cls_4\0656.wav,4
D:\VSCodeRepository\SceneZone-ANC\data\synth_noise\cls_4\0657.wav,4
D:\VSCodeRepository\SceneZone-ANC\data\synth_noise\cls_4\0658.wav,4
D:\VSCodeRepository\SceneZone-ANC\data\synth_noise\cls_4\0659.wav,4
D:\VSCodeRepository\SceneZone-ANC\data\synth_noise\cls_4\0660.wav,4
D:\VSCodeRepository\SceneZone-ANC\data\synth_noise\cls_4\0661.wav,4
D:\VSCodeRepository\SceneZone-ANC\data\synth_noise\cls_4\0662.wav,4
D:\VSCodeRepository\SceneZone-ANC\data\synth_noise\cls_4\0663.wav,4
D:\VSCodeRepository\SceneZone-ANC\data\synth_noise\cls_4\0664.wav,4
D:\VSCodeRepository\SceneZone-ANC\data\synth_noise\cls_4\0665.wav,4
D:\VSCodeRepository\SceneZone-ANC\data\synth_noise\cls_4\0666.wav,4
D:\VSCodeRepository\SceneZone-ANC\data\synth_noise\cls_4\0667.wav,4
D:\VSCodeRepository\SceneZone-ANC\data\synth_noise\cls_4\0668.wav,4
D:\VSCodeRepository\SceneZone-ANC\data\synth_noise\cls_4\0669.wav,4
D:\VSCodeRepository\SceneZone-ANC\data\synth_noise\cls_4\0670.wav,4
D:\VSCodeRepository\SceneZone-ANC\data\synth_noise\cls_4\0671.wav,4
D:\VSCodeRepository\SceneZone-ANC\data\synth_noise\cls_4\0672.wav,4
D:\VSCodeRepository\SceneZone-ANC\data\synth_noise\cls_4\0673.wav,4
D:\VSCodeRepository\SceneZone-ANC\data\synth_noise\cls_4\0674.wav,4
D:\VSCodeRepository\SceneZone-ANC\data\synth_noise\cls_4\0675.wav,4
D:\VSCodeRepository\SceneZone-ANC\data\synth_noise\cls_4\0676.wav,4
D:\VSCodeRepository\SceneZone-ANC\data\synth_noise\cls_4\0677.wav,4
D:\VSCodeRepository\SceneZone-ANC\data\synth_noise\cls_4\0678.wav,4
D:\VSCodeRepository\SceneZone-ANC\data\synth_noise\cls_4\0679.wav,4
D:\VSCodeRepository\SceneZone-ANC\data\synth_noise\cls_4\0680.wav,4
D:\VSCodeRepository\SceneZone-ANC\data\synth_noise\cls_4\0681.wav,4
D:\VSCodeRepository\SceneZone-ANC\data\synth_noise\cls_4\0682.wav,4
D:\VSCodeRepository\SceneZone-ANC\data\synth_noise\cls_4\0683.wav,4
D:\VSCodeRepository\SceneZone-ANC\data\synth_noise\cls_4\0684.wav,4
D:\VSCodeRepository\SceneZone-ANC\data\synth_noise\cls_4\0685.wav,4
D:\VSCodeRepository\SceneZone-ANC\data\synth_noise\cls_4\0686.wav,4
D:\VSCodeRepository\SceneZone-ANC\data\synth_noise\cls_4\0687.wav,4
D:\VSCodeRepository\SceneZone-ANC\data\synth_noise\cls_4\0688.wav,4
D:\VSCodeRepository\SceneZone-ANC\data\synth_noise\cls_4\0689.wav,4
D:\VSCodeRepository\SceneZone-ANC\data\synth_noise\cls_4\0690.wav,4
D:\VSCodeRepository\SceneZone-ANC\data\synth_noise\cls_4\0691.wav,4
D:\VSCodeRepository\SceneZone-ANC\data\synth_noise\cls_4\0692.wav,4
D:\VSCodeRepository\SceneZone-ANC\data\synth_noise\cls_4\0693.wav,4
D:\VSCodeRepository\SceneZone-ANC\data\synth_noise\cls_4\0694.wav,4
D:\VSCodeRepository\SceneZone-ANC\data\synth_noise\cls_4\0695.wav,4
D:\VSCodeRepository\SceneZone-ANC\data\synth_noise\cls_4\0696.wav,4
D:\VSCodeRepository\SceneZone-ANC\data\synth_noise\cls_4\0697.wav,4
D:\VSCodeRepository\SceneZone-ANC\data\synth_noise\cls_4\0698.wav,4
D:\VSCodeRepository\SceneZone-ANC\data\synth_noise\cls_4\0699.wav,4
D:\VSCodeRepository\SceneZone-ANC\data\synth_noise\cls_4\0700.wav,4
D:\VSCodeRepository\SceneZone-ANC\data\synth_noise\cls_4\0701.wav,4
D:\VSCodeRepository\SceneZone-ANC\data\synth_noise\cls_4\0702.wav,4
D:\VSCodeRepository\SceneZone-ANC\data\synth_noise\cls_4\0703.wav,4
D:\VSCodeRepository\SceneZone-ANC\data\synth_noise\cls_4\0704.wav,4
D:\VSCodeRepository\SceneZone-ANC\data\synth_noise\cls_4\0705.wav,4
D:\VSCodeRepository\SceneZone-ANC\data\synth_noise\cls_4\0706.wav,4
D:\VSCodeRepository\SceneZone-ANC\data\synth_noise\cls_4\0707.wav,4
D:\VSCodeRepository\SceneZone-ANC\data\synth_noise\cls_4\0708.wav,4
D:\VSCodeRepository\SceneZone-ANC\data\synth_noise\cls_4\0709.wav,4
D:\VSCodeRepository\SceneZone-ANC\data\synth_noise\cls_4\0710.wav,4
D:\VSCodeRepository\SceneZone-ANC\data\synth_noise\cls_4\0711.wav,4
D:\VSCodeRepository\SceneZone-ANC\data\synth_noise\cls_4\0712.wav,4
D:\VSCodeRepository\SceneZone-ANC\data\synth_noise\cls_4\0713.wav,4
D:\VSCodeRepository\SceneZone-ANC\data\synth_noise\cls_4\0714.wav,4
D:\VSCodeRepository\SceneZone-ANC\data\synth_noise\cls_4\0715.wav,4
D:\VSCodeRepository\SceneZone-ANC\data\synth_noise\cls_4\0716.wav,4
D:\VSCodeRepository\SceneZone-ANC\data\synth_noise\cls_4\0717.wav,4
D:\VSCodeRepository\SceneZone-ANC\data\synth_noise\cls_4\0718.wav,4
D:\VSCodeRepository\SceneZone-ANC\data\synth_noise\cls_4\0719.wav,4
D:\VSCodeRepository\SceneZone-ANC\data\synth_noise\cls_4\0720.wav,4
D:\VSCodeRepository\SceneZone-ANC\data\synth_noise\cls_4\0721.wav,4
D:\VSCodeRepository\SceneZone-ANC\data\synth_noise\cls_4\0722.wav,4
D:\VSCodeRepository\SceneZone-ANC\data\synth_noise\cls_4\0723.wav,4
D:\VSCodeRepository\SceneZone-ANC\data\synth_noise\cls_4\0724.wav,4
D:\VSCodeRepository\SceneZone-ANC\data\synth_noise\cls_4\0725.wav,4
D:\VSCodeRepository\SceneZone-ANC\data\synth_noise\cls_4\0726.wav,4
D:\VSCodeRepository\SceneZone-ANC\data\synth_noise\cls_4\0727.wav,4
D:\VSCodeRepository\SceneZone-ANC\data\synth_noise\cls_4\0728.wav,4
D:\VSCodeRepository\SceneZone-ANC\data\synth_noise\cls_4\0729.wav,4
D:\VSCodeRepository\SceneZone-ANC\data\synth_noise\cls_4\0730.wav,4
D:\VSCodeRepository\SceneZone-ANC\data\synth_noise\cls_4\0731.wav,4
D:\VSCodeRepository\SceneZone-ANC\data\synth_noise\cls_4\0732.wav,4
D:\VSCodeRepository\SceneZone-ANC\data\synth_noise\cls_4\0733.wav,4
D:\VSCodeRepository\SceneZone-ANC\data\synth_noise\cls_4\0734.wav,4
D:\VSCodeRepository\SceneZone-ANC\data\synth_noise\cls_4\0735.wav,4
D:\VSCodeRepository\SceneZone-ANC\data\synth_noise\cls_4\0736.wav,4
D:\VSCodeRepository\SceneZone-ANC\data\synth_noise\cls_4\0737.wav,4
D:\VSCodeRepository\SceneZone-ANC\data\synth_noise\cls_4\0738.wav,4
D:\VSCodeRepository\SceneZone-ANC\data\synth_noise\cls_4\0739.wav,4
D:\VSCodeRepository\SceneZone-ANC\data\synth_noise\cls_4\0740.wav,4
D:\VSCodeRepository\SceneZone-ANC\data\synth_noise\cls_4\0741.wav,4
D:\VSCodeRepository\SceneZone-ANC\data\synth_noise\cls_4\0742.wav,4
D:\VSCodeRepository\SceneZone-ANC\data\synth_noise\cls_4\0743.wav,4
D:\VSCodeRepository\SceneZone-ANC\data\synth_noise\cls_4\0744.wav,4
D:\VSCodeRepository\SceneZone-ANC\data\synth_noise\cls_4\0745.wav,4
D:\VSCodeRepository\SceneZone-ANC\data\synth_noise\cls_4\0746.wav,4
D:\VSCodeRepository\SceneZone-ANC\data\synth_noise\cls_4\0747.wav,4
D:\VSCodeRepository\SceneZone-ANC\data\synth_noise\cls_4\0748.wav,4
D:\VSCodeRepository\SceneZone-ANC\data\synth_noise\cls_4\0749.wav,4
D:\VSCodeRepository\SceneZone-ANC\data\synth_noise\cls_4\0750.wav,4
D:\VSCodeRepository\SceneZone-ANC\data\synth_noise\cls_4\0751.wav,4
D:\VSCodeRepository\SceneZone-ANC\data\synth_noise\cls_4\0752.wav,4
D:\VSCodeRepository\SceneZone-ANC\data\synth_noise\cls_4\0753.wav,4
D:\VSCodeRepository\SceneZone-ANC\data\synth_noise\cls_4\0754.wav,4
D:\VSCodeRepository\SceneZone-ANC\data\synth_noise\cls_4\0755.wav,4
D:\VSCodeRepository\SceneZone-ANC\data\synth_noise\cls_4\0756.wav,4
D:\VSCodeRepository\SceneZone-ANC\data\synth_noise\cls_4\0757.wav,4
D:\VSCodeRepository\SceneZone-ANC\data\synth_noise\cls_4\0758.wav,4
D:\VSCodeRepository\SceneZone-ANC\data\synth_noise\cls_4\0759.wav,4
D:\VSCodeRepository\SceneZone-ANC\data\synth_noise\cls_4\0760.wav,4
D:\VSCodeRepository\SceneZone-ANC\data\synth_noise\cls_4\0761.wav,4
D:\VSCodeRepository\SceneZone-ANC\data\synth_noise\cls_4\0762.wav,4
D:\VSCodeRepository\SceneZone-ANC\data\synth_noise\cls_4\0763.wav,4
D:\VSCodeRepository\SceneZone-ANC\data\synth_noise\cls_4\0764.wav,4
D:\VSCodeRepository\SceneZone-ANC\data\synth_noise\cls_4\0765.wav,4
D:\VSCodeRepository\SceneZone-ANC\data\synth_noise\cls_4\0766.wav,4
D:\VSCodeRepository\SceneZone-ANC\data\synth_noise\cls_4\0767.wav,4
D:\VSCodeRepository\SceneZone-ANC\data\synth_noise\cls_4\0768.wav,4
D:\VSCodeRepository\SceneZone-ANC\data\synth_noise\cls_4\0769.wav,4
D:\VSCodeRepository\SceneZone-ANC\data\synth_noise\cls_4\0770.wav,4
D:\VSCodeRepository\SceneZone-ANC\data\synth_noise\cls_4\0771.wav,4
D:\VSCodeRepository\SceneZone-ANC\data\synth_noise\cls_4\0772.wav,4
D:\VSCodeRepository\SceneZone-ANC\data\synth_noise\cls_4\0773.wav,4
D:\VSCodeRepository\SceneZone-ANC\data\synth_noise\cls_4\0774.wav,4
D:\VSCodeRepository\SceneZone-ANC\data\synth_noise\cls_4\0775.wav,4
D:\VSCodeRepository\SceneZone-ANC\data\synth_noise\cls_4\0776.wav,4
D:\VSCodeRepository\SceneZone-ANC\data\synth_noise\cls_4\0777.wav,4
D:\VSCodeRepository\SceneZone-ANC\data\synth_noise\cls_4\0778.wav,4
D:\VSCodeRepository\SceneZone-ANC\data\synth_noise\cls_4\0779.wav,4
D:\VSCodeRepository\SceneZone-ANC\data\synth_noise\cls_4\0780.wav,4
D:\VSCodeRepository\SceneZone-ANC\data\synth_noise\cls_4\0781.wav,4
D:\VSCodeRepository\SceneZone-ANC\data\synth_noise\cls_4\0782.wav,4
D:\VSCodeRepository\SceneZone-ANC\data\synth_noise\cls_4\0783.wav,4
D:\VSCodeRepository\SceneZone-ANC\data\synth_noise\cls_4\0784.wav,4
D:\VSCodeRepository\SceneZone-ANC\data\synth_noise\cls_4\0785.wav,4
D:\VSCodeRepository\SceneZone-ANC\data\synth_noise\cls_4\0786.wav,4
D:\VSCodeRepository\SceneZone-ANC\data\synth_noise\cls_4\0787.wav,4
D:\VSCodeRepository\SceneZone-ANC\data\synth_noise\cls_4\0788.wav,4
D:\VSCodeRepository\SceneZone-ANC\data\synth_noise\cls_4\0789.wav,4
D:\VSCodeRepository\SceneZone-ANC\data\synth_noise\cls_4\0790.wav,4
D:\VSCodeRepository\SceneZone-ANC\data\synth_noise\cls_4\0791.wav,4
D:\VSCodeRepository\SceneZone-ANC\data\synth_noise\cls_4\0792.wav,4
D:\VSCodeRepository\SceneZone-ANC\data\synth_noise\cls_4\0793.wav,4
D:\VSCodeRepository\SceneZone-ANC\data\synth_noise\cls_4\0794.wav,4
D:\VSCodeRepository\SceneZone-ANC\data\synth_noise\cls_4\0795.wav,4
D:\VSCodeRepository\SceneZone-ANC\data\synth_noise\cls_4\0796.wav,4
D:\VSCodeRepository\SceneZone-ANC\data\synth_noise\cls_4\0797.wav,4
D:\VSCodeRepository\SceneZone-ANC\data\synth_noise\cls_4\0798.wav,4
D:\VSCodeRepository\SceneZone-ANC\data\synth_noise\cls_4\0799.wav,4
D:\VSCodeRepository\SceneZone-ANC\data\synth_noise\cls_4\0800.wav,4
D:\VSCodeRepository\SceneZone-ANC\data\synth_noise\cls_4\0801.wav,4
D:\VSCodeRepository\SceneZone-ANC\data\synth_noise\cls_4\0802.wav,4
D:\VSCodeRepository\SceneZone-ANC\data\synth_noise\cls_4\0803.wav,4
D:\VSCodeRepository\SceneZone-ANC\data\synth_noise\cls_4\0804.wav,4
D:\VSCodeRepository\SceneZone-ANC\data\synth_noise\cls_4\0805.wav,4
D:\VSCodeRepository\SceneZone-ANC\data\synth_noise\cls_4\0806.wav,4
D:\VSCodeRepository\SceneZone-ANC\data\synth_noise\cls_4\0807.wav,4
D:\VSCodeRepository\SceneZone-ANC\data\synth_noise\cls_4\0808.wav,4
D:\VSCodeRepository\SceneZone-ANC\data\synth_noise\cls_4\0809.wav,4
D:\VSCodeRepository\SceneZone-ANC\data\synth_noise\cls_4\0810.wav,4
D:\VSCodeRepository\SceneZone-ANC\data\synth_noise\cls_4\0811.wav,4
D:\VSCodeRepository\SceneZone-ANC\data\synth_noise\cls_4\0812.wav,4
D:\VSCodeRepository\SceneZone-ANC\data\synth_noise\cls_4\0813.wav,4
D:\VSCodeRepository\SceneZone-ANC\data\synth_noise\cls_4\0814.wav,4
D:\VSCodeRepository\SceneZone-ANC\data\synth_noise\cls_4\0815.wav,4
D:\VSCodeRepository\SceneZone-ANC\data\synth_noise\cls_4\0816.wav,4
D:\VSCodeRepository\SceneZone-ANC\data\synth_noise\cls_4\0817.wav,4
D:\VSCodeRepository\SceneZone-ANC\data\synth_noise\cls_4\0818.wav,4
D:\VSCodeRepository\SceneZone-ANC\data\synth_noise\cls_4\0819.wav,4
D:\VSCodeRepository\SceneZone-ANC\data\synth_noise\cls_4\0820.wav,4
D:\VSCodeRepository\SceneZone-ANC\data\synth_noise\cls_4\0821.wav,4
D:\VSCodeRepository\SceneZone-ANC\data\synth_noise\cls_4\0822.wav,4
D:\VSCodeRepository\SceneZone-ANC\data\synth_noise\cls_4\0823.wav,4
D:\VSCodeRepository\SceneZone-ANC\data\synth_noise\cls_4\0824.wav,4
D:\VSCodeRepository\SceneZone-ANC\data\synth_noise\cls_4\0825.wav,4
D:\VSCodeRepository\SceneZone-ANC\data\synth_noise\cls_4\0826.wav,4
D:\VSCodeRepository\SceneZone-ANC\data\synth_noise\cls_4\0827.wav,4
D:\VSCodeRepository\SceneZone-ANC\data\synth_noise\cls_4\0828.wav,4
D:\VSCodeRepository\SceneZone-ANC\data\synth_noise\cls_4\0829.wav,4
D:\VSCodeRepository\SceneZone-ANC\data\synth_noise\cls_4\0830.wav,4
D:\VSCodeRepository\SceneZone-ANC\data\synth_noise\cls_4\0831.wav,4
D:\VSCodeRepository\SceneZone-ANC\data\synth_noise\cls_4\0832.wav,4
D:\VSCodeRepository\SceneZone-ANC\data\synth_noise\cls_4\0833.wav,4
D:\VSCodeRepository\SceneZone-ANC\data\synth_noise\cls_4\0834.wav,4
D:\VSCodeRepository\SceneZone-ANC\data\synth_noise\cls_4\0835.wav,4
D:\VSCodeRepository\SceneZone-ANC\data\synth_noise\cls_4\0836.wav,4
D:\VSCodeRepository\SceneZone-ANC\data\synth_noise\cls_4\0837.wav,4
D:\VSCodeRepository\SceneZone-ANC\data\synth_noise\cls_4\0838.wav,4
D:\VSCodeRepository\SceneZone-ANC\data\synth_noise\cls_4\0839.wav,4
D:\VSCodeRepository\SceneZone-ANC\data\synth_noise\cls_4\0840.wav,4
D:\VSCodeRepository\SceneZone-ANC\data\synth_noise\cls_4\0841.wav,4
D:\VSCodeRepository\SceneZone-ANC\data\synth_noise\cls_4\0842.wav,4
D:\VSCodeRepository\SceneZone-ANC\data\synth_noise\cls_4\0843.wav,4
D:\VSCodeRepository\SceneZone-ANC\data\synth_noise\cls_4\0844.wav,4
D:\VSCodeRepository\SceneZone-ANC\data\synth_noise\cls_4\0845.wav,4
D:\VSCodeRepository\SceneZone-ANC\data\synth_noise\cls_4\0846.wav,4
D:\VSCodeRepository\SceneZone-ANC\data\synth_noise\cls_4\0847.wav,4
D:\VSCodeRepository\SceneZone-ANC\data\synth_noise\cls_4\0848.wav,4
D:\VSCodeRepository\SceneZone-ANC\data\synth_noise\cls_4\0849.wav,4
D:\VSCodeRepository\SceneZone-ANC\data\synth_noise\cls_4\0850.wav,4
D:\VSCodeRepository\SceneZone-ANC\data\synth_noise\cls_4\0851.wav,4
D:\VSCodeRepository\SceneZone-ANC\data\synth_noise\cls_4\0852.wav,4
D:\VSCodeRepository\SceneZone-ANC\data\synth_noise\cls_4\0853.wav,4
D:\VSCodeRepository\SceneZone-ANC\data\synth_noise\cls_4\0854.wav,4
D:\VSCodeRepository\SceneZone-ANC\data\synth_noise\cls_4\0855.wav,4
D:\VSCodeRepository\SceneZone-ANC\data\synth_noise\cls_4\0856.wav,4
D:\VSCodeRepository\SceneZone-ANC\data\synth_noise\cls_4\0857.wav,4
D:\VSCodeRepository\SceneZone-ANC\data\synth_noise\cls_4\0858.wav,4
D:\VSCodeRepository\SceneZone-ANC\data\synth_noise\cls_4\0859.wav,4
D:\VSCodeRepository\SceneZone-ANC\data\synth_noise\cls_4\0860.wav,4
D:\VSCodeRepository\SceneZone-ANC\data\synth_noise\cls_4\0861.wav,4
D:\VSCodeRepository\SceneZone-ANC\data\synth_noise\cls_4\0862.wav,4
D:\VSCodeRepository\SceneZone-ANC\data\synth_noise\cls_4\0863.wav,4
D:\VSCodeRepository\SceneZone-ANC\data\synth_noise\cls_4\0864.wav,4
D:\VSCodeRepository\SceneZone-ANC\data\synth_noise\cls_4\0865.wav,4
D:\VSCodeRepository\SceneZone-ANC\data\synth_noise\cls_4\0866.wav,4
D:\VSCodeRepository\SceneZone-ANC\data\synth_noise\cls_4\0867.wav,4
D:\VSCodeRepository\SceneZone-ANC\data\synth_noise\cls_4\0868.wav,4
D:\VSCodeRepository\SceneZone-ANC\data\synth_noise\cls_4\0869.wav,4
D:\VSCodeRepository\SceneZone-ANC\data\synth_noise\cls_4\0870.wav,4
D:\VSCodeRepository\SceneZone-ANC\data\synth_noise\cls_4\0871.wav,4
D:\VSCodeRepository\SceneZone-ANC\data\synth_noise\cls_4\0872.wav,4
D:\VSCodeRepository\SceneZone-ANC\data\synth_noise\cls_4\0873.wav,4
D:\VSCodeRepository\SceneZone-ANC\data\synth_noise\cls_4\0874.wav,4
D:\VSCodeRepository\SceneZone-ANC\data\synth_noise\cls_4\0875.wav,4
D:\VSCodeRepository\SceneZone-ANC\data\synth_noise\cls_4\0876.wav,4
D:\VSCodeRepository\SceneZone-ANC\data\synth_noise\cls_4\0877.wav,4
D:\VSCodeRepository\SceneZone-ANC\data\synth_noise\cls_4\0878.wav,4
D:\VSCodeRepository\SceneZone-ANC\data\synth_noise\cls_4\0879.wav,4
D:\VSCodeRepository\SceneZone-ANC\data\synth_noise\cls_4\0880.wav,4
D:\VSCodeRepository\SceneZone-ANC\data\synth_noise\cls_4\0881.wav,4
D:\VSCodeRepository\SceneZone-ANC\data\synth_noise\cls_4\0882.wav,4
D:\VSCodeRepository\SceneZone-ANC\data\synth_noise\cls_4\0883.wav,4
D:\VSCodeRepository\SceneZone-ANC\data\synth_noise\cls_4\0884.wav,4
D:\VSCodeRepository\SceneZone-ANC\data\synth_noise\cls_4\0885.wav,4
D:\VSCodeRepository\SceneZone-ANC\data\synth_noise\cls_4\0886.wav,4
D:\VSCodeRepository\SceneZone-ANC\data\synth_noise\cls_4\0887.wav,4
D:\VSCodeRepository\SceneZone-ANC\data\synth_noise\cls_4\0888.wav,4
D:\VSCodeRepository\SceneZone-ANC\data\synth_noise\cls_4\0889.wav,4
D:\VSCodeRepository\SceneZone-ANC\data\synth_noise\cls_4\0890.wav,4
D:\VSCodeRepository\SceneZone-ANC\data\synth_noise\cls_4\0891.wav,4
D:\VSCodeRepository\SceneZone-ANC\data\synth_noise\cls_4\0892.wav,4
D:\VSCodeRepository\SceneZone-ANC\data\synth_noise\cls_4\0893.wav,4
D:\VSCodeRepository\SceneZone-ANC\data\synth_noise\cls_4\0894.wav,4
D:\VSCodeRepository\SceneZone-ANC\data\synth_noise\cls_4\0895.wav,4
D:\VSCodeRepository\SceneZone-ANC\data\synth_noise\cls_4\0896.wav,4
D:\VSCodeRepository\SceneZone-ANC\data\synth_noise\cls_4\0897.wav,4
D:\VSCodeRepository\SceneZone-ANC\data\synth_noise\cls_4\0898.wav,4
D:\VSCodeRepository\SceneZone-ANC\data\synth_noise\cls_4\0899.wav,4
D:\VSCodeRepository\SceneZone-ANC\data\synth_noise\cls_4\0900.wav,4
D:\VSCodeRepository\SceneZone-ANC\data\synth_noise\cls_4\0901.wav,4
D:\VSCodeRepository\SceneZone-ANC\data\synth_noise\cls_4\0902.wav,4
D:\VSCodeRepository\SceneZone-ANC\data\synth_noise\cls_4\0903.wav,4
D:\VSCodeRepository\SceneZone-ANC\data\synth_noise\cls_4\0904.wav,4
D:\VSCodeRepository\SceneZone-ANC\data\synth_noise\cls_4\0905.wav,4
D:\VSCodeRepository\SceneZone-ANC\data\synth_noise\cls_4\0906.wav,4
D:\VSCodeRepository\SceneZone-ANC\data\synth_noise\cls_4\0907.wav,4
D:\VSCodeRepository\SceneZone-ANC\data\synth_noise\cls_4\0908.wav,4
D:\VSCodeRepository\SceneZone-ANC\data\synth_noise\cls_4\0909.wav,4
D:\VSCodeRepository\SceneZone-ANC\data\synth_noise\cls_4\0910.wav,4
D:\VSCodeRepository\SceneZone-ANC\data\synth_noise\cls_4\0911.wav,4
D:\VSCodeRepository\SceneZone-ANC\data\synth_noise\cls_4\0912.wav,4
D:\VSCodeRepository\SceneZone-ANC\data\synth_noise\cls_4\0913.wav,4
D:\VSCodeRepository\SceneZone-ANC\data\synth_noise\cls_4\0914.wav,4
D:\VSCodeRepository\SceneZone-ANC\data\synth_noise\cls_4\0915.wav,4
D:\VSCodeRepository\SceneZone-ANC\data\synth_noise\cls_4\0916.wav,4
D:\VSCodeRepository\SceneZone-ANC\data\synth_noise\cls_4\0917.wav,4
D:\VSCodeRepository\SceneZone-ANC\data\synth_noise\cls_4\0918.wav,4
D:\VSCodeRepository\SceneZone-ANC\data\synth_noise\cls_4\0919.wav,4
D:\VSCodeRepository\SceneZone-ANC\data\synth_noise\cls_4\0920.wav,4
D:\VSCodeRepository\SceneZone-ANC\data\synth_noise\cls_4\0921.wav,4
D:\VSCodeRepository\SceneZone-ANC\data\synth_noise\cls_4\0922.wav,4
D:\VSCodeRepository\SceneZone-ANC\data\synth_noise\cls_4\0923.wav,4
D:\VSCodeRepository\SceneZone-ANC\data\synth_noise\cls_4\0924.wav,4
D:\VSCodeRepository\SceneZone-ANC\data\synth_noise\cls_4\0925.wav,4
D:\VSCodeRepository\SceneZone-ANC\data\synth_noise\cls_4\0926.wav,4
D:\VSCodeRepository\SceneZone-ANC\data\synth_noise\cls_4\0927.wav,4
D:\VSCodeRepository\SceneZone-ANC\data\synth_noise\cls_4\0928.wav,4
D:\VSCodeRepository\SceneZone-ANC\data\synth_noise\cls_4\0929.wav,4
D:\VSCodeRepository\SceneZone-ANC\data\synth_noise\cls_4\0930.wav,4
D:\VSCodeRepository\SceneZone-ANC\data\synth_noise\cls_4\0931.wav,4
D:\VSCodeRepository\SceneZone-ANC\data\synth_noise\cls_4\0932.wav,4
D:\VSCodeRepository\SceneZone-ANC\data\synth_noise\cls_4\0933.wav,4
D:\VSCodeRepository\SceneZone-ANC\data\synth_noise\cls_4\0934.wav,4
D:\VSCodeRepository\SceneZone-ANC\data\synth_noise\cls_4\0935.wav,4
D:\VSCodeRepository\SceneZone-ANC\data\synth_noise\cls_4\0936.wav,4
D:\VSCodeRepository\SceneZone-ANC\data\synth_noise\cls_4\0937.wav,4
D:\VSCodeRepository\SceneZone-ANC\data\synth_noise\cls_4\0938.wav,4
D:\VSCodeRepository\SceneZone-ANC\data\synth_noise\cls_4\0939.wav,4
D:\VSCodeRepository\SceneZone-ANC\data\synth_noise\cls_4\0940.wav,4
D:\VSCodeRepository\SceneZone-ANC\data\synth_noise\cls_4\0941.wav,4
D:\VSCodeRepository\SceneZone-ANC\data\synth_noise\cls_4\0942.wav,4
D:\VSCodeRepository\SceneZone-ANC\data\synth_noise\cls_4\0943.wav,4
D:\VSCodeRepository\SceneZone-ANC\data\synth_noise\cls_4\0944.wav,4
D:\VSCodeRepository\SceneZone-ANC\data\synth_noise\cls_4\0945.wav,4
D:\VSCodeRepository\SceneZone-ANC\data\synth_noise\cls_4\0946.wav,4
D:\VSCodeRepository\SceneZone-ANC\data\synth_noise\cls_4\0947.wav,4
D:\VSCodeRepository\SceneZone-ANC\data\synth_noise\cls_4\0948.wav,4
D:\VSCodeRepository\SceneZone-ANC\data\synth_noise\cls_4\0949.wav,4
D:\VSCodeRepository\SceneZone-ANC\data\synth_noise\cls_4\0950.wav,4
D:\VSCodeRepository\SceneZone-ANC\data\synth_noise\cls_4\0951.wav,4
D:\VSCodeRepository\SceneZone-ANC\data\synth_noise\cls_4\0952.wav,4
D:\VSCodeRepository\SceneZone-ANC\data\synth_noise\cls_4\0953.wav,4
D:\VSCodeRepository\SceneZone-ANC\data\synth_noise\cls_4\0954.wav,4
D:\VSCodeRepository\SceneZone-ANC\data\synth_noise\cls_4\0955.wav,4
D:\VSCodeRepository\SceneZone-ANC\data\synth_noise\cls_4\0956.wav,4
D:\VSCodeRepository\SceneZone-ANC\data\synth_noise\cls_4\0957.wav,4
D:\VSCodeRepository\SceneZone-ANC\data\synth_noise\cls_4\0958.wav,4
D:\VSCodeRepository\SceneZone-ANC\data\synth_noise\cls_4\0959.wav,4
D:\VSCodeRepository\SceneZone-ANC\data\synth_noise\cls_4\0960.wav,4
D:\VSCodeRepository\SceneZone-ANC\data\synth_noise\cls_4\0961.wav,4
D:\VSCodeRepository\SceneZone-ANC\data\synth_noise\cls_4\0962.wav,4
D:\VSCodeRepository\SceneZone-ANC\data\synth_noise\cls_4\0963.wav,4
D:\VSCodeRepository\SceneZone-ANC\data\synth_noise\cls_4\0964.wav,4
D:\VSCodeRepository\SceneZone-ANC\data\synth_noise\cls_4\0965.wav,4
D:\VSCodeRepository\SceneZone-ANC\data\synth_noise\cls_4\0966.wav,4
D:\VSCodeRepository\SceneZone-ANC\data\synth_noise\cls_4\0967.wav,4
D:\VSCodeRepository\SceneZone-ANC\data\synth_noise\cls_4\0968.wav,4
D:\VSCodeRepository\SceneZone-ANC\data\synth_noise\cls_4\0969.wav,4
D:\VSCodeRepository\SceneZone-ANC\data\synth_noise\cls_4\0970.wav,4
D:\VSCodeRepository\SceneZone-ANC\data\synth_noise\cls_4\0971.wav,4
D:\VSCodeRepository\SceneZone-ANC\data\synth_noise\cls_4\0972.wav,4
D:\VSCodeRepository\SceneZone-ANC\data\synth_noise\cls_4\0973.wav,4
D:\VSCodeRepository\SceneZone-ANC\data\synth_noise\cls_4\0974.wav,4
D:\VSCodeRepository\SceneZone-ANC\data\synth_noise\cls_4\0975.wav,4
D:\VSCodeRepository\SceneZone-ANC\data\synth_noise\cls_4\0976.wav,4
D:\VSCodeRepository\SceneZone-ANC\data\synth_noise\cls_4\0977.wav,4
D:\VSCodeRepository\SceneZone-ANC\data\synth_noise\cls_4\0978.wav,4
D:\VSCodeRepository\SceneZone-ANC\data\synth_noise\cls_4\0979.wav,4
D:\VSCodeRepository\SceneZone-ANC\data\synth_noise\cls_4\0980.wav,4
D:\VSCodeRepository\SceneZone-ANC\data\synth_noise\cls_4\0981.wav,4
D:\VSCodeRepository\SceneZone-ANC\data\synth_noise\cls_4\0982.wav,4
D:\VSCodeRepository\SceneZone-ANC\data\synth_noise\cls_4\0983.wav,4
D:\VSCodeRepository\SceneZone-ANC\data\synth_noise\cls_4\0984.wav,4
D:\VSCodeRepository\SceneZone-ANC\data\synth_noise\cls_4\0985.wav,4
D:\VSCodeRepository\SceneZone-ANC\data\synth_noise\cls_4\0986.wav,4
D:\VSCodeRepository\SceneZone-ANC\data\synth_noise\cls_4\0987.wav,4
D:\VSCodeRepository\SceneZone-ANC\data\synth_noise\cls_4\0988.wav,4
D:\VSCodeRepository\SceneZone-ANC\data\synth_noise\cls_4\0989.wav,4
D:\VSCodeRepository\SceneZone-ANC\data\synth_noise\cls_4\0990.wav,4
D:\VSCodeRepository\SceneZone-ANC\data\synth_noise\cls_4\0991.wav,4
D:\VSCodeRepository\SceneZone-ANC\data\synth_noise\cls_4\0992.wav,4
D:\VSCodeRepository\SceneZone-ANC\data\synth_noise\cls_4\0993.wav,4
D:\VSCodeRepository\SceneZone-ANC\data\synth_noise\cls_4\0994.wav,4
D:\VSCodeRepository\SceneZone-ANC\data\synth_noise\cls_4\0995.wav,4
D:\VSCodeRepository\SceneZone-ANC\data\synth_noise\cls_4\0996.wav,4
D:\VSCodeRepository\SceneZone-ANC\data\synth_noise\cls_4\0997.wav,4
D:\VSCodeRepository\SceneZone-ANC\data\synth_noise\cls_4\0998.wav,4
D:\VSCodeRepository\SceneZone-ANC\data\synth_noise\cls_4\0999.wav,4
D:\VSCodeRepository\SceneZone-ANC\data\synth_noise\cls_4\1000.wav,4
D:\VSCodeRepository\SceneZone-ANC\data\synth_noise\cls_4\1001.wav,4
D:\VSCodeRepository\SceneZone-ANC\data\synth_noise\cls_4\1002.wav,4
D:\VSCodeRepository\SceneZone-ANC\data\synth_noise\cls_4\1003.wav,4
D:\VSCodeRepository\SceneZone-ANC\data\synth_noise\cls_4\1004.wav,4
D:\VSCodeRepository\SceneZone-ANC\data\synth_noise\cls_4\1005.wav,4
D:\VSCodeRepository\SceneZone-ANC\data\synth_noise\cls_4\1006.wav,4
D:\VSCodeRepository\SceneZone-ANC\data\synth_noise\cls_4\1007.wav,4
D:\VSCodeRepository\SceneZone-ANC\data\synth_noise\cls_4\1008.wav,4
D:\VSCodeRepository\SceneZone-ANC\data\synth_noise\cls_4\1009.wav,4
D:\VSCodeRepository\SceneZone-ANC\data\synth_noise\cls_4\1010.wav,4
D:\VSCodeRepository\SceneZone-ANC\data\synth_noise\cls_4\1011.wav,4
D:\VSCodeRepository\SceneZone-ANC\data\synth_noise\cls_4\1012.wav,4
D:\VSCodeRepository\SceneZone-ANC\data\synth_noise\cls_4\1013.wav,4
D:\VSCodeRepository\SceneZone-ANC\data\synth_noise\cls_4\1014.wav,4
D:\VSCodeRepository\SceneZone-ANC\data\synth_noise\cls_4\1015.wav,4
D:\VSCodeRepository\SceneZone-ANC\data\synth_noise\cls_4\1016.wav,4
D:\VSCodeRepository\SceneZone-ANC\data\synth_noise\cls_4\1017.wav,4
D:\VSCodeRepository\SceneZone-ANC\data\synth_noise\cls_4\1018.wav,4
D:\VSCodeRepository\SceneZone-ANC\data\synth_noise\cls_4\1019.wav,4
D:\VSCodeRepository\SceneZone-ANC\data\synth_noise\cls_4\1020.wav,4
D:\VSCodeRepository\SceneZone-ANC\data\synth_noise\cls_4\1021.wav,4
D:\VSCodeRepository\SceneZone-ANC\data\synth_noise\cls_4\1022.wav,4
D:\VSCodeRepository\SceneZone-ANC\data\synth_noise\cls_4\1023.wav,4
D:\VSCodeRepository\SceneZone-ANC\data\synth_noise\cls_4\1024.wav,4
D:\VSCodeRepository\SceneZone-ANC\data\synth_noise\cls_4\1025.wav,4
D:\VSCodeRepository\SceneZone-ANC\data\synth_noise\cls_4\1026.wav,4
D:\VSCodeRepository\SceneZone-ANC\data\synth_noise\cls_4\1027.wav,4
D:\VSCodeRepository\SceneZone-ANC\data\synth_noise\cls_4\1028.wav,4
D:\VSCodeRepository\SceneZone-ANC\data\synth_noise\cls_4\1029.wav,4
D:\VSCodeRepository\SceneZone-ANC\data\synth_noise\cls_4\1030.wav,4
D:\VSCodeRepository\SceneZone-ANC\data\synth_noise\cls_4\1031.wav,4
D:\VSCodeRepository\SceneZone-ANC\data\synth_noise\cls_4\1032.wav,4
D:\VSCodeRepository\SceneZone-ANC\data\synth_noise\cls_4\1033.wav,4
D:\VSCodeRepository\SceneZone-ANC\data\synth_noise\cls_4\1034.wav,4
D:\VSCodeRepository\SceneZone-ANC\data\synth_noise\cls_4\1035.wav,4
D:\VSCodeRepository\SceneZone-ANC\data\synth_noise\cls_4\1036.wav,4
D:\VSCodeRepository\SceneZone-ANC\data\synth_noise\cls_4\1037.wav,4
D:\VSCodeRepository\SceneZone-ANC\data\synth_noise\cls_4\1038.wav,4
D:\VSCodeRepository\SceneZone-ANC\data\synth_noise\cls_4\1039.wav,4
D:\VSCodeRepository\SceneZone-ANC\data\synth_noise\cls_4\1040.wav,4
D:\VSCodeRepository\SceneZone-ANC\data\synth_noise\cls_4\1041.wav,4
D:\VSCodeRepository\SceneZone-ANC\data\synth_noise\cls_4\1042.wav,4
D:\VSCodeRepository\SceneZone-ANC\data\synth_noise\cls_4\1043.wav,4
D:\VSCodeRepository\SceneZone-ANC\data\synth_noise\cls_4\1044.wav,4
D:\VSCodeRepository\SceneZone-ANC\data\synth_noise\cls_4\1045.wav,4
D:\VSCodeRepository\SceneZone-ANC\data\synth_noise\cls_4\1046.wav,4
D:\VSCodeRepository\SceneZone-ANC\data\synth_noise\cls_4\1047.wav,4
D:\VSCodeRepository\SceneZone-ANC\data\synth_noise\cls_4\1048.wav,4
D:\VSCodeRepository\SceneZone-ANC\data\synth_noise\cls_4\1049.wav,4
D:\VSCodeRepository\SceneZone-ANC\data\synth_noise\cls_4\1050.wav,4
D:\VSCodeRepository\SceneZone-ANC\data\synth_noise\cls_4\1051.wav,4
D:\VSCodeRepository\SceneZone-ANC\data\synth_noise\cls_4\1052.wav,4
D:\VSCodeRepository\SceneZone-ANC\data\synth_noise\cls_4\1053.wav,4
D:\VSCodeRepository\SceneZone-ANC\data\synth_noise\cls_4\1054.wav,4
D:\VSCodeRepository\SceneZone-ANC\data\synth_noise\cls_4\1055.wav,4
D:\VSCodeRepository\SceneZone-ANC\data\synth_noise\cls_4\1056.wav,4
D:\VSCodeRepository\SceneZone-ANC\data\synth_noise\cls_4\1057.wav,4
D:\VSCodeRepository\SceneZone-ANC\data\synth_noise\cls_4\1058.wav,4
D:\VSCodeRepository\SceneZone-ANC\data\synth_noise\cls_4\1059.wav,4
D:\VSCodeRepository\SceneZone-ANC\data\synth_noise\cls_4\1060.wav,4
D:\VSCodeRepository\SceneZone-ANC\data\synth_noise\cls_4\1061.wav,4
D:\VSCodeRepository\SceneZone-ANC\data\synth_noise\cls_4\1062.wav,4
D:\VSCodeRepository\SceneZone-ANC\data\synth_noise\cls_4\1063.wav,4
D:\VSCodeRepository\SceneZone-ANC\data\synth_noise\cls_4\1064.wav,4
D:\VSCodeRepository\SceneZone-ANC\data\synth_noise\cls_4\1065.wav,4
D:\VSCodeRepository\SceneZone-ANC\data\synth_noise\cls_4\1066.wav,4
D:\VSCodeRepository\SceneZone-ANC\data\synth_noise\cls_4\1067.wav,4
D:\VSCodeRepository\SceneZone-ANC\data\synth_noise\cls_4\1068.wav,4
D:\VSCodeRepository\SceneZone-ANC\data\synth_noise\cls_4\1069.wav,4
D:\VSCodeRepository\SceneZone-ANC\data\synth_noise\cls_4\1070.wav,4
D:\VSCodeRepository\SceneZone-ANC\data\synth_noise\cls_4\1071.wav,4
D:\VSCodeRepository\SceneZone-ANC\data\synth_noise\cls_4\1072.wav,4
D:\VSCodeRepository\SceneZone-ANC\data\synth_noise\cls_4\1073.wav,4
D:\VSCodeRepository\SceneZone-ANC\data\synth_noise\cls_4\1074.wav,4
D:\VSCodeRepository\SceneZone-ANC\data\synth_noise\cls_4\1075.wav,4
D:\VSCodeRepository\SceneZone-ANC\data\synth_noise\cls_4\1076.wav,4
D:\VSCodeRepository\SceneZone-ANC\data\synth_noise\cls_4\1077.wav,4
D:\VSCodeRepository\SceneZone-ANC\data\synth_noise\cls_4\1078.wav,4
D:\VSCodeRepository\SceneZone-ANC\data\synth_noise\cls_4\1079.wav,4
D:\VSCodeRepository\SceneZone-ANC\data\synth_noise\cls_4\1080.wav,4
D:\VSCodeRepository\SceneZone-ANC\data\synth_noise\cls_4\1081.wav,4
D:\VSCodeRepository\SceneZone-ANC\data\synth_noise\cls_4\1082.wav,4
D:\VSCodeRepository\SceneZone-ANC\data\synth_noise\cls_4\1083.wav,4
D:\VSCodeRepository\SceneZone-ANC\data\synth_noise\cls_4\1084.wav,4
D:\VSCodeRepository\SceneZone-ANC\data\synth_noise\cls_4\1085.wav,4
D:\VSCodeRepository\SceneZone-ANC\data\synth_noise\cls_4\1086.wav,4
D:\VSCodeRepository\SceneZone-ANC\data\synth_noise\cls_4\1087.wav,4
D:\VSCodeRepository\SceneZone-ANC\data\synth_noise\cls_4\1088.wav,4
D:\VSCodeRepository\SceneZone-ANC\data\synth_noise\cls_4\1089.wav,4
D:\VSCodeRepository\SceneZone-ANC\data\synth_noise\cls_4\1090.wav,4
D:\VSCodeRepository\SceneZone-ANC\data\synth_noise\cls_4\1091.wav,4
D:\VSCodeRepository\SceneZone-ANC\data\synth_noise\cls_4\1092.wav,4
D:\VSCodeRepository\SceneZone-ANC\data\synth_noise\cls_4\1093.wav,4
D:\VSCodeRepository\SceneZone-ANC\data\synth_noise\cls_4\1094.wav,4
D:\VSCodeRepository\SceneZone-ANC\data\synth_noise\cls_4\1095.wav,4
D:\VSCodeRepository\SceneZone-ANC\data\synth_noise\cls_4\1096.wav,4
D:\VSCodeRepository\SceneZone-ANC\data\synth_noise\cls_4\1097.wav,4
D:\VSCodeRepository\SceneZone-ANC\data\synth_noise\cls_4\1098.wav,4
D:\VSCodeRepository\SceneZone-ANC\data\synth_noise\cls_4\1099.wav,4
D:\VSCodeRepository\SceneZone-ANC\data\synth_noise\cls_4\1100.wav,4
D:\VSCodeRepository\SceneZone-ANC\data\synth_noise\cls_4\1101.wav,4
D:\VSCodeRepository\SceneZone-ANC\data\synth_noise\cls_4\1102.wav,4
D:\VSCodeRepository\SceneZone-ANC\data\synth_noise\cls_4\1103.wav,4
D:\VSCodeRepository\SceneZone-ANC\data\synth_noise\cls_4\1104.wav,4
D:\VSCodeRepository\SceneZone-ANC\data\synth_noise\cls_4\1105.wav,4
D:\VSCodeRepository\SceneZone-ANC\data\synth_noise\cls_4\1106.wav,4
D:\VSCodeRepository\SceneZone-ANC\data\synth_noise\cls_4\1107.wav,4
D:\VSCodeRepository\SceneZone-ANC\data\synth_noise\cls_4\1108.wav,4
D:\VSCodeRepository\SceneZone-ANC\data\synth_noise\cls_4\1109.wav,4
D:\VSCodeRepository\SceneZone-ANC\data\synth_noise\cls_4\1110.wav,4
D:\VSCodeRepository\SceneZone-ANC\data\synth_noise\cls_4\1111.wav,4
D:\VSCodeRepository\SceneZone-ANC\data\synth_noise\cls_4\1112.wav,4
D:\VSCodeRepository\SceneZone-ANC\data\synth_noise\cls_4\1113.wav,4
D:\VSCodeRepository\SceneZone-ANC\data\synth_noise\cls_4\1114.wav,4
D:\VSCodeRepository\SceneZone-ANC\data\synth_noise\cls_4\1115.wav,4
D:\VSCodeRepository\SceneZone-ANC\data\synth_noise\cls_4\1116.wav,4
D:\VSCodeRepository\SceneZone-ANC\data\synth_noise\cls_4\1117.wav,4
D:\VSCodeRepository\SceneZone-ANC\data\synth_noise\cls_4\1118.wav,4
D:\VSCodeRepository\SceneZone-ANC\data\synth_noise\cls_4\1119.wav,4
D:\VSCodeRepository\SceneZone-ANC\data\synth_noise\cls_4\1120.wav,4
D:\VSCodeRepository\SceneZone-ANC\data\synth_noise\cls_4\1121.wav,4
D:\VSCodeRepository\SceneZone-ANC\data\synth_noise\cls_4\1122.wav,4
D:\VSCodeRepository\SceneZone-ANC\data\synth_noise\cls_4\1123.wav,4
D:\VSCodeRepository\SceneZone-ANC\data\synth_noise\cls_4\1124.wav,4
D:\VSCodeRepository\SceneZone-ANC\data\synth_noise\cls_4\1125.wav,4
D:\VSCodeRepository\SceneZone-ANC\data\synth_noise\cls_4\1126.wav,4
D:\VSCodeRepository\SceneZone-ANC\data\synth_noise\cls_4\1127.wav,4
D:\VSCodeRepository\SceneZone-ANC\data\synth_noise\cls_4\1128.wav,4
D:\VSCodeRepository\SceneZone-ANC\data\synth_noise\cls_4\1129.wav,4
D:\VSCodeRepository\SceneZone-ANC\data\synth_noise\cls_4\1130.wav,4
D:\VSCodeRepository\SceneZone-ANC\data\synth_noise\cls_4\1131.wav,4
D:\VSCodeRepository\SceneZone-ANC\data\synth_noise\cls_4\1132.wav,4
D:\VSCodeRepository\SceneZone-ANC\data\synth_noise\cls_4\1133.wav,4
D:\VSCodeRepository\SceneZone-ANC\data\synth_noise\cls_4\1134.wav,4
D:\VSCodeRepository\SceneZone-ANC\data\synth_noise\cls_4\1135.wav,4
D:\VSCodeRepository\SceneZone-ANC\data\synth_noise\cls_4\1136.wav,4
D:\VSCodeRepository\SceneZone-ANC\data\synth_noise\cls_4\1137.wav,4
D:\VSCodeRepository\SceneZone-ANC\data\synth_noise\cls_4\1138.wav,4
D:\VSCodeRepository\SceneZone-ANC\data\synth_noise\cls_4\1139.wav,4
D:\VSCodeRepository\SceneZone-ANC\data\synth_noise\cls_4\1140.wav,4
D:\VSCodeRepository\SceneZone-ANC\data\synth_noise\cls_4\1141.wav,4
D:\VSCodeRepository\SceneZone-ANC\data\synth_noise\cls_4\1142.wav,4
D:\VSCodeRepository\SceneZone-ANC\data\synth_noise\cls_4\1143.wav,4
D:\VSCodeRepository\SceneZone-ANC\data\synth_noise\cls_4\1144.wav,4
D:\VSCodeRepository\SceneZone-ANC\data\synth_noise\cls_4\1145.wav,4
D:\VSCodeRepository\SceneZone-ANC\data\synth_noise\cls_4\1146.wav,4
D:\VSCodeRepository\SceneZone-ANC\data\synth_noise\cls_4\1147.wav,4
D:\VSCodeRepository\SceneZone-ANC\data\synth_noise\cls_4\1148.wav,4
D:\VSCodeRepository\SceneZone-ANC\data\synth_noise\cls_4\1149.wav,4
D:\VSCodeRepository\SceneZone-ANC\data\synth_noise\cls_4\1150.wav,4
D:\VSCodeRepository\SceneZone-ANC\data\synth_noise\cls_4\1151.wav,4
D:\VSCodeRepository\SceneZone-ANC\data\synth_noise\cls_4\1152.wav,4
D:\VSCodeRepository\SceneZone-ANC\data\synth_noise\cls_4\1153.wav,4
D:\VSCodeRepository\SceneZone-ANC\data\synth_noise\cls_4\1154.wav,4
D:\VSCodeRepository\SceneZone-ANC\data\synth_noise\cls_4\1155.wav,4
D:\VSCodeRepository\SceneZone-ANC\data\synth_noise\cls_4\1156.wav,4
D:\VSCodeRepository\SceneZone-ANC\data\synth_noise\cls_4\1157.wav,4
D:\VSCodeRepository\SceneZone-ANC\data\synth_noise\cls_4\1158.wav,4
D:\VSCodeRepository\SceneZone-ANC\data\synth_noise\cls_4\1159.wav,4
D:\VSCodeRepository\SceneZone-ANC\data\synth_noise\cls_4\1160.wav,4
D:\VSCodeRepository\SceneZone-ANC\data\synth_noise\cls_4\1161.wav,4
D:\VSCodeRepository\SceneZone-ANC\data\synth_noise\cls_4\1162.wav,4
D:\VSCodeRepository\SceneZone-ANC\data\synth_noise\cls_4\1163.wav,4
D:\VSCodeRepository\SceneZone-ANC\data\synth_noise\cls_4\1164.wav,4
D:\VSCodeRepository\SceneZone-ANC\data\synth_noise\cls_4\1165.wav,4
D:\VSCodeRepository\SceneZone-ANC\data\synth_noise\cls_4\1166.wav,4
D:\VSCodeRepository\SceneZone-ANC\data\synth_noise\cls_4\1167.wav,4
D:\VSCodeRepository\SceneZone-ANC\data\synth_noise\cls_4\1168.wav,4
D:\VSCodeRepository\SceneZone-ANC\data\synth_noise\cls_4\1169.wav,4
D:\VSCodeRepository\SceneZone-ANC\data\synth_noise\cls_4\1170.wav,4
D:\VSCodeRepository\SceneZone-ANC\data\synth_noise\cls_4\1171.wav,4
D:\VSCodeRepository\SceneZone-ANC\data\synth_noise\cls_4\1172.wav,4
D:\VSCodeRepository\SceneZone-ANC\data\synth_noise\cls_4\1173.wav,4
D:\VSCodeRepository\SceneZone-ANC\data\synth_noise\cls_4\1174.wav,4
D:\VSCodeRepository\SceneZone-ANC\data\synth_noise\cls_4\1175.wav,4
D:\VSCodeRepository\SceneZone-ANC\data\synth_noise\cls_4\1176.wav,4
D:\VSCodeRepository\SceneZone-ANC\data\synth_noise\cls_4\1177.wav,4
D:\VSCodeRepository\SceneZone-ANC\data\synth_noise\cls_4\1178.wav,4
D:\VSCodeRepository\SceneZone-ANC\data\synth_noise\cls_4\1179.wav,4
D:\VSCodeRepository\SceneZone-ANC\data\synth_noise\cls_4\1180.wav,4
D:\VSCodeRepository\SceneZone-ANC\data\synth_noise\cls_4\1181.wav,4
D:\VSCodeRepository\SceneZone-ANC\data\synth_noise\cls_4\1182.wav,4
D:\VSCodeRepository\SceneZone-ANC\data\synth_noise\cls_4\1183.wav,4
D:\VSCodeRepository\SceneZone-ANC\data\synth_noise\cls_4\1184.wav,4
D:\VSCodeRepository\SceneZone-ANC\data\synth_noise\cls_4\1185.wav,4
D:\VSCodeRepository\SceneZone-ANC\data\synth_noise\cls_4\1186.wav,4
D:\VSCodeRepository\SceneZone-ANC\data\synth_noise\cls_4\1187.wav,4
D:\VSCodeRepository\SceneZone-ANC\data\synth_noise\cls_4\1188.wav,4
D:\VSCodeRepository\SceneZone-ANC\data\synth_noise\cls_4\1189.wav,4
D:\VSCodeRepository\SceneZone-ANC\data\synth_noise\cls_4\1190.wav,4
D:\VSCodeRepository\SceneZone-ANC\data\synth_noise\cls_4\1191.wav,4
D:\VSCodeRepository\SceneZone-ANC\data\synth_noise\cls_4\1192.wav,4
D:\VSCodeRepository\SceneZone-ANC\data\synth_noise\cls_4\1193.wav,4
D:\VSCodeRepository\SceneZone-ANC\data\synth_noise\cls_4\1194.wav,4
D:\VSCodeRepository\SceneZone-ANC\data\synth_noise\cls_4\1195.wav,4
D:\VSCodeRepository\SceneZone-ANC\data\synth_noise\cls_4\1196.wav,4
D:\VSCodeRepository\SceneZone-ANC\data\synth_noise\cls_4\1197.wav,4
D:\VSCodeRepository\SceneZone-ANC\data\synth_noise\cls_4\1198.wav,4
D:\VSCodeRepository\SceneZone-ANC\data\synth_noise\cls_4\1199.wav,4
D:\VSCodeRepository\SceneZone-ANC\data\synth_noise\cls_4\1200.wav,4
D:\VSCodeRepository\SceneZone-ANC\data\synth_noise\cls_4\1201.wav,4
D:\VSCodeRepository\SceneZone-ANC\data\synth_noise\cls_4\1202.wav,4
D:\VSCodeRepository\SceneZone-ANC\data\synth_noise\cls_4\1203.wav,4
D:\VSCodeRepository\SceneZone-ANC\data\synth_noise\cls_4\1204.wav,4
D:\VSCodeRepository\SceneZone-ANC\data\synth_noise\cls_4\1205.wav,4
D:\VSCodeRepository\SceneZone-ANC\data\synth_noise\cls_4\1206.wav,4
D:\VSCodeRepository\SceneZone-ANC\data\synth_noise\cls_4\1207.wav,4
D:\VSCodeRepository\SceneZone-ANC\data\synth_noise\cls_4\1208.wav,4
D:\VSCodeRepository\SceneZone-ANC\data\synth_noise\cls_4\1209.wav,4
D:\VSCodeRepository\SceneZone-ANC\data\synth_noise\cls_4\1210.wav,4
D:\VSCodeRepository\SceneZone-ANC\data\synth_noise\cls_4\1211.wav,4
D:\VSCodeRepository\SceneZone-ANC\data\synth_noise\cls_4\1212.wav,4
D:\VSCodeRepository\SceneZone-ANC\data\synth_noise\cls_4\1213.wav,4
D:\VSCodeRepository\SceneZone-ANC\data\synth_noise\cls_4\1214.wav,4
D:\VSCodeRepository\SceneZone-ANC\data\synth_noise\cls_4\1215.wav,4
D:\VSCodeRepository\SceneZone-ANC\data\synth_noise\cls_4\1216.wav,4
D:\VSCodeRepository\SceneZone-ANC\data\synth_noise\cls_4\1217.wav,4
D:\VSCodeRepository\SceneZone-ANC\data\synth_noise\cls_4\1218.wav,4
D:\VSCodeRepository\SceneZone-ANC\data\synth_noise\cls_4\1219.wav,4
D:\VSCodeRepository\SceneZone-ANC\data\synth_noise\cls_4\1220.wav,4
D:\VSCodeRepository\SceneZone-ANC\data\synth_noise\cls_4\1221.wav,4
D:\VSCodeRepository\SceneZone-ANC\data\synth_noise\cls_4\1222.wav,4
D:\VSCodeRepository\SceneZone-ANC\data\synth_noise\cls_4\1223.wav,4
D:\VSCodeRepository\SceneZone-ANC\data\synth_noise\cls_4\1224.wav,4
D:\VSCodeRepository\SceneZone-ANC\data\synth_noise\cls_4\1225.wav,4
D:\VSCodeRepository\SceneZone-ANC\data\synth_noise\cls_4\1226.wav,4
D:\VSCodeRepository\SceneZone-ANC\data\synth_noise\cls_4\1227.wav,4
D:\VSCodeRepository\SceneZone-ANC\data\synth_noise\cls_4\1228.wav,4
D:\VSCodeRepository\SceneZone-ANC\data\synth_noise\cls_4\1229.wav,4
D:\VSCodeRepository\SceneZone-ANC\data\synth_noise\cls_4\1230.wav,4
D:\VSCodeRepository\SceneZone-ANC\data\synth_noise\cls_4\1231.wav,4
D:\VSCodeRepository\SceneZone-ANC\data\synth_noise\cls_4\1232.wav,4
D:\VSCodeRepository\SceneZone-ANC\data\synth_noise\cls_4\1233.wav,4
D:\VSCodeRepository\SceneZone-ANC\data\synth_noise\cls_4\1234.wav,4
D:\VSCodeRepository\SceneZone-ANC\data\synth_noise\cls_4\1235.wav,4
D:\VSCodeRepository\SceneZone-ANC\data\synth_noise\cls_4\1236.wav,4
D:\VSCodeRepository\SceneZone-ANC\data\synth_noise\cls_4\1237.wav,4
D:\VSCodeRepository\SceneZone-ANC\data\synth_noise\cls_4\1238.wav,4
D:\VSCodeRepository\SceneZone-ANC\data\synth_noise\cls_4\1239.wav,4
D:\VSCodeRepository\SceneZone-ANC\data\synth_noise\cls_4\1240.wav,4
D:\VSCodeRepository\SceneZone-ANC\data\synth_noise\cls_4\1241.wav,4
D:\VSCodeRepository\SceneZone-ANC\data\synth_noise\cls_4\1242.wav,4
D:\VSCodeRepository\SceneZone-ANC\data\synth_noise\cls_4\1243.wav,4
D:\VSCodeRepository\SceneZone-ANC\data\synth_noise\cls_4\1244.wav,4
D:\VSCodeRepository\SceneZone-ANC\data\synth_noise\cls_4\1245.wav,4
D:\VSCodeRepository\SceneZone-ANC\data\synth_noise\cls_4\1246.wav,4
D:\VSCodeRepository\SceneZone-ANC\data\synth_noise\cls_4\1247.wav,4
D:\VSCodeRepository\SceneZone-ANC\data\synth_noise\cls_4\1248.wav,4
D:\VSCodeRepository\SceneZone-ANC\data\synth_noise\cls_4\1249.wav,4
D:\VSCodeRepository\SceneZone-ANC\data\synth_noise\cls_4\1250.wav,4
D:\VSCodeRepository\SceneZone-ANC\data\synth_noise\cls_4\1251.wav,4
D:\VSCodeRepository\SceneZone-ANC\data\synth_noise\cls_4\1252.wav,4
D:\VSCodeRepository\SceneZone-ANC\data\synth_noise\cls_4\1253.wav,4
D:\VSCodeRepository\SceneZone-ANC\data\synth_noise\cls_4\1254.wav,4
D:\VSCodeRepository\SceneZone-ANC\data\synth_noise\cls_4\1255.wav,4
D:\VSCodeRepository\SceneZone-ANC\data\synth_noise\cls_4\1256.wav,4
D:\VSCodeRepository\SceneZone-ANC\data\synth_noise\cls_4\1257.wav,4
D:\VSCodeRepository\SceneZone-ANC\data\synth_noise\cls_4\1258.wav,4
D:\VSCodeRepository\SceneZone-ANC\data\synth_noise\cls_4\1259.wav,4
D:\VSCodeRepository\SceneZone-ANC\data\synth_noise\cls_4\1260.wav,4
D:\VSCodeRepository\SceneZone-ANC\data\synth_noise\cls_4\1261.wav,4
D:\VSCodeRepository\SceneZone-ANC\data\synth_noise\cls_4\1262.wav,4
D:\VSCodeRepository\SceneZone-ANC\data\synth_noise\cls_4\1263.wav,4
D:\VSCodeRepository\SceneZone-ANC\data\synth_noise\cls_4\1264.wav,4
D:\VSCodeRepository\SceneZone-ANC\data\synth_noise\cls_4\1265.wav,4
D:\VSCodeRepository\SceneZone-ANC\data\synth_noise\cls_4\1266.wav,4
D:\VSCodeRepository\SceneZone-ANC\data\synth_noise\cls_4\1267.wav,4
D:\VSCodeRepository\SceneZone-ANC\data\synth_noise\cls_4\1268.wav,4
D:\VSCodeRepository\SceneZone-ANC\data\synth_noise\cls_4\1269.wav,4
D:\VSCodeRepository\SceneZone-ANC\data\synth_noise\cls_4\1270.wav,4
D:\VSCodeRepository\SceneZone-ANC\data\synth_noise\cls_4\1271.wav,4
D:\VSCodeRepository\SceneZone-ANC\data\synth_noise\cls_4\1272.wav,4
D:\VSCodeRepository\SceneZone-ANC\data\synth_noise\cls_4\1273.wav,4
D:\VSCodeRepository\SceneZone-ANC\data\synth_noise\cls_4\1274.wav,4
D:\VSCodeRepository\SceneZone-ANC\data\synth_noise\cls_4\1275.wav,4
D:\VSCodeRepository\SceneZone-ANC\data\synth_noise\cls_4\1276.wav,4
D:\VSCodeRepository\SceneZone-ANC\data\synth_noise\cls_4\1277.wav,4
D:\VSCodeRepository\SceneZone-ANC\data\synth_noise\cls_4\1278.wav,4
D:\VSCodeRepository\SceneZone-ANC\data\synth_noise\cls_4\1279.wav,4
D:\VSCodeRepository\SceneZone-ANC\data\synth_noise\cls_4\1280.wav,4
D:\VSCodeRepository\SceneZone-ANC\data\synth_noise\cls_4\1281.wav,4
D:\VSCodeRepository\SceneZone-ANC\data\synth_noise\cls_4\1282.wav,4
D:\VSCodeRepository\SceneZone-ANC\data\synth_noise\cls_4\1283.wav,4
D:\VSCodeRepository\SceneZone-ANC\data\synth_noise\cls_4\1284.wav,4
D:\VSCodeRepository\SceneZone-ANC\data\synth_noise\cls_4\1285.wav,4
D:\VSCodeRepository\SceneZone-ANC\data\synth_noise\cls_4\1286.wav,4
D:\VSCodeRepository\SceneZone-ANC\data\synth_noise\cls_4\1287.wav,4
D:\VSCodeRepository\SceneZone-ANC\data\synth_noise\cls_4\1288.wav,4
D:\VSCodeRepository\SceneZone-ANC\data\synth_noise\cls_4\1289.wav,4
D:\VSCodeRepository\SceneZone-ANC\data\synth_noise\cls_4\1290.wav,4
D:\VSCodeRepository\SceneZone-ANC\data\synth_noise\cls_4\1291.wav,4
D:\VSCodeRepository\SceneZone-ANC\data\synth_noise\cls_4\1292.wav,4
D:\VSCodeRepository\SceneZone-ANC\data\synth_noise\cls_4\1293.wav,4
D:\VSCodeRepository\SceneZone-ANC\data\synth_noise\cls_4\1294.wav,4
D:\VSCodeRepository\SceneZone-ANC\data\synth_noise\cls_4\1295.wav,4
D:\VSCodeRepository\SceneZone-ANC\data\synth_noise\cls_4\1296.wav,4
D:\VSCodeRepository\SceneZone-ANC\data\synth_noise\cls_4\1297.wav,4
D:\VSCodeRepository\SceneZone-ANC\data\synth_noise\cls_4\1298.wav,4
D:\VSCodeRepository\SceneZone-ANC\data\synth_noise\cls_4\1299.wav,4
D:\VSCodeRepository\SceneZone-ANC\data\synth_noise\cls_4\1300.wav,4
D:\VSCodeRepository\SceneZone-ANC\data\synth_noise\cls_4\1301.wav,4
D:\VSCodeRepository\SceneZone-ANC\data\synth_noise\cls_4\1302.wav,4
D:\VSCodeRepository\SceneZone-ANC\data\synth_noise\cls_4\1303.wav,4
D:\VSCodeRepository\SceneZone-ANC\data\synth_noise\cls_4\1304.wav,4
D:\VSCodeRepository\SceneZone-ANC\data\synth_noise\cls_4\1305.wav,4
D:\VSCodeRepository\SceneZone-ANC\data\synth_noise\cls_4\1306.wav,4
D:\VSCodeRepository\SceneZone-ANC\data\synth_noise\cls_4\1307.wav,4
D:\VSCodeRepository\SceneZone-ANC\data\synth_noise\cls_4\1308.wav,4
D:\VSCodeRepository\SceneZone-ANC\data\synth_noise\cls_4\1309.wav,4
D:\VSCodeRepository\SceneZone-ANC\data\synth_noise\cls_4\1310.wav,4
D:\VSCodeRepository\SceneZone-ANC\data\synth_noise\cls_4\1311.wav,4
D:\VSCodeRepository\SceneZone-ANC\data\synth_noise\cls_4\1312.wav,4
D:\VSCodeRepository\SceneZone-ANC\data\synth_noise\cls_4\1313.wav,4
D:\VSCodeRepository\SceneZone-ANC\data\synth_noise\cls_4\1314.wav,4
D:\VSCodeRepository\SceneZone-ANC\data\synth_noise\cls_4\1315.wav,4
D:\VSCodeRepository\SceneZone-ANC\data\synth_noise\cls_4\1316.wav,4
D:\VSCodeRepository\SceneZone-ANC\data\synth_noise\cls_4\1317.wav,4
D:\VSCodeRepository\SceneZone-ANC\data\synth_noise\cls_4\1318.wav,4
D:\VSCodeRepository\SceneZone-ANC\data\synth_noise\cls_4\1319.wav,4
D:\VSCodeRepository\SceneZone-ANC\data\synth_noise\cls_4\1320.wav,4
D:\VSCodeRepository\SceneZone-ANC\data\synth_noise\cls_4\1321.wav,4
D:\VSCodeRepository\SceneZone-ANC\data\synth_noise\cls_4\1322.wav,4
D:\VSCodeRepository\SceneZone-ANC\data\synth_noise\cls_4\1323.wav,4
D:\VSCodeRepository\SceneZone-ANC\data\synth_noise\cls_4\1324.wav,4
D:\VSCodeRepository\SceneZone-ANC\data\synth_noise\cls_4\1325.wav,4
D:\VSCodeRepository\SceneZone-ANC\data\synth_noise\cls_4\1326.wav,4
D:\VSCodeRepository\SceneZone-ANC\data\synth_noise\cls_4\1327.wav,4
D:\VSCodeRepository\SceneZone-ANC\data\synth_noise\cls_4\1328.wav,4
D:\VSCodeRepository\SceneZone-ANC\data\synth_noise\cls_4\1329.wav,4
D:\VSCodeRepository\SceneZone-ANC\data\synth_noise\cls_4\1330.wav,4
D:\VSCodeRepository\SceneZone-ANC\data\synth_noise\cls_4\1331.wav,4
D:\VSCodeRepository\SceneZone-ANC\data\synth_noise\cls_4\1332.wav,4
D:\VSCodeRepository\SceneZone-ANC\data\synth_noise\cls_4\1333.wav,4
D:\VSCodeRepository\SceneZone-ANC\data\synth_noise\cls_4\1334.wav,4
D:\VSCodeRepository\SceneZone-ANC\data\synth_noise\cls_4\1335.wav,4
D:\VSCodeRepository\SceneZone-ANC\data\synth_noise\cls_4\1336.wav,4
D:\VSCodeRepository\SceneZone-ANC\data\synth_noise\cls_4\1337.wav,4
D:\VSCodeRepository\SceneZone-ANC\data\synth_noise\cls_4\1338.wav,4
D:\VSCodeRepository\SceneZone-ANC\data\synth_noise\cls_4\1339.wav,4
D:\VSCodeRepository\SceneZone-ANC\data\synth_noise\cls_4\1340.wav,4
D:\VSCodeRepository\SceneZone-ANC\data\synth_noise\cls_4\1341.wav,4
D:\VSCodeRepository\SceneZone-ANC\data\synth_noise\cls_4\1342.wav,4
D:\VSCodeRepository\SceneZone-ANC\data\synth_noise\cls_4\1343.wav,4
D:\VSCodeRepository\SceneZone-ANC\data\synth_noise\cls_4\1344.wav,4
D:\VSCodeRepository\SceneZone-ANC\data\synth_noise\cls_4\1345.wav,4
D:\VSCodeRepository\SceneZone-ANC\data\synth_noise\cls_4\1346.wav,4
D:\VSCodeRepository\SceneZone-ANC\data\synth_noise\cls_4\1347.wav,4
D:\VSCodeRepository\SceneZone-ANC\data\synth_noise\cls_4\1348.wav,4
D:\VSCodeRepository\SceneZone-ANC\data\synth_noise\cls_4\1349.wav,4
D:\VSCodeRepository\SceneZone-ANC\data\synth_noise\cls_4\1350.wav,4
D:\VSCodeRepository\SceneZone-ANC\data\synth_noise\cls_4\1351.wav,4
D:\VSCodeRepository\SceneZone-ANC\data\synth_noise\cls_4\1352.wav,4
D:\VSCodeRepository\SceneZone-ANC\data\synth_noise\cls_4\1353.wav,4
D:\VSCodeRepository\SceneZone-ANC\data\synth_noise\cls_4\1354.wav,4
D:\VSCodeRepository\SceneZone-ANC\data\synth_noise\cls_4\1355.wav,4
D:\VSCodeRepository\SceneZone-ANC\data\synth_noise\cls_4\1356.wav,4
D:\VSCodeRepository\SceneZone-ANC\data\synth_noise\cls_4\1357.wav,4
D:\VSCodeRepository\SceneZone-ANC\data\synth_noise\cls_4\1358.wav,4
D:\VSCodeRepository\SceneZone-ANC\data\synth_noise\cls_4\1359.wav,4
D:\VSCodeRepository\SceneZone-ANC\data\synth_noise\cls_4\1360.wav,4
D:\VSCodeRepository\SceneZone-ANC\data\synth_noise\cls_4\1361.wav,4
D:\VSCodeRepository\SceneZone-ANC\data\synth_noise\cls_4\1362.wav,4
D:\VSCodeRepository\SceneZone-ANC\data\synth_noise\cls_4\1363.wav,4
D:\VSCodeRepository\SceneZone-ANC\data\synth_noise\cls_4\1364.wav,4
D:\VSCodeRepository\SceneZone-ANC\data\synth_noise\cls_4\1365.wav,4
D:\VSCodeRepository\SceneZone-ANC\data\synth_noise\cls_4\1366.wav,4
D:\VSCodeRepository\SceneZone-ANC\data\synth_noise\cls_4\1367.wav,4
D:\VSCodeRepository\SceneZone-ANC\data\synth_noise\cls_4\1368.wav,4
D:\VSCodeRepository\SceneZone-ANC\data\synth_noise\cls_4\1369.wav,4
D:\VSCodeRepository\SceneZone-ANC\data\synth_noise\cls_4\1370.wav,4
D:\VSCodeRepository\SceneZone-ANC\data\synth_noise\cls_4\1371.wav,4
D:\VSCodeRepository\SceneZone-ANC\data\synth_noise\cls_4\1372.wav,4
D:\VSCodeRepository\SceneZone-ANC\data\synth_noise\cls_4\1373.wav,4
D:\VSCodeRepository\SceneZone-ANC\data\synth_noise\cls_4\1374.wav,4
D:\VSCodeRepository\SceneZone-ANC\data\synth_noise\cls_4\1375.wav,4
D:\VSCodeRepository\SceneZone-ANC\data\synth_noise\cls_4\1376.wav,4
D:\VSCodeRepository\SceneZone-ANC\data\synth_noise\cls_4\1377.wav,4
D:\VSCodeRepository\SceneZone-ANC\data\synth_noise\cls_4\1378.wav,4
D:\VSCodeRepository\SceneZone-ANC\data\synth_noise\cls_4\1379.wav,4
D:\VSCodeRepository\SceneZone-ANC\data\synth_noise\cls_4\1380.wav,4
D:\VSCodeRepository\SceneZone-ANC\data\synth_noise\cls_4\1381.wav,4
D:\VSCodeRepository\SceneZone-ANC\data\synth_noise\cls_4\1382.wav,4
D:\VSCodeRepository\SceneZone-ANC\data\synth_noise\cls_4\1383.wav,4
D:\VSCodeRepository\SceneZone-ANC\data\synth_noise\cls_4\1384.wav,4
D:\VSCodeRepository\SceneZone-ANC\data\synth_noise\cls_4\1385.wav,4
D:\VSCodeRepository\SceneZone-ANC\data\synth_noise\cls_4\1386.wav,4
D:\VSCodeRepository\SceneZone-ANC\data\synth_noise\cls_4\1387.wav,4
D:\VSCodeRepository\SceneZone-ANC\data\synth_noise\cls_4\1388.wav,4
D:\VSCodeRepository\SceneZone-ANC\data\synth_noise\cls_4\1389.wav,4
D:\VSCodeRepository\SceneZone-ANC\data\synth_noise\cls_4\1390.wav,4
D:\VSCodeRepository\SceneZone-ANC\data\synth_noise\cls_4\1391.wav,4
D:\VSCodeRepository\SceneZone-ANC\data\synth_noise\cls_4\1392.wav,4
D:\VSCodeRepository\SceneZone-ANC\data\synth_noise\cls_4\1393.wav,4
D:\VSCodeRepository\SceneZone-ANC\data\synth_noise\cls_4\1394.wav,4
D:\VSCodeRepository\SceneZone-ANC\data\synth_noise\cls_4\1395.wav,4
D:\VSCodeRepository\SceneZone-ANC\data\synth_noise\cls_4\1396.wav,4
D:\VSCodeRepository\SceneZone-ANC\data\synth_noise\cls_4\1397.wav,4
D:\VSCodeRepository\SceneZone-ANC\data\synth_noise\cls_4\1398.wav,4
D:\VSCodeRepository\SceneZone-ANC\data\synth_noise\cls_4\1399.wav,4
D:\VSCodeRepository\SceneZone-ANC\data\synth_noise\cls_4\1400.wav,4
D:\VSCodeRepository\SceneZone-ANC\data\synth_noise\cls_4\1401.wav,4
D:\VSCodeRepository\SceneZone-ANC\data\synth_noise\cls_4\1402.wav,4
D:\VSCodeRepository\SceneZone-ANC\data\synth_noise\cls_4\1403.wav,4
D:\VSCodeRepository\SceneZone-ANC\data\synth_noise\cls_4\1404.wav,4
D:\VSCodeRepository\SceneZone-ANC\data\synth_noise\cls_4\1405.wav,4
D:\VSCodeRepository\SceneZone-ANC\data\synth_noise\cls_4\1406.wav,4
D:\VSCodeRepository\SceneZone-ANC\data\synth_noise\cls_4\1407.wav,4
D:\VSCodeRepository\SceneZone-ANC\data\synth_noise\cls_4\1408.wav,4
D:\VSCodeRepository\SceneZone-ANC\data\synth_noise\cls_4\1409.wav,4
D:\VSCodeRepository\SceneZone-ANC\data\synth_noise\cls_4\1410.wav,4
D:\VSCodeRepository\SceneZone-ANC\data\synth_noise\cls_4\1411.wav,4
D:\VSCodeRepository\SceneZone-ANC\data\synth_noise\cls_4\1412.wav,4
D:\VSCodeRepository\SceneZone-ANC\data\synth_noise\cls_4\1413.wav,4
D:\VSCodeRepository\SceneZone-ANC\data\synth_noise\cls_4\1414.wav,4
D:\VSCodeRepository\SceneZone-ANC\data\synth_noise\cls_4\1415.wav,4
D:\VSCodeRepository\SceneZone-ANC\data\synth_noise\cls_4\1416.wav,4
D:\VSCodeRepository\SceneZone-ANC\data\synth_noise\cls_4\1417.wav,4
D:\VSCodeRepository\SceneZone-ANC\data\synth_noise\cls_4\1418.wav,4
D:\VSCodeRepository\SceneZone-ANC\data\synth_noise\cls_4\1419.wav,4
D:\VSCodeRepository\SceneZone-ANC\data\synth_noise\cls_4\1420.wav,4
D:\VSCodeRepository\SceneZone-ANC\data\synth_noise\cls_4\1421.wav,4
D:\VSCodeRepository\SceneZone-ANC\data\synth_noise\cls_4\1422.wav,4
D:\VSCodeRepository\SceneZone-ANC\data\synth_noise\cls_4\1423.wav,4
D:\VSCodeRepository\SceneZone-ANC\data\synth_noise\cls_4\1424.wav,4
D:\VSCodeRepository\SceneZone-ANC\data\synth_noise\cls_4\1425.wav,4
D:\VSCodeRepository\SceneZone-ANC\data\synth_noise\cls_4\1426.wav,4
D:\VSCodeRepository\SceneZone-ANC\data\synth_noise\cls_4\1427.wav,4
D:\VSCodeRepository\SceneZone-ANC\data\synth_noise\cls_4\1428.wav,4
D:\VSCodeRepository\SceneZone-ANC\data\synth_noise\cls_4\1429.wav,4
D:\VSCodeRepository\SceneZone-ANC\data\synth_noise\cls_4\1430.wav,4
D:\VSCodeRepository\SceneZone-ANC\data\synth_noise\cls_4\1431.wav,4
D:\VSCodeRepository\SceneZone-ANC\data\synth_noise\cls_4\1432.wav,4
D:\VSCodeRepository\SceneZone-ANC\data\synth_noise\cls_4\1433.wav,4
D:\VSCodeRepository\SceneZone-ANC\data\synth_noise\cls_4\1434.wav,4
D:\VSCodeRepository\SceneZone-ANC\data\synth_noise\cls_4\1435.wav,4
D:\VSCodeRepository\SceneZone-ANC\data\synth_noise\cls_4\1436.wav,4
D:\VSCodeRepository\SceneZone-ANC\data\synth_noise\cls_4\1437.wav,4
D:\VSCodeRepository\SceneZone-ANC\data\synth_noise\cls_4\1438.wav,4
D:\VSCodeRepository\SceneZone-ANC\data\synth_noise\cls_4\1439.wav,4
D:\VSCodeRepository\SceneZone-ANC\data\synth_noise\cls_4\1440.wav,4
D:\VSCodeRepository\SceneZone-ANC\data\synth_noise\cls_4\1441.wav,4
D:\VSCodeRepository\SceneZone-ANC\data\synth_noise\cls_4\1442.wav,4
D:\VSCodeRepository\SceneZone-ANC\data\synth_noise\cls_4\1443.wav,4
D:\VSCodeRepository\SceneZone-ANC\data\synth_noise\cls_4\1444.wav,4
D:\VSCodeRepository\SceneZone-ANC\data\synth_noise\cls_4\1445.wav,4
D:\VSCodeRepository\SceneZone-ANC\data\synth_noise\cls_4\1446.wav,4
D:\VSCodeRepository\SceneZone-ANC\data\synth_noise\cls_4\1447.wav,4
D:\VSCodeRepository\SceneZone-ANC\data\synth_noise\cls_4\1448.wav,4
D:\VSCodeRepository\SceneZone-ANC\data\synth_noise\cls_4\1449.wav,4
D:\VSCodeRepository\SceneZone-ANC\data\synth_noise\cls_4\1450.wav,4
D:\VSCodeRepository\SceneZone-ANC\data\synth_noise\cls_4\1451.wav,4
D:\VSCodeRepository\SceneZone-ANC\data\synth_noise\cls_4\1452.wav,4
D:\VSCodeRepository\SceneZone-ANC\data\synth_noise\cls_4\1453.wav,4
D:\VSCodeRepository\SceneZone-ANC\data\synth_noise\cls_4\1454.wav,4
D:\VSCodeRepository\SceneZone-ANC\data\synth_noise\cls_4\1455.wav,4
D:\VSCodeRepository\SceneZone-ANC\data\synth_noise\cls_4\1456.wav,4
D:\VSCodeRepository\SceneZone-ANC\data\synth_noise\cls_4\1457.wav,4
D:\VSCodeRepository\SceneZone-ANC\data\synth_noise\cls_4\1458.wav,4
D:\VSCodeRepository\SceneZone-ANC\data\synth_noise\cls_4\1459.wav,4
D:\VSCodeRepository\SceneZone-ANC\data\synth_noise\cls_4\1460.wav,4
D:\VSCodeRepository\SceneZone-ANC\data\synth_noise\cls_4\1461.wav,4
D:\VSCodeRepository\SceneZone-ANC\data\synth_noise\cls_4\1462.wav,4
D:\VSCodeRepository\SceneZone-ANC\data\synth_noise\cls_4\1463.wav,4
D:\VSCodeRepository\SceneZone-ANC\data\synth_noise\cls_4\1464.wav,4
D:\VSCodeRepository\SceneZone-ANC\data\synth_noise\cls_4\1465.wav,4
D:\VSCodeRepository\SceneZone-ANC\data\synth_noise\cls_4\1466.wav,4
D:\VSCodeRepository\SceneZone-ANC\data\synth_noise\cls_4\1467.wav,4
D:\VSCodeRepository\SceneZone-ANC\data\synth_noise\cls_4\1468.wav,4
D:\VSCodeRepository\SceneZone-ANC\data\synth_noise\cls_4\1469.wav,4
D:\VSCodeRepository\SceneZone-ANC\data\synth_noise\cls_4\1470.wav,4
D:\VSCodeRepository\SceneZone-ANC\data\synth_noise\cls_4\1471.wav,4
D:\VSCodeRepository\SceneZone-ANC\data\synth_noise\cls_4\1472.wav,4
D:\VSCodeRepository\SceneZone-ANC\data\synth_noise\cls_4\1473.wav,4
D:\VSCodeRepository\SceneZone-ANC\data\synth_noise\cls_4\1474.wav,4
D:\VSCodeRepository\SceneZone-ANC\data\synth_noise\cls_4\1475.wav,4
D:\VSCodeRepository\SceneZone-ANC\data\synth_noise\cls_4\1476.wav,4
D:\VSCodeRepository\SceneZone-ANC\data\synth_noise\cls_4\1477.wav,4
D:\VSCodeRepository\SceneZone-ANC\data\synth_noise\cls_4\1478.wav,4
D:\VSCodeRepository\SceneZone-ANC\data\synth_noise\cls_4\1479.wav,4
D:\VSCodeRepository\SceneZone-ANC\data\synth_noise\cls_4\1480.wav,4
D:\VSCodeRepository\SceneZone-ANC\data\synth_noise\cls_4\1481.wav,4
D:\VSCodeRepository\SceneZone-ANC\data\synth_noise\cls_4\1482.wav,4
D:\VSCodeRepository\SceneZone-ANC\data\synth_noise\cls_4\1483.wav,4
D:\VSCodeRepository\SceneZone-ANC\data\synth_noise\cls_4\1484.wav,4
D:\VSCodeRepository\SceneZone-ANC\data\synth_noise\cls_4\1485.wav,4
D:\VSCodeRepository\SceneZone-ANC\data\synth_noise\cls_4\1486.wav,4
D:\VSCodeRepository\SceneZone-ANC\data\synth_noise\cls_4\1487.wav,4
D:\VSCodeRepository\SceneZone-ANC\data\synth_noise\cls_4\1488.wav,4
D:\VSCodeRepository\SceneZone-ANC\data\synth_noise\cls_4\1489.wav,4
D:\VSCodeRepository\SceneZone-ANC\data\synth_noise\cls_4\1490.wav,4
D:\VSCodeRepository\SceneZone-ANC\data\synth_noise\cls_4\1491.wav,4
D:\VSCodeRepository\SceneZone-ANC\data\synth_noise\cls_4\1492.wav,4
D:\VSCodeRepository\SceneZone-ANC\data\synth_noise\cls_4\1493.wav,4
D:\VSCodeRepository\SceneZone-ANC\data\synth_noise\cls_4\1494.wav,4
D:\VSCodeRepository\SceneZone-ANC\data\synth_noise\cls_4\1495.wav,4
D:\VSCodeRepository\SceneZone-ANC\data\synth_noise\cls_4\1496.wav,4
D:\VSCodeRepository\SceneZone-ANC\data\synth_noise\cls_4\1497.wav,4
D:\VSCodeRepository\SceneZone-ANC\data\synth_noise\cls_4\1498.wav,4
D:\VSCodeRepository\SceneZone-ANC\data\synth_noise\cls_4\1499.wav,4
D:\VSCodeRepository\SceneZone-ANC\data\synth_noise\cls_4\1500.wav,4
D:\VSCodeRepository\SceneZone-ANC\data\synth_noise\cls_4\1501.wav,4
D:\VSCodeRepository\SceneZone-ANC\data\synth_noise\cls_4\1502.wav,4
D:\VSCodeRepository\SceneZone-ANC\data\synth_noise\cls_4\1503.wav,4
D:\VSCodeRepository\SceneZone-ANC\data\synth_noise\cls_4\1504.wav,4
D:\VSCodeRepository\SceneZone-ANC\data\synth_noise\cls_4\1505.wav,4
D:\VSCodeRepository\SceneZone-ANC\data\synth_noise\cls_4\1506.wav,4
D:\VSCodeRepository\SceneZone-ANC\data\synth_noise\cls_4\1507.wav,4
D:\VSCodeRepository\SceneZone-ANC\data\synth_noise\cls_4\1508.wav,4
D:\VSCodeRepository\SceneZone-ANC\data\synth_noise\cls_4\1509.wav,4
D:\VSCodeRepository\SceneZone-ANC\data\synth_noise\cls_4\1510.wav,4
D:\VSCodeRepository\SceneZone-ANC\data\synth_noise\cls_4\1511.wav,4
D:\VSCodeRepository\SceneZone-ANC\data\synth_noise\cls_4\1512.wav,4
D:\VSCodeRepository\SceneZone-ANC\data\synth_noise\cls_4\1513.wav,4
D:\VSCodeRepository\SceneZone-ANC\data\synth_noise\cls_4\1514.wav,4
D:\VSCodeRepository\SceneZone-ANC\data\synth_noise\cls_4\1515.wav,4
D:\VSCodeRepository\SceneZone-ANC\data\synth_noise\cls_4\1516.wav,4
D:\VSCodeRepository\SceneZone-ANC\data\synth_noise\cls_4\1517.wav,4
D:\VSCodeRepository\SceneZone-ANC\data\synth_noise\cls_4\1518.wav,4
D:\VSCodeRepository\SceneZone-ANC\data\synth_noise\cls_4\1519.wav,4
D:\VSCodeRepository\SceneZone-ANC\data\synth_noise\cls_4\1520.wav,4
D:\VSCodeRepository\SceneZone-ANC\data\synth_noise\cls_4\1521.wav,4
D:\VSCodeRepository\SceneZone-ANC\data\synth_noise\cls_4\1522.wav,4
D:\VSCodeRepository\SceneZone-ANC\data\synth_noise\cls_4\1523.wav,4
D:\VSCodeRepository\SceneZone-ANC\data\synth_noise\cls_4\1524.wav,4
D:\VSCodeRepository\SceneZone-ANC\data\synth_noise\cls_4\1525.wav,4
D:\VSCodeRepository\SceneZone-ANC\data\synth_noise\cls_4\1526.wav,4
D:\VSCodeRepository\SceneZone-ANC\data\synth_noise\cls_4\1527.wav,4
D:\VSCodeRepository\SceneZone-ANC\data\synth_noise\cls_4\1528.wav,4
D:\VSCodeRepository\SceneZone-ANC\data\synth_noise\cls_4\1529.wav,4
D:\VSCodeRepository\SceneZone-ANC\data\synth_noise\cls_4\1530.wav,4
D:\VSCodeRepository\SceneZone-ANC\data\synth_noise\cls_4\1531.wav,4
D:\VSCodeRepository\SceneZone-ANC\data\synth_noise\cls_4\1532.wav,4
D:\VSCodeRepository\SceneZone-ANC\data\synth_noise\cls_4\1533.wav,4
D:\VSCodeRepository\SceneZone-ANC\data\synth_noise\cls_4\1534.wav,4
D:\VSCodeRepository\SceneZone-ANC\data\synth_noise\cls_4\1535.wav,4
D:\VSCodeRepository\SceneZone-ANC\data\synth_noise\cls_4\1536.wav,4
D:\VSCodeRepository\SceneZone-ANC\data\synth_noise\cls_4\1537.wav,4
D:\VSCodeRepository\SceneZone-ANC\data\synth_noise\cls_4\1538.wav,4
D:\VSCodeRepository\SceneZone-ANC\data\synth_noise\cls_4\1539.wav,4
D:\VSCodeRepository\SceneZone-ANC\data\synth_noise\cls_4\1540.wav,4
D:\VSCodeRepository\SceneZone-ANC\data\synth_noise\cls_4\1541.wav,4
D:\VSCodeRepository\SceneZone-ANC\data\synth_noise\cls_4\1542.wav,4
D:\VSCodeRepository\SceneZone-ANC\data\synth_noise\cls_4\1543.wav,4
D:\VSCodeRepository\SceneZone-ANC\data\synth_noise\cls_4\1544.wav,4
D:\VSCodeRepository\SceneZone-ANC\data\synth_noise\cls_4\1545.wav,4
D:\VSCodeRepository\SceneZone-ANC\data\synth_noise\cls_4\1546.wav,4
D:\VSCodeRepository\SceneZone-ANC\data\synth_noise\cls_4\1547.wav,4
D:\VSCodeRepository\SceneZone-ANC\data\synth_noise\cls_4\1548.wav,4
D:\VSCodeRepository\SceneZone-ANC\data\synth_noise\cls_4\1549.wav,4
D:\VSCodeRepository\SceneZone-ANC\data\synth_noise\cls_4\1550.wav,4
D:\VSCodeRepository\SceneZone-ANC\data\synth_noise\cls_4\1551.wav,4
D:\VSCodeRepository\SceneZone-ANC\data\synth_noise\cls_4\1552.wav,4
D:\VSCodeRepository\SceneZone-ANC\data\synth_noise\cls_4\1553.wav,4
D:\VSCodeRepository\SceneZone-ANC\data\synth_noise\cls_4\1554.wav,4
D:\VSCodeRepository\SceneZone-ANC\data\synth_noise\cls_4\1555.wav,4
D:\VSCodeRepository\SceneZone-ANC\data\synth_noise\cls_4\1556.wav,4
D:\VSCodeRepository\SceneZone-ANC\data\synth_noise\cls_4\1557.wav,4
D:\VSCodeRepository\SceneZone-ANC\data\synth_noise\cls_4\1558.wav,4
D:\VSCodeRepository\SceneZone-ANC\data\synth_noise\cls_4\1559.wav,4
D:\VSCodeRepository\SceneZone-ANC\data\synth_noise\cls_4\1560.wav,4
D:\VSCodeRepository\SceneZone-ANC\data\synth_noise\cls_4\1561.wav,4
D:\VSCodeRepository\SceneZone-ANC\data\synth_noise\cls_4\1562.wav,4
D:\VSCodeRepository\SceneZone-ANC\data\synth_noise\cls_4\1563.wav,4
D:\VSCodeRepository\SceneZone-ANC\data\synth_noise\cls_4\1564.wav,4
D:\VSCodeRepository\SceneZone-ANC\data\synth_noise\cls_4\1565.wav,4
D:\VSCodeRepository\SceneZone-ANC\data\synth_noise\cls_4\1566.wav,4
D:\VSCodeRepository\SceneZone-ANC\data\synth_noise\cls_4\1567.wav,4
D:\VSCodeRepository\SceneZone-ANC\data\synth_noise\cls_4\1568.wav,4
D:\VSCodeRepository\SceneZone-ANC\data\synth_noise\cls_4\1569.wav,4
D:\VSCodeRepository\SceneZone-ANC\data\synth_noise\cls_4\1570.wav,4
D:\VSCodeRepository\SceneZone-ANC\data\synth_noise\cls_4\1571.wav,4
D:\VSCodeRepository\SceneZone-ANC\data\synth_noise\cls_4\1572.wav,4
D:\VSCodeRepository\SceneZone-ANC\data\synth_noise\cls_4\1573.wav,4
D:\VSCodeRepository\SceneZone-ANC\data\synth_noise\cls_4\1574.wav,4
D:\VSCodeRepository\SceneZone-ANC\data\synth_noise\cls_4\1575.wav,4
D:\VSCodeRepository\SceneZone-ANC\data\synth_noise\cls_4\1576.wav,4
D:\VSCodeRepository\SceneZone-ANC\data\synth_noise\cls_4\1577.wav,4
D:\VSCodeRepository\SceneZone-ANC\data\synth_noise\cls_4\1578.wav,4
D:\VSCodeRepository\SceneZone-ANC\data\synth_noise\cls_4\1579.wav,4
D:\VSCodeRepository\SceneZone-ANC\data\synth_noise\cls_4\1580.wav,4
D:\VSCodeRepository\SceneZone-ANC\data\synth_noise\cls_4\1581.wav,4
D:\VSCodeRepository\SceneZone-ANC\data\synth_noise\cls_4\1582.wav,4
D:\VSCodeRepository\SceneZone-ANC\data\synth_noise\cls_4\1583.wav,4
D:\VSCodeRepository\SceneZone-ANC\data\synth_noise\cls_4\1584.wav,4
D:\VSCodeRepository\SceneZone-ANC\data\synth_noise\cls_4\1585.wav,4
D:\VSCodeRepository\SceneZone-ANC\data\synth_noise\cls_4\1586.wav,4
D:\VSCodeRepository\SceneZone-ANC\data\synth_noise\cls_4\1587.wav,4
D:\VSCodeRepository\SceneZone-ANC\data\synth_noise\cls_4\1588.wav,4
D:\VSCodeRepository\SceneZone-ANC\data\synth_noise\cls_4\1589.wav,4
D:\VSCodeRepository\SceneZone-ANC\data\synth_noise\cls_4\1590.wav,4
D:\VSCodeRepository\SceneZone-ANC\data\synth_noise\cls_4\1591.wav,4
D:\VSCodeRepository\SceneZone-ANC\data\synth_noise\cls_4\1592.wav,4
D:\VSCodeRepository\SceneZone-ANC\data\synth_noise\cls_4\1593.wav,4
D:\VSCodeRepository\SceneZone-ANC\data\synth_noise\cls_4\1594.wav,4
D:\VSCodeRepository\SceneZone-ANC\data\synth_noise\cls_4\1595.wav,4
D:\VSCodeRepository\SceneZone-ANC\data\synth_noise\cls_4\1596.wav,4
D:\VSCodeRepository\SceneZone-ANC\data\synth_noise\cls_4\1597.wav,4
D:\VSCodeRepository\SceneZone-ANC\data\synth_noise\cls_4\1598.wav,4
D:\VSCodeRepository\SceneZone-ANC\data\synth_noise\cls_4\1599.wav,4
D:\VSCodeRepository\SceneZone-ANC\data\synth_noise\cls_4\1600.wav,4
D:\VSCodeRepository\SceneZone-ANC\data\synth_noise\cls_4\1601.wav,4
D:\VSCodeRepository\SceneZone-ANC\data\synth_noise\cls_4\1602.wav,4
D:\VSCodeRepository\SceneZone-ANC\data\synth_noise\cls_4\1603.wav,4
D:\VSCodeRepository\SceneZone-ANC\data\synth_noise\cls_4\1604.wav,4
D:\VSCodeRepository\SceneZone-ANC\data\synth_noise\cls_4\1605.wav,4
D:\VSCodeRepository\SceneZone-ANC\data\synth_noise\cls_4\1606.wav,4
D:\VSCodeRepository\SceneZone-ANC\data\synth_noise\cls_4\1607.wav,4
D:\VSCodeRepository\SceneZone-ANC\data\synth_noise\cls_4\1608.wav,4
D:\VSCodeRepository\SceneZone-ANC\data\synth_noise\cls_4\1609.wav,4
D:\VSCodeRepository\SceneZone-ANC\data\synth_noise\cls_4\1610.wav,4
D:\VSCodeRepository\SceneZone-ANC\data\synth_noise\cls_4\1611.wav,4
D:\VSCodeRepository\SceneZone-ANC\data\synth_noise\cls_4\1612.wav,4
D:\VSCodeRepository\SceneZone-ANC\data\synth_noise\cls_4\1613.wav,4
D:\VSCodeRepository\SceneZone-ANC\data\synth_noise\cls_4\1614.wav,4
D:\VSCodeRepository\SceneZone-ANC\data\synth_noise\cls_4\1615.wav,4
D:\VSCodeRepository\SceneZone-ANC\data\synth_noise\cls_4\1616.wav,4
D:\VSCodeRepository\SceneZone-ANC\data\synth_noise\cls_4\1617.wav,4
D:\VSCodeRepository\SceneZone-ANC\data\synth_noise\cls_4\1618.wav,4
D:\VSCodeRepository\SceneZone-ANC\data\synth_noise\cls_4\1619.wav,4
D:\VSCodeRepository\SceneZone-ANC\data\synth_noise\cls_4\1620.wav,4
D:\VSCodeRepository\SceneZone-ANC\data\synth_noise\cls_4\1621.wav,4
D:\VSCodeRepository\SceneZone-ANC\data\synth_noise\cls_4\1622.wav,4
D:\VSCodeRepository\SceneZone-ANC\data\synth_noise\cls_4\1623.wav,4
D:\VSCodeRepository\SceneZone-ANC\data\synth_noise\cls_4\1624.wav,4
D:\VSCodeRepository\SceneZone-ANC\data\synth_noise\cls_4\1625.wav,4
D:\VSCodeRepository\SceneZone-ANC\data\synth_noise\cls_4\1626.wav,4
D:\VSCodeRepository\SceneZone-ANC\data\synth_noise\cls_4\1627.wav,4
D:\VSCodeRepository\SceneZone-ANC\data\synth_noise\cls_4\1628.wav,4
D:\VSCodeRepository\SceneZone-ANC\data\synth_noise\cls_4\1629.wav,4
D:\VSCodeRepository\SceneZone-ANC\data\synth_noise\cls_4\1630.wav,4
D:\VSCodeRepository\SceneZone-ANC\data\synth_noise\cls_4\1631.wav,4
D:\VSCodeRepository\SceneZone-ANC\data\synth_noise\cls_4\1632.wav,4
D:\VSCodeRepository\SceneZone-ANC\data\synth_noise\cls_4\1633.wav,4
D:\VSCodeRepository\SceneZone-ANC\data\synth_noise\cls_4\1634.wav,4
D:\VSCodeRepository\SceneZone-ANC\data\synth_noise\cls_4\1635.wav,4
D:\VSCodeRepository\SceneZone-ANC\data\synth_noise\cls_4\1636.wav,4
D:\VSCodeRepository\SceneZone-ANC\data\synth_noise\cls_4\1637.wav,4
D:\VSCodeRepository\SceneZone-ANC\data\synth_noise\cls_4\1638.wav,4
D:\VSCodeRepository\SceneZone-ANC\data\synth_noise\cls_4\1639.wav,4
D:\VSCodeRepository\SceneZone-ANC\data\synth_noise\cls_4\1640.wav,4
D:\VSCodeRepository\SceneZone-ANC\data\synth_noise\cls_4\1641.wav,4
D:\VSCodeRepository\SceneZone-ANC\data\synth_noise\cls_4\1642.wav,4
D:\VSCodeRepository\SceneZone-ANC\data\synth_noise\cls_4\1643.wav,4
D:\VSCodeRepository\SceneZone-ANC\data\synth_noise\cls_4\1644.wav,4
D:\VSCodeRepository\SceneZone-ANC\data\synth_noise\cls_4\1645.wav,4
D:\VSCodeRepository\SceneZone-ANC\data\synth_noise\cls_4\1646.wav,4
D:\VSCodeRepository\SceneZone-ANC\data\synth_noise\cls_4\1647.wav,4
D:\VSCodeRepository\SceneZone-ANC\data\synth_noise\cls_4\1648.wav,4
D:\VSCodeRepository\SceneZone-ANC\data\synth_noise\cls_4\1649.wav,4
D:\VSCodeRepository\SceneZone-ANC\data\synth_noise\cls_4\1650.wav,4
D:\VSCodeRepository\SceneZone-ANC\data\synth_noise\cls_4\1651.wav,4
D:\VSCodeRepository\SceneZone-ANC\data\synth_noise\cls_4\1652.wav,4
D:\VSCodeRepository\SceneZone-ANC\data\synth_noise\cls_4\1653.wav,4
D:\VSCodeRepository\SceneZone-ANC\data\synth_noise\cls_4\1654.wav,4
D:\VSCodeRepository\SceneZone-ANC\data\synth_noise\cls_4\1655.wav,4
D:\VSCodeRepository\SceneZone-ANC\data\synth_noise\cls_4\1656.wav,4
D:\VSCodeRepository\SceneZone-ANC\data\synth_noise\cls_4\1657.wav,4
D:\VSCodeRepository\SceneZone-ANC\data\synth_noise\cls_4\1658.wav,4
D:\VSCodeRepository\SceneZone-ANC\data\synth_noise\cls_4\1659.wav,4
D:\VSCodeRepository\SceneZone-ANC\data\synth_noise\cls_4\1660.wav,4
D:\VSCodeRepository\SceneZone-ANC\data\synth_noise\cls_4\1661.wav,4
D:\VSCodeRepository\SceneZone-ANC\data\synth_noise\cls_4\1662.wav,4
D:\VSCodeRepository\SceneZone-ANC\data\synth_noise\cls_4\1663.wav,4
D:\VSCodeRepository\SceneZone-ANC\data\synth_noise\cls_4\1664.wav,4
D:\VSCodeRepository\SceneZone-ANC\data\synth_noise\cls_4\1665.wav,4
D:\VSCodeRepository\SceneZone-ANC\data\synth_noise\cls_4\1666.wav,4
D:\VSCodeRepository\SceneZone-ANC\data\synth_noise\cls_4\1667.wav,4
D:\VSCodeRepository\SceneZone-ANC\data\synth_noise\cls_4\1668.wav,4
D:\VSCodeRepository\SceneZone-ANC\data\synth_noise\cls_4\1669.wav,4
D:\VSCodeRepository\SceneZone-ANC\data\synth_noise\cls_4\1670.wav,4
D:\VSCodeRepository\SceneZone-ANC\data\synth_noise\cls_4\1671.wav,4
D:\VSCodeRepository\SceneZone-ANC\data\synth_noise\cls_4\1672.wav,4
D:\VSCodeRepository\SceneZone-ANC\data\synth_noise\cls_4\1673.wav,4
D:\VSCodeRepository\SceneZone-ANC\data\synth_noise\cls_4\1674.wav,4
D:\VSCodeRepository\SceneZone-ANC\data\synth_noise\cls_4\1675.wav,4
D:\VSCodeRepository\SceneZone-ANC\data\synth_noise\cls_4\1676.wav,4
D:\VSCodeRepository\SceneZone-ANC\data\synth_noise\cls_4\1677.wav,4
D:\VSCodeRepository\SceneZone-ANC\data\synth_noise\cls_4\1678.wav,4
D:\VSCodeRepository\SceneZone-ANC\data\synth_noise\cls_4\1679.wav,4
D:\VSCodeRepository\SceneZone-ANC\data\synth_noise\cls_4\1680.wav,4
D:\VSCodeRepository\SceneZone-ANC\data\synth_noise\cls_4\1681.wav,4
D:\VSCodeRepository\SceneZone-ANC\data\synth_noise\cls_4\1682.wav,4
D:\VSCodeRepository\SceneZone-ANC\data\synth_noise\cls_4\1683.wav,4
D:\VSCodeRepository\SceneZone-ANC\data\synth_noise\cls_4\1684.wav,4
D:\VSCodeRepository\SceneZone-ANC\data\synth_noise\cls_4\1685.wav,4
D:\VSCodeRepository\SceneZone-ANC\data\synth_noise\cls_4\1686.wav,4
D:\VSCodeRepository\SceneZone-ANC\data\synth_noise\cls_4\1687.wav,4
D:\VSCodeRepository\SceneZone-ANC\data\synth_noise\cls_4\1688.wav,4
D:\VSCodeRepository\SceneZone-ANC\data\synth_noise\cls_4\1689.wav,4
D:\VSCodeRepository\SceneZone-ANC\data\synth_noise\cls_4\1690.wav,4
D:\VSCodeRepository\SceneZone-ANC\data\synth_noise\cls_4\1691.wav,4
D:\VSCodeRepository\SceneZone-ANC\data\synth_noise\cls_4\1692.wav,4
D:\VSCodeRepository\SceneZone-ANC\data\synth_noise\cls_4\1693.wav,4
D:\VSCodeRepository\SceneZone-ANC\data\synth_noise\cls_4\1694.wav,4
D:\VSCodeRepository\SceneZone-ANC\data\synth_noise\cls_4\1695.wav,4
D:\VSCodeRepository\SceneZone-ANC\data\synth_noise\cls_4\1696.wav,4
D:\VSCodeRepository\SceneZone-ANC\data\synth_noise\cls_4\1697.wav,4
D:\VSCodeRepository\SceneZone-ANC\data\synth_noise\cls_4\1698.wav,4
D:\VSCodeRepository\SceneZone-ANC\data\synth_noise\cls_4\1699.wav,4
D:\VSCodeRepository\SceneZone-ANC\data\synth_noise\cls_4\1700.wav,4
D:\VSCodeRepository\SceneZone-ANC\data\synth_noise\cls_4\1701.wav,4
D:\VSCodeRepository\SceneZone-ANC\data\synth_noise\cls_4\1702.wav,4
D:\VSCodeRepository\SceneZone-ANC\data\synth_noise\cls_4\1703.wav,4
D:\VSCodeRepository\SceneZone-ANC\data\synth_noise\cls_4\1704.wav,4
D:\VSCodeRepository\SceneZone-ANC\data\synth_noise\cls_4\1705.wav,4
D:\VSCodeRepository\SceneZone-ANC\data\synth_noise\cls_4\1706.wav,4
D:\VSCodeRepository\SceneZone-ANC\data\synth_noise\cls_4\1707.wav,4
D:\VSCodeRepository\SceneZone-ANC\data\synth_noise\cls_4\1708.wav,4
D:\VSCodeRepository\SceneZone-ANC\data\synth_noise\cls_4\1709.wav,4
D:\VSCodeRepository\SceneZone-ANC\data\synth_noise\cls_4\1710.wav,4
D:\VSCodeRepository\SceneZone-ANC\data\synth_noise\cls_4\1711.wav,4
D:\VSCodeRepository\SceneZone-ANC\data\synth_noise\cls_4\1712.wav,4
D:\VSCodeRepository\SceneZone-ANC\data\synth_noise\cls_4\1713.wav,4
D:\VSCodeRepository\SceneZone-ANC\data\synth_noise\cls_4\1714.wav,4
D:\VSCodeRepository\SceneZone-ANC\data\synth_noise\cls_4\1715.wav,4
D:\VSCodeRepository\SceneZone-ANC\data\synth_noise\cls_4\1716.wav,4
D:\VSCodeRepository\SceneZone-ANC\data\synth_noise\cls_4\1717.wav,4
D:\VSCodeRepository\SceneZone-ANC\data\synth_noise\cls_4\1718.wav,4
D:\VSCodeRepository\SceneZone-ANC\data\synth_noise\cls_4\1719.wav,4
D:\VSCodeRepository\SceneZone-ANC\data\synth_noise\cls_4\1720.wav,4
D:\VSCodeRepository\SceneZone-ANC\data\synth_noise\cls_4\1721.wav,4
D:\VSCodeRepository\SceneZone-ANC\data\synth_noise\cls_4\1722.wav,4
D:\VSCodeRepository\SceneZone-ANC\data\synth_noise\cls_4\1723.wav,4
D:\VSCodeRepository\SceneZone-ANC\data\synth_noise\cls_4\1724.wav,4
D:\VSCodeRepository\SceneZone-ANC\data\synth_noise\cls_4\1725.wav,4
D:\VSCodeRepository\SceneZone-ANC\data\synth_noise\cls_4\1726.wav,4
D:\VSCodeRepository\SceneZone-ANC\data\synth_noise\cls_4\1727.wav,4
D:\VSCodeRepository\SceneZone-ANC\data\synth_noise\cls_4\1728.wav,4
D:\VSCodeRepository\SceneZone-ANC\data\synth_noise\cls_4\1729.wav,4
D:\VSCodeRepository\SceneZone-ANC\data\synth_noise\cls_4\1730.wav,4
D:\VSCodeRepository\SceneZone-ANC\data\synth_noise\cls_4\1731.wav,4
D:\VSCodeRepository\SceneZone-ANC\data\synth_noise\cls_4\1732.wav,4
D:\VSCodeRepository\SceneZone-ANC\data\synth_noise\cls_4\1733.wav,4
D:\VSCodeRepository\SceneZone-ANC\data\synth_noise\cls_4\1734.wav,4
D:\VSCodeRepository\SceneZone-ANC\data\synth_noise\cls_4\1735.wav,4
D:\VSCodeRepository\SceneZone-ANC\data\synth_noise\cls_4\1736.wav,4
D:\VSCodeRepository\SceneZone-ANC\data\synth_noise\cls_4\1737.wav,4
D:\VSCodeRepository\SceneZone-ANC\data\synth_noise\cls_4\1738.wav,4
D:\VSCodeRepository\SceneZone-ANC\data\synth_noise\cls_4\1739.wav,4
D:\VSCodeRepository\SceneZone-ANC\data\synth_noise\cls_4\1740.wav,4
D:\VSCodeRepository\SceneZone-ANC\data\synth_noise\cls_4\1741.wav,4
D:\VSCodeRepository\SceneZone-ANC\data\synth_noise\cls_4\1742.wav,4
D:\VSCodeRepository\SceneZone-ANC\data\synth_noise\cls_4\1743.wav,4
D:\VSCodeRepository\SceneZone-ANC\data\synth_noise\cls_4\1744.wav,4
D:\VSCodeRepository\SceneZone-ANC\data\synth_noise\cls_4\1745.wav,4
D:\VSCodeRepository\SceneZone-ANC\data\synth_noise\cls_4\1746.wav,4
D:\VSCodeRepository\SceneZone-ANC\data\synth_noise\cls_4\1747.wav,4
D:\VSCodeRepository\SceneZone-ANC\data\synth_noise\cls_4\1748.wav,4
D:\VSCodeRepository\SceneZone-ANC\data\synth_noise\cls_4\1749.wav,4
D:\VSCodeRepository\SceneZone-ANC\data\synth_noise\cls_4\1750.wav,4
D:\VSCodeRepository\SceneZone-ANC\data\synth_noise\cls_4\1751.wav,4
D:\VSCodeRepository\SceneZone-ANC\data\synth_noise\cls_4\1752.wav,4
D:\VSCodeRepository\SceneZone-ANC\data\synth_noise\cls_4\1753.wav,4
D:\VSCodeRepository\SceneZone-ANC\data\synth_noise\cls_4\1754.wav,4
D:\VSCodeRepository\SceneZone-ANC\data\synth_noise\cls_4\1755.wav,4
D:\VSCodeRepository\SceneZone-ANC\data\synth_noise\cls_4\1756.wav,4
D:\VSCodeRepository\SceneZone-ANC\data\synth_noise\cls_4\1757.wav,4
D:\VSCodeRepository\SceneZone-ANC\data\synth_noise\cls_4\1758.wav,4
D:\VSCodeRepository\SceneZone-ANC\data\synth_noise\cls_4\1759.wav,4
D:\VSCodeRepository\SceneZone-ANC\data\synth_noise\cls_4\1760.wav,4
D:\VSCodeRepository\SceneZone-ANC\data\synth_noise\cls_4\1761.wav,4
D:\VSCodeRepository\SceneZone-ANC\data\synth_noise\cls_4\1762.wav,4
D:\VSCodeRepository\SceneZone-ANC\data\synth_noise\cls_4\1763.wav,4
D:\VSCodeRepository\SceneZone-ANC\data\synth_noise\cls_4\1764.wav,4
D:\VSCodeRepository\SceneZone-ANC\data\synth_noise\cls_4\1765.wav,4
D:\VSCodeRepository\SceneZone-ANC\data\synth_noise\cls_4\1766.wav,4
D:\VSCodeRepository\SceneZone-ANC\data\synth_noise\cls_4\1767.wav,4
D:\VSCodeRepository\SceneZone-ANC\data\synth_noise\cls_4\1768.wav,4
D:\VSCodeRepository\SceneZone-ANC\data\synth_noise\cls_4\1769.wav,4
D:\VSCodeRepository\SceneZone-ANC\data\synth_noise\cls_4\1770.wav,4
D:\VSCodeRepository\SceneZone-ANC\data\synth_noise\cls_4\1771.wav,4
D:\VSCodeRepository\SceneZone-ANC\data\synth_noise\cls_4\1772.wav,4
D:\VSCodeRepository\SceneZone-ANC\data\synth_noise\cls_4\1773.wav,4
D:\VSCodeRepository\SceneZone-ANC\data\synth_noise\cls_4\1774.wav,4
D:\VSCodeRepository\SceneZone-ANC\data\synth_noise\cls_4\1775.wav,4
D:\VSCodeRepository\SceneZone-ANC\data\synth_noise\cls_4\1776.wav,4
D:\VSCodeRepository\SceneZone-ANC\data\synth_noise\cls_4\1777.wav,4
D:\VSCodeRepository\SceneZone-ANC\data\synth_noise\cls_4\1778.wav,4
D:\VSCodeRepository\SceneZone-ANC\data\synth_noise\cls_4\1779.wav,4
D:\VSCodeRepository\SceneZone-ANC\data\synth_noise\cls_4\1780.wav,4
D:\VSCodeRepository\SceneZone-ANC\data\synth_noise\cls_4\1781.wav,4
D:\VSCodeRepository\SceneZone-ANC\data\synth_noise\cls_4\1782.wav,4
D:\VSCodeRepository\SceneZone-ANC\data\synth_noise\cls_4\1783.wav,4
D:\VSCodeRepository\SceneZone-ANC\data\synth_noise\cls_4\1784.wav,4
D:\VSCodeRepository\SceneZone-ANC\data\synth_noise\cls_4\1785.wav,4
D:\VSCodeRepository\SceneZone-ANC\data\synth_noise\cls_4\1786.wav,4
D:\VSCodeRepository\SceneZone-ANC\data\synth_noise\cls_4\1787.wav,4
D:\VSCodeRepository\SceneZone-ANC\data\synth_noise\cls_4\1788.wav,4
D:\VSCodeRepository\SceneZone-ANC\data\synth_noise\cls_4\1789.wav,4
D:\VSCodeRepository\SceneZone-ANC\data\synth_noise\cls_4\1790.wav,4
D:\VSCodeRepository\SceneZone-ANC\data\synth_noise\cls_4\1791.wav,4
D:\VSCodeRepository\SceneZone-ANC\data\synth_noise\cls_4\1792.wav,4
D:\VSCodeRepository\SceneZone-ANC\data\synth_noise\cls_4\1793.wav,4
D:\VSCodeRepository\SceneZone-ANC\data\synth_noise\cls_4\1794.wav,4
D:\VSCodeRepository\SceneZone-ANC\data\synth_noise\cls_4\1795.wav,4
D:\VSCodeRepository\SceneZone-ANC\data\synth_noise\cls_4\1796.wav,4
D:\VSCodeRepository\SceneZone-ANC\data\synth_noise\cls_4\1797.wav,4
D:\VSCodeRepository\SceneZone-ANC\data\synth_noise\cls_4\1798.wav,4
D:\VSCodeRepository\SceneZone-ANC\data\synth_noise\cls_4\1799.wav,4
D:\VSCodeRepository\SceneZone-ANC\data\synth_noise\cls_4\1800.wav,4
D:\VSCodeRepository\SceneZone-ANC\data\synth_noise\cls_4\1801.wav,4
D:\VSCodeRepository\SceneZone-ANC\data\synth_noise\cls_4\1802.wav,4
D:\VSCodeRepository\SceneZone-ANC\data\synth_noise\cls_4\1803.wav,4
D:\VSCodeRepository\SceneZone-ANC\data\synth_noise\cls_4\1804.wav,4
D:\VSCodeRepository\SceneZone-ANC\data\synth_noise\cls_4\1805.wav,4
D:\VSCodeRepository\SceneZone-ANC\data\synth_noise\cls_4\1806.wav,4
D:\VSCodeRepository\SceneZone-ANC\data\synth_noise\cls_4\1807.wav,4
D:\VSCodeRepository\SceneZone-ANC\data\synth_noise\cls_4\1808.wav,4
D:\VSCodeRepository\SceneZone-ANC\data\synth_noise\cls_4\1809.wav,4
D:\VSCodeRepository\SceneZone-ANC\data\synth_noise\cls_4\1810.wav,4
D:\VSCodeRepository\SceneZone-ANC\data\synth_noise\cls_4\1811.wav,4
D:\VSCodeRepository\SceneZone-ANC\data\synth_noise\cls_4\1812.wav,4
D:\VSCodeRepository\SceneZone-ANC\data\synth_noise\cls_4\1813.wav,4
D:\VSCodeRepository\SceneZone-ANC\data\synth_noise\cls_4\1814.wav,4
D:\VSCodeRepository\SceneZone-ANC\data\synth_noise\cls_4\1815.wav,4
D:\VSCodeRepository\SceneZone-ANC\data\synth_noise\cls_4\1816.wav,4
D:\VSCodeRepository\SceneZone-ANC\data\synth_noise\cls_4\1817.wav,4
D:\VSCodeRepository\SceneZone-ANC\data\synth_noise\cls_4\1818.wav,4
D:\VSCodeRepository\SceneZone-ANC\data\synth_noise\cls_4\1819.wav,4
D:\VSCodeRepository\SceneZone-ANC\data\synth_noise\cls_4\1820.wav,4
D:\VSCodeRepository\SceneZone-ANC\data\synth_noise\cls_4\1821.wav,4
D:\VSCodeRepository\SceneZone-ANC\data\synth_noise\cls_4\1822.wav,4
D:\VSCodeRepository\SceneZone-ANC\data\synth_noise\cls_4\1823.wav,4
D:\VSCodeRepository\SceneZone-ANC\data\synth_noise\cls_4\1824.wav,4
D:\VSCodeRepository\SceneZone-ANC\data\synth_noise\cls_4\1825.wav,4
D:\VSCodeRepository\SceneZone-ANC\data\synth_noise\cls_4\1826.wav,4
D:\VSCodeRepository\SceneZone-ANC\data\synth_noise\cls_4\1827.wav,4
D:\VSCodeRepository\SceneZone-ANC\data\synth_noise\cls_4\1828.wav,4
D:\VSCodeRepository\SceneZone-ANC\data\synth_noise\cls_4\1829.wav,4
D:\VSCodeRepository\SceneZone-ANC\data\synth_noise\cls_4\1830.wav,4
D:\VSCodeRepository\SceneZone-ANC\data\synth_noise\cls_4\1831.wav,4
D:\VSCodeRepository\SceneZone-ANC\data\synth_noise\cls_4\1832.wav,4
D:\VSCodeRepository\SceneZone-ANC\data\synth_noise\cls_4\1833.wav,4
D:\VSCodeRepository\SceneZone-ANC\data\synth_noise\cls_4\1834.wav,4
D:\VSCodeRepository\SceneZone-ANC\data\synth_noise\cls_4\1835.wav,4
D:\VSCodeRepository\SceneZone-ANC\data\synth_noise\cls_4\1836.wav,4
D:\VSCodeRepository\SceneZone-ANC\data\synth_noise\cls_4\1837.wav,4
D:\VSCodeRepository\SceneZone-ANC\data\synth_noise\cls_4\1838.wav,4
D:\VSCodeRepository\SceneZone-ANC\data\synth_noise\cls_4\1839.wav,4
D:\VSCodeRepository\SceneZone-ANC\data\synth_noise\cls_4\1840.wav,4
D:\VSCodeRepository\SceneZone-ANC\data\synth_noise\cls_4\1841.wav,4
D:\VSCodeRepository\SceneZone-ANC\data\synth_noise\cls_4\1842.wav,4
D:\VSCodeRepository\SceneZone-ANC\data\synth_noise\cls_4\1843.wav,4
D:\VSCodeRepository\SceneZone-ANC\data\synth_noise\cls_4\1844.wav,4
D:\VSCodeRepository\SceneZone-ANC\data\synth_noise\cls_4\1845.wav,4
D:\VSCodeRepository\SceneZone-ANC\data\synth_noise\cls_4\1846.wav,4
D:\VSCodeRepository\SceneZone-ANC\data\synth_noise\cls_4\1847.wav,4
D:\VSCodeRepository\SceneZone-ANC\data\synth_noise\cls_4\1848.wav,4
D:\VSCodeRepository\SceneZone-ANC\data\synth_noise\cls_4\1849.wav,4
D:\VSCodeRepository\SceneZone-ANC\data\synth_noise\cls_4\1850.wav,4
D:\VSCodeRepository\SceneZone-ANC\data\synth_noise\cls_4\1851.wav,4
D:\VSCodeRepository\SceneZone-ANC\data\synth_noise\cls_4\1852.wav,4
D:\VSCodeRepository\SceneZone-ANC\data\synth_noise\cls_4\1853.wav,4
D:\VSCodeRepository\SceneZone-ANC\data\synth_noise\cls_4\1854.wav,4
D:\VSCodeRepository\SceneZone-ANC\data\synth_noise\cls_4\1855.wav,4
D:\VSCodeRepository\SceneZone-ANC\data\synth_noise\cls_4\1856.wav,4
D:\VSCodeRepository\SceneZone-ANC\data\synth_noise\cls_4\1857.wav,4
D:\VSCodeRepository\SceneZone-ANC\data\synth_noise\cls_4\1858.wav,4
D:\VSCodeRepository\SceneZone-ANC\data\synth_noise\cls_4\1859.wav,4
D:\VSCodeRepository\SceneZone-ANC\data\synth_noise\cls_4\1860.wav,4
D:\VSCodeRepository\SceneZone-ANC\data\synth_noise\cls_4\1861.wav,4
D:\VSCodeRepository\SceneZone-ANC\data\synth_noise\cls_4\1862.wav,4
D:\VSCodeRepository\SceneZone-ANC\data\synth_noise\cls_4\1863.wav,4
D:\VSCodeRepository\SceneZone-ANC\data\synth_noise\cls_4\1864.wav,4
D:\VSCodeRepository\SceneZone-ANC\data\synth_noise\cls_4\1865.wav,4
D:\VSCodeRepository\SceneZone-ANC\data\synth_noise\cls_4\1866.wav,4
D:\VSCodeRepository\SceneZone-ANC\data\synth_noise\cls_4\1867.wav,4
D:\VSCodeRepository\SceneZone-ANC\data\synth_noise\cls_4\1868.wav,4
D:\VSCodeRepository\SceneZone-ANC\data\synth_noise\cls_4\1869.wav,4
D:\VSCodeRepository\SceneZone-ANC\data\synth_noise\cls_4\1870.wav,4
D:\VSCodeRepository\SceneZone-ANC\data\synth_noise\cls_4\1871.wav,4
D:\VSCodeRepository\SceneZone-ANC\data\synth_noise\cls_4\1872.wav,4
D:\VSCodeRepository\SceneZone-ANC\data\synth_noise\cls_4\1873.wav,4
D:\VSCodeRepository\SceneZone-ANC\data\synth_noise\cls_4\1874.wav,4
D:\VSCodeRepository\SceneZone-ANC\data\synth_noise\cls_4\1875.wav,4
D:\VSCodeRepository\SceneZone-ANC\data\synth_noise\cls_4\1876.wav,4
D:\VSCodeRepository\SceneZone-ANC\data\synth_noise\cls_4\1877.wav,4
D:\VSCodeRepository\SceneZone-ANC\data\synth_noise\cls_4\1878.wav,4
D:\VSCodeRepository\SceneZone-ANC\data\synth_noise\cls_4\1879.wav,4
D:\VSCodeRepository\SceneZone-ANC\data\synth_noise\cls_4\1880.wav,4
D:\VSCodeRepository\SceneZone-ANC\data\synth_noise\cls_4\1881.wav,4
D:\VSCodeRepository\SceneZone-ANC\data\synth_noise\cls_4\1882.wav,4
D:\VSCodeRepository\SceneZone-ANC\data\synth_noise\cls_4\1883.wav,4
D:\VSCodeRepository\SceneZone-ANC\data\synth_noise\cls_4\1884.wav,4
D:\VSCodeRepository\SceneZone-ANC\data\synth_noise\cls_4\1885.wav,4
D:\VSCodeRepository\SceneZone-ANC\data\synth_noise\cls_4\1886.wav,4
D:\VSCodeRepository\SceneZone-ANC\data\synth_noise\cls_4\1887.wav,4
D:\VSCodeRepository\SceneZone-ANC\data\synth_noise\cls_4\1888.wav,4
D:\VSCodeRepository\SceneZone-ANC\data\synth_noise\cls_4\1889.wav,4
D:\VSCodeRepository\SceneZone-ANC\data\synth_noise\cls_4\1890.wav,4
D:\VSCodeRepository\SceneZone-ANC\data\synth_noise\cls_4\1891.wav,4
D:\VSCodeRepository\SceneZone-ANC\data\synth_noise\cls_4\1892.wav,4
D:\VSCodeRepository\SceneZone-ANC\data\synth_noise\cls_4\1893.wav,4
D:\VSCodeRepository\SceneZone-ANC\data\synth_noise\cls_4\1894.wav,4
D:\VSCodeRepository\SceneZone-ANC\data\synth_noise\cls_4\1895.wav,4
D:\VSCodeRepository\SceneZone-ANC\data\synth_noise\cls_4\1896.wav,4
D:\VSCodeRepository\SceneZone-ANC\data\synth_noise\cls_4\1897.wav,4
D:\VSCodeRepository\SceneZone-ANC\data\synth_noise\cls_4\1898.wav,4
D:\VSCodeRepository\SceneZone-ANC\data\synth_noise\cls_4\1899.wav,4
D:\VSCodeRepository\SceneZone-ANC\data\synth_noise\cls_4\1900.wav,4
D:\VSCodeRepository\SceneZone-ANC\data\synth_noise\cls_4\1901.wav,4
D:\VSCodeRepository\SceneZone-ANC\data\synth_noise\cls_4\1902.wav,4
D:\VSCodeRepository\SceneZone-ANC\data\synth_noise\cls_4\1903.wav,4
D:\VSCodeRepository\SceneZone-ANC\data\synth_noise\cls_4\1904.wav,4
D:\VSCodeRepository\SceneZone-ANC\data\synth_noise\cls_4\1905.wav,4
D:\VSCodeRepository\SceneZone-ANC\data\synth_noise\cls_4\1906.wav,4
D:\VSCodeRepository\SceneZone-ANC\data\synth_noise\cls_4\1907.wav,4
D:\VSCodeRepository\SceneZone-ANC\data\synth_noise\cls_4\1908.wav,4
D:\VSCodeRepository\SceneZone-ANC\data\synth_noise\cls_4\1909.wav,4
D:\VSCodeRepository\SceneZone-ANC\data\synth_noise\cls_4\1910.wav,4
D:\VSCodeRepository\SceneZone-ANC\data\synth_noise\cls_4\1911.wav,4
D:\VSCodeRepository\SceneZone-ANC\data\synth_noise\cls_4\1912.wav,4
D:\VSCodeRepository\SceneZone-ANC\data\synth_noise\cls_4\1913.wav,4
D:\VSCodeRepository\SceneZone-ANC\data\synth_noise\cls_4\1914.wav,4
D:\VSCodeRepository\SceneZone-ANC\data\synth_noise\cls_4\1915.wav,4
D:\VSCodeRepository\SceneZone-ANC\data\synth_noise\cls_4\1916.wav,4
D:\VSCodeRepository\SceneZone-ANC\data\synth_noise\cls_4\1917.wav,4
D:\VSCodeRepository\SceneZone-ANC\data\synth_noise\cls_4\1918.wav,4
D:\VSCodeRepository\SceneZone-ANC\data\synth_noise\cls_4\1919.wav,4
D:\VSCodeRepository\SceneZone-ANC\data\synth_noise\cls_4\1920.wav,4
D:\VSCodeRepository\SceneZone-ANC\data\synth_noise\cls_4\1921.wav,4
D:\VSCodeRepository\SceneZone-ANC\data\synth_noise\cls_4\1922.wav,4
D:\VSCodeRepository\SceneZone-ANC\data\synth_noise\cls_4\1923.wav,4
D:\VSCodeRepository\SceneZone-ANC\data\synth_noise\cls_4\1924.wav,4
D:\VSCodeRepository\SceneZone-ANC\data\synth_noise\cls_4\1925.wav,4
D:\VSCodeRepository\SceneZone-ANC\data\synth_noise\cls_4\1926.wav,4
D:\VSCodeRepository\SceneZone-ANC\data\synth_noise\cls_4\1927.wav,4
D:\VSCodeRepository\SceneZone-ANC\data\synth_noise\cls_4\1928.wav,4
D:\VSCodeRepository\SceneZone-ANC\data\synth_noise\cls_4\1929.wav,4
D:\VSCodeRepository\SceneZone-ANC\data\synth_noise\cls_4\1930.wav,4
D:\VSCodeRepository\SceneZone-ANC\data\synth_noise\cls_4\1931.wav,4
D:\VSCodeRepository\SceneZone-ANC\data\synth_noise\cls_4\1932.wav,4
D:\VSCodeRepository\SceneZone-ANC\data\synth_noise\cls_4\1933.wav,4
D:\VSCodeRepository\SceneZone-ANC\data\synth_noise\cls_4\1934.wav,4
D:\VSCodeRepository\SceneZone-ANC\data\synth_noise\cls_4\1935.wav,4
D:\VSCodeRepository\SceneZone-ANC\data\synth_noise\cls_4\1936.wav,4
D:\VSCodeRepository\SceneZone-ANC\data\synth_noise\cls_4\1937.wav,4
D:\VSCodeRepository\SceneZone-ANC\data\synth_noise\cls_4\1938.wav,4
D:\VSCodeRepository\SceneZone-ANC\data\synth_noise\cls_4\1939.wav,4
D:\VSCodeRepository\SceneZone-ANC\data\synth_noise\cls_4\1940.wav,4
D:\VSCodeRepository\SceneZone-ANC\data\synth_noise\cls_4\1941.wav,4
D:\VSCodeRepository\SceneZone-ANC\data\synth_noise\cls_4\1942.wav,4
D:\VSCodeRepository\SceneZone-ANC\data\synth_noise\cls_4\1943.wav,4
D:\VSCodeRepository\SceneZone-ANC\data\synth_noise\cls_4\1944.wav,4
D:\VSCodeRepository\SceneZone-ANC\data\synth_noise\cls_4\1945.wav,4
D:\VSCodeRepository\SceneZone-ANC\data\synth_noise\cls_4\1946.wav,4
D:\VSCodeRepository\SceneZone-ANC\data\synth_noise\cls_4\1947.wav,4
D:\VSCodeRepository\SceneZone-ANC\data\synth_noise\cls_4\1948.wav,4
D:\VSCodeRepository\SceneZone-ANC\data\synth_noise\cls_4\1949.wav,4
D:\VSCodeRepository\SceneZone-ANC\data\synth_noise\cls_4\1950.wav,4
D:\VSCodeRepository\SceneZone-ANC\data\synth_noise\cls_4\1951.wav,4
D:\VSCodeRepository\SceneZone-ANC\data\synth_noise\cls_4\1952.wav,4
D:\VSCodeRepository\SceneZone-ANC\data\synth_noise\cls_4\1953.wav,4
D:\VSCodeRepository\SceneZone-ANC\data\synth_noise\cls_4\1954.wav,4
D:\VSCodeRepository\SceneZone-ANC\data\synth_noise\cls_4\1955.wav,4
D:\VSCodeRepository\SceneZone-ANC\data\synth_noise\cls_4\1956.wav,4
D:\VSCodeRepository\SceneZone-ANC\data\synth_noise\cls_4\1957.wav,4
D:\VSCodeRepository\SceneZone-ANC\data\synth_noise\cls_4\1958.wav,4
D:\VSCodeRepository\SceneZone-ANC\data\synth_noise\cls_4\1959.wav,4
D:\VSCodeRepository\SceneZone-ANC\data\synth_noise\cls_4\1960.wav,4
D:\VSCodeRepository\SceneZone-ANC\data\synth_noise\cls_4\1961.wav,4
D:\VSCodeRepository\SceneZone-ANC\data\synth_noise\cls_4\1962.wav,4
D:\VSCodeRepository\SceneZone-ANC\data\synth_noise\cls_4\1963.wav,4
D:\VSCodeRepository\SceneZone-ANC\data\synth_noise\cls_4\1964.wav,4
D:\VSCodeRepository\SceneZone-ANC\data\synth_noise\cls_4\1965.wav,4
D:\VSCodeRepository\SceneZone-ANC\data\synth_noise\cls_4\1966.wav,4
D:\VSCodeRepository\SceneZone-ANC\data\synth_noise\cls_4\1967.wav,4
D:\VSCodeRepository\SceneZone-ANC\data\synth_noise\cls_4\1968.wav,4
D:\VSCodeRepository\SceneZone-ANC\data\synth_noise\cls_4\1969.wav,4
D:\VSCodeRepository\SceneZone-ANC\data\synth_noise\cls_4\1970.wav,4
D:\VSCodeRepository\SceneZone-ANC\data\synth_noise\cls_4\1971.wav,4
D:\VSCodeRepository\SceneZone-ANC\data\synth_noise\cls_4\1972.wav,4
D:\VSCodeRepository\SceneZone-ANC\data\synth_noise\cls_4\1973.wav,4
D:\VSCodeRepository\SceneZone-ANC\data\synth_noise\cls_4\1974.wav,4
D:\VSCodeRepository\SceneZone-ANC\data\synth_noise\cls_4\1975.wav,4
D:\VSCodeRepository\SceneZone-ANC\data\synth_noise\cls_4\1976.wav,4
D:\VSCodeRepository\SceneZone-ANC\data\synth_noise\cls_4\1977.wav,4
D:\VSCodeRepository\SceneZone-ANC\data\synth_noise\cls_4\1978.wav,4
D:\VSCodeRepository\SceneZone-ANC\data\synth_noise\cls_4\1979.wav,4
D:\VSCodeRepository\SceneZone-ANC\data\synth_noise\cls_4\1980.wav,4
D:\VSCodeRepository\SceneZone-ANC\data\synth_noise\cls_4\1981.wav,4
D:\VSCodeRepository\SceneZone-ANC\data\synth_noise\cls_4\1982.wav,4
D:\VSCodeRepository\SceneZone-ANC\data\synth_noise\cls_4\1983.wav,4
D:\VSCodeRepository\SceneZone-ANC\data\synth_noise\cls_4\1984.wav,4
D:\VSCodeRepository\SceneZone-ANC\data\synth_noise\cls_4\1985.wav,4
D:\VSCodeRepository\SceneZone-ANC\data\synth_noise\cls_4\1986.wav,4
D:\VSCodeRepository\SceneZone-ANC\data\synth_noise\cls_4\1987.wav,4
D:\VSCodeRepository\SceneZone-ANC\data\synth_noise\cls_4\1988.wav,4
D:\VSCodeRepository\SceneZone-ANC\data\synth_noise\cls_4\1989.wav,4
D:\VSCodeRepository\SceneZone-ANC\data\synth_noise\cls_4\1990.wav,4
D:\VSCodeRepository\SceneZone-ANC\data\synth_noise\cls_4\1991.wav,4
D:\VSCodeRepository\SceneZone-ANC\data\synth_noise\cls_4\1992.wav,4
D:\VSCodeRepository\SceneZone-ANC\data\synth_noise\cls_4\1993.wav,4
D:\VSCodeRepository\SceneZone-ANC\data\synth_noise\cls_4\1994.wav,4
D:\VSCodeRepository\SceneZone-ANC\data\synth_noise\cls_4\1995.wav,4
D:\VSCodeRepository\SceneZone-ANC\data\synth_noise\cls_4\1996.wav,4
D:\VSCodeRepository\SceneZone-ANC\data\synth_noise\cls_4\1997.wav,4
D:\VSCodeRepository\SceneZone-ANC\data\synth_noise\cls_4\1998.wav,4
D:\VSCodeRepository\SceneZone-ANC\data\synth_noise\cls_4\1999.wav,4
D:\VSCodeRepository\SceneZone-ANC\data\synth_noise\cls_5\0300.wav,5
D:\VSCodeRepository\SceneZone-ANC\data\synth_noise\cls_5\0301.wav,5
D:\VSCodeRepository\SceneZone-ANC\data\synth_noise\cls_5\0302.wav,5
D:\VSCodeRepository\SceneZone-ANC\data\synth_noise\cls_5\0303.wav,5
D:\VSCodeRepository\SceneZone-ANC\data\synth_noise\cls_5\0304.wav,5
D:\VSCodeRepository\SceneZone-ANC\data\synth_noise\cls_5\0305.wav,5
D:\VSCodeRepository\SceneZone-ANC\data\synth_noise\cls_5\0306.wav,5
D:\VSCodeRepository\SceneZone-ANC\data\synth_noise\cls_5\0307.wav,5
D:\VSCodeRepository\SceneZone-ANC\data\synth_noise\cls_5\0308.wav,5
D:\VSCodeRepository\SceneZone-ANC\data\synth_noise\cls_5\0309.wav,5
D:\VSCodeRepository\SceneZone-ANC\data\synth_noise\cls_5\0310.wav,5
D:\VSCodeRepository\SceneZone-ANC\data\synth_noise\cls_5\0311.wav,5
D:\VSCodeRepository\SceneZone-ANC\data\synth_noise\cls_5\0312.wav,5
D:\VSCodeRepository\SceneZone-ANC\data\synth_noise\cls_5\0313.wav,5
D:\VSCodeRepository\SceneZone-ANC\data\synth_noise\cls_5\0314.wav,5
D:\VSCodeRepository\SceneZone-ANC\data\synth_noise\cls_5\0315.wav,5
D:\VSCodeRepository\SceneZone-ANC\data\synth_noise\cls_5\0316.wav,5
D:\VSCodeRepository\SceneZone-ANC\data\synth_noise\cls_5\0317.wav,5
D:\VSCodeRepository\SceneZone-ANC\data\synth_noise\cls_5\0318.wav,5
D:\VSCodeRepository\SceneZone-ANC\data\synth_noise\cls_5\0319.wav,5
D:\VSCodeRepository\SceneZone-ANC\data\synth_noise\cls_5\0320.wav,5
D:\VSCodeRepository\SceneZone-ANC\data\synth_noise\cls_5\0321.wav,5
D:\VSCodeRepository\SceneZone-ANC\data\synth_noise\cls_5\0322.wav,5
D:\VSCodeRepository\SceneZone-ANC\data\synth_noise\cls_5\0323.wav,5
D:\VSCodeRepository\SceneZone-ANC\data\synth_noise\cls_5\0324.wav,5
D:\VSCodeRepository\SceneZone-ANC\data\synth_noise\cls_5\0325.wav,5
D:\VSCodeRepository\SceneZone-ANC\data\synth_noise\cls_5\0326.wav,5
D:\VSCodeRepository\SceneZone-ANC\data\synth_noise\cls_5\0327.wav,5
D:\VSCodeRepository\SceneZone-ANC\data\synth_noise\cls_5\0328.wav,5
D:\VSCodeRepository\SceneZone-ANC\data\synth_noise\cls_5\0329.wav,5
D:\VSCodeRepository\SceneZone-ANC\data\synth_noise\cls_5\0330.wav,5
D:\VSCodeRepository\SceneZone-ANC\data\synth_noise\cls_5\0331.wav,5
D:\VSCodeRepository\SceneZone-ANC\data\synth_noise\cls_5\0332.wav,5
D:\VSCodeRepository\SceneZone-ANC\data\synth_noise\cls_5\0333.wav,5
D:\VSCodeRepository\SceneZone-ANC\data\synth_noise\cls_5\0334.wav,5
D:\VSCodeRepository\SceneZone-ANC\data\synth_noise\cls_5\0335.wav,5
D:\VSCodeRepository\SceneZone-ANC\data\synth_noise\cls_5\0336.wav,5
D:\VSCodeRepository\SceneZone-ANC\data\synth_noise\cls_5\0337.wav,5
D:\VSCodeRepository\SceneZone-ANC\data\synth_noise\cls_5\0338.wav,5
D:\VSCodeRepository\SceneZone-ANC\data\synth_noise\cls_5\0339.wav,5
D:\VSCodeRepository\SceneZone-ANC\data\synth_noise\cls_5\0340.wav,5
D:\VSCodeRepository\SceneZone-ANC\data\synth_noise\cls_5\0341.wav,5
D:\VSCodeRepository\SceneZone-ANC\data\synth_noise\cls_5\0342.wav,5
D:\VSCodeRepository\SceneZone-ANC\data\synth_noise\cls_5\0343.wav,5
D:\VSCodeRepository\SceneZone-ANC\data\synth_noise\cls_5\0344.wav,5
D:\VSCodeRepository\SceneZone-ANC\data\synth_noise\cls_5\0345.wav,5
D:\VSCodeRepository\SceneZone-ANC\data\synth_noise\cls_5\0346.wav,5
D:\VSCodeRepository\SceneZone-ANC\data\synth_noise\cls_5\0347.wav,5
D:\VSCodeRepository\SceneZone-ANC\data\synth_noise\cls_5\0348.wav,5
D:\VSCodeRepository\SceneZone-ANC\data\synth_noise\cls_5\0349.wav,5
D:\VSCodeRepository\SceneZone-ANC\data\synth_noise\cls_5\0350.wav,5
D:\VSCodeRepository\SceneZone-ANC\data\synth_noise\cls_5\0351.wav,5
D:\VSCodeRepository\SceneZone-ANC\data\synth_noise\cls_5\0352.wav,5
D:\VSCodeRepository\SceneZone-ANC\data\synth_noise\cls_5\0353.wav,5
D:\VSCodeRepository\SceneZone-ANC\data\synth_noise\cls_5\0354.wav,5
D:\VSCodeRepository\SceneZone-ANC\data\synth_noise\cls_5\0355.wav,5
D:\VSCodeRepository\SceneZone-ANC\data\synth_noise\cls_5\0356.wav,5
D:\VSCodeRepository\SceneZone-ANC\data\synth_noise\cls_5\0357.wav,5
D:\VSCodeRepository\SceneZone-ANC\data\synth_noise\cls_5\0358.wav,5
D:\VSCodeRepository\SceneZone-ANC\data\synth_noise\cls_5\0359.wav,5
D:\VSCodeRepository\SceneZone-ANC\data\synth_noise\cls_5\0360.wav,5
D:\VSCodeRepository\SceneZone-ANC\data\synth_noise\cls_5\0361.wav,5
D:\VSCodeRepository\SceneZone-ANC\data\synth_noise\cls_5\0362.wav,5
D:\VSCodeRepository\SceneZone-ANC\data\synth_noise\cls_5\0363.wav,5
D:\VSCodeRepository\SceneZone-ANC\data\synth_noise\cls_5\0364.wav,5
D:\VSCodeRepository\SceneZone-ANC\data\synth_noise\cls_5\0365.wav,5
D:\VSCodeRepository\SceneZone-ANC\data\synth_noise\cls_5\0366.wav,5
D:\VSCodeRepository\SceneZone-ANC\data\synth_noise\cls_5\0367.wav,5
D:\VSCodeRepository\SceneZone-ANC\data\synth_noise\cls_5\0368.wav,5
D:\VSCodeRepository\SceneZone-ANC\data\synth_noise\cls_5\0369.wav,5
D:\VSCodeRepository\SceneZone-ANC\data\synth_noise\cls_5\0370.wav,5
D:\VSCodeRepository\SceneZone-ANC\data\synth_noise\cls_5\0371.wav,5
D:\VSCodeRepository\SceneZone-ANC\data\synth_noise\cls_5\0372.wav,5
D:\VSCodeRepository\SceneZone-ANC\data\synth_noise\cls_5\0373.wav,5
D:\VSCodeRepository\SceneZone-ANC\data\synth_noise\cls_5\0374.wav,5
D:\VSCodeRepository\SceneZone-ANC\data\synth_noise\cls_5\0375.wav,5
D:\VSCodeRepository\SceneZone-ANC\data\synth_noise\cls_5\0376.wav,5
D:\VSCodeRepository\SceneZone-ANC\data\synth_noise\cls_5\0377.wav,5
D:\VSCodeRepository\SceneZone-ANC\data\synth_noise\cls_5\0378.wav,5
D:\VSCodeRepository\SceneZone-ANC\data\synth_noise\cls_5\0379.wav,5
D:\VSCodeRepository\SceneZone-ANC\data\synth_noise\cls_5\0380.wav,5
D:\VSCodeRepository\SceneZone-ANC\data\synth_noise\cls_5\0381.wav,5
D:\VSCodeRepository\SceneZone-ANC\data\synth_noise\cls_5\0382.wav,5
D:\VSCodeRepository\SceneZone-ANC\data\synth_noise\cls_5\0383.wav,5
D:\VSCodeRepository\SceneZone-ANC\data\synth_noise\cls_5\0384.wav,5
D:\VSCodeRepository\SceneZone-ANC\data\synth_noise\cls_5\0385.wav,5
D:\VSCodeRepository\SceneZone-ANC\data\synth_noise\cls_5\0386.wav,5
D:\VSCodeRepository\SceneZone-ANC\data\synth_noise\cls_5\0387.wav,5
D:\VSCodeRepository\SceneZone-ANC\data\synth_noise\cls_5\0388.wav,5
D:\VSCodeRepository\SceneZone-ANC\data\synth_noise\cls_5\0389.wav,5
D:\VSCodeRepository\SceneZone-ANC\data\synth_noise\cls_5\0390.wav,5
D:\VSCodeRepository\SceneZone-ANC\data\synth_noise\cls_5\0391.wav,5
D:\VSCodeRepository\SceneZone-ANC\data\synth_noise\cls_5\0392.wav,5
D:\VSCodeRepository\SceneZone-ANC\data\synth_noise\cls_5\0393.wav,5
D:\VSCodeRepository\SceneZone-ANC\data\synth_noise\cls_5\0394.wav,5
D:\VSCodeRepository\SceneZone-ANC\data\synth_noise\cls_5\0395.wav,5
D:\VSCodeRepository\SceneZone-ANC\data\synth_noise\cls_5\0396.wav,5
D:\VSCodeRepository\SceneZone-ANC\data\synth_noise\cls_5\0397.wav,5
D:\VSCodeRepository\SceneZone-ANC\data\synth_noise\cls_5\0398.wav,5
D:\VSCodeRepository\SceneZone-ANC\data\synth_noise\cls_5\0399.wav,5
D:\VSCodeRepository\SceneZone-ANC\data\synth_noise\cls_5\0400.wav,5
D:\VSCodeRepository\SceneZone-ANC\data\synth_noise\cls_5\0401.wav,5
D:\VSCodeRepository\SceneZone-ANC\data\synth_noise\cls_5\0402.wav,5
D:\VSCodeRepository\SceneZone-ANC\data\synth_noise\cls_5\0403.wav,5
D:\VSCodeRepository\SceneZone-ANC\data\synth_noise\cls_5\0404.wav,5
D:\VSCodeRepository\SceneZone-ANC\data\synth_noise\cls_5\0405.wav,5
D:\VSCodeRepository\SceneZone-ANC\data\synth_noise\cls_5\0406.wav,5
D:\VSCodeRepository\SceneZone-ANC\data\synth_noise\cls_5\0407.wav,5
D:\VSCodeRepository\SceneZone-ANC\data\synth_noise\cls_5\0408.wav,5
D:\VSCodeRepository\SceneZone-ANC\data\synth_noise\cls_5\0409.wav,5
D:\VSCodeRepository\SceneZone-ANC\data\synth_noise\cls_5\0410.wav,5
D:\VSCodeRepository\SceneZone-ANC\data\synth_noise\cls_5\0411.wav,5
D:\VSCodeRepository\SceneZone-ANC\data\synth_noise\cls_5\0412.wav,5
D:\VSCodeRepository\SceneZone-ANC\data\synth_noise\cls_5\0413.wav,5
D:\VSCodeRepository\SceneZone-ANC\data\synth_noise\cls_5\0414.wav,5
D:\VSCodeRepository\SceneZone-ANC\data\synth_noise\cls_5\0415.wav,5
D:\VSCodeRepository\SceneZone-ANC\data\synth_noise\cls_5\0416.wav,5
D:\VSCodeRepository\SceneZone-ANC\data\synth_noise\cls_5\0417.wav,5
D:\VSCodeRepository\SceneZone-ANC\data\synth_noise\cls_5\0418.wav,5
D:\VSCodeRepository\SceneZone-ANC\data\synth_noise\cls_5\0419.wav,5
D:\VSCodeRepository\SceneZone-ANC\data\synth_noise\cls_5\0420.wav,5
D:\VSCodeRepository\SceneZone-ANC\data\synth_noise\cls_5\0421.wav,5
D:\VSCodeRepository\SceneZone-ANC\data\synth_noise\cls_5\0422.wav,5
D:\VSCodeRepository\SceneZone-ANC\data\synth_noise\cls_5\0423.wav,5
D:\VSCodeRepository\SceneZone-ANC\data\synth_noise\cls_5\0424.wav,5
D:\VSCodeRepository\SceneZone-ANC\data\synth_noise\cls_5\0425.wav,5
D:\VSCodeRepository\SceneZone-ANC\data\synth_noise\cls_5\0426.wav,5
D:\VSCodeRepository\SceneZone-ANC\data\synth_noise\cls_5\0427.wav,5
D:\VSCodeRepository\SceneZone-ANC\data\synth_noise\cls_5\0428.wav,5
D:\VSCodeRepository\SceneZone-ANC\data\synth_noise\cls_5\0429.wav,5
D:\VSCodeRepository\SceneZone-ANC\data\synth_noise\cls_5\0430.wav,5
D:\VSCodeRepository\SceneZone-ANC\data\synth_noise\cls_5\0431.wav,5
D:\VSCodeRepository\SceneZone-ANC\data\synth_noise\cls_5\0432.wav,5
D:\VSCodeRepository\SceneZone-ANC\data\synth_noise\cls_5\0433.wav,5
D:\VSCodeRepository\SceneZone-ANC\data\synth_noise\cls_5\0434.wav,5
D:\VSCodeRepository\SceneZone-ANC\data\synth_noise\cls_5\0435.wav,5
D:\VSCodeRepository\SceneZone-ANC\data\synth_noise\cls_5\0436.wav,5
D:\VSCodeRepository\SceneZone-ANC\data\synth_noise\cls_5\0437.wav,5
D:\VSCodeRepository\SceneZone-ANC\data\synth_noise\cls_5\0438.wav,5
D:\VSCodeRepository\SceneZone-ANC\data\synth_noise\cls_5\0439.wav,5
D:\VSCodeRepository\SceneZone-ANC\data\synth_noise\cls_5\0440.wav,5
D:\VSCodeRepository\SceneZone-ANC\data\synth_noise\cls_5\0441.wav,5
D:\VSCodeRepository\SceneZone-ANC\data\synth_noise\cls_5\0442.wav,5
D:\VSCodeRepository\SceneZone-ANC\data\synth_noise\cls_5\0443.wav,5
D:\VSCodeRepository\SceneZone-ANC\data\synth_noise\cls_5\0444.wav,5
D:\VSCodeRepository\SceneZone-ANC\data\synth_noise\cls_5\0445.wav,5
D:\VSCodeRepository\SceneZone-ANC\data\synth_noise\cls_5\0446.wav,5
D:\VSCodeRepository\SceneZone-ANC\data\synth_noise\cls_5\0447.wav,5
D:\VSCodeRepository\SceneZone-ANC\data\synth_noise\cls_5\0448.wav,5
D:\VSCodeRepository\SceneZone-ANC\data\synth_noise\cls_5\0449.wav,5
D:\VSCodeRepository\SceneZone-ANC\data\synth_noise\cls_5\0450.wav,5
D:\VSCodeRepository\SceneZone-ANC\data\synth_noise\cls_5\0451.wav,5
D:\VSCodeRepository\SceneZone-ANC\data\synth_noise\cls_5\0452.wav,5
D:\VSCodeRepository\SceneZone-ANC\data\synth_noise\cls_5\0453.wav,5
D:\VSCodeRepository\SceneZone-ANC\data\synth_noise\cls_5\0454.wav,5
D:\VSCodeRepository\SceneZone-ANC\data\synth_noise\cls_5\0455.wav,5
D:\VSCodeRepository\SceneZone-ANC\data\synth_noise\cls_5\0456.wav,5
D:\VSCodeRepository\SceneZone-ANC\data\synth_noise\cls_5\0457.wav,5
D:\VSCodeRepository\SceneZone-ANC\data\synth_noise\cls_5\0458.wav,5
D:\VSCodeRepository\SceneZone-ANC\data\synth_noise\cls_5\0459.wav,5
D:\VSCodeRepository\SceneZone-ANC\data\synth_noise\cls_5\0460.wav,5
D:\VSCodeRepository\SceneZone-ANC\data\synth_noise\cls_5\0461.wav,5
D:\VSCodeRepository\SceneZone-ANC\data\synth_noise\cls_5\0462.wav,5
D:\VSCodeRepository\SceneZone-ANC\data\synth_noise\cls_5\0463.wav,5
D:\VSCodeRepository\SceneZone-ANC\data\synth_noise\cls_5\0464.wav,5
D:\VSCodeRepository\SceneZone-ANC\data\synth_noise\cls_5\0465.wav,5
D:\VSCodeRepository\SceneZone-ANC\data\synth_noise\cls_5\0466.wav,5
D:\VSCodeRepository\SceneZone-ANC\data\synth_noise\cls_5\0467.wav,5
D:\VSCodeRepository\SceneZone-ANC\data\synth_noise\cls_5\0468.wav,5
D:\VSCodeRepository\SceneZone-ANC\data\synth_noise\cls_5\0469.wav,5
D:\VSCodeRepository\SceneZone-ANC\data\synth_noise\cls_5\0470.wav,5
D:\VSCodeRepository\SceneZone-ANC\data\synth_noise\cls_5\0471.wav,5
D:\VSCodeRepository\SceneZone-ANC\data\synth_noise\cls_5\0472.wav,5
D:\VSCodeRepository\SceneZone-ANC\data\synth_noise\cls_5\0473.wav,5
D:\VSCodeRepository\SceneZone-ANC\data\synth_noise\cls_5\0474.wav,5
D:\VSCodeRepository\SceneZone-ANC\data\synth_noise\cls_5\0475.wav,5
D:\VSCodeRepository\SceneZone-ANC\data\synth_noise\cls_5\0476.wav,5
D:\VSCodeRepository\SceneZone-ANC\data\synth_noise\cls_5\0477.wav,5
D:\VSCodeRepository\SceneZone-ANC\data\synth_noise\cls_5\0478.wav,5
D:\VSCodeRepository\SceneZone-ANC\data\synth_noise\cls_5\0479.wav,5
D:\VSCodeRepository\SceneZone-ANC\data\synth_noise\cls_5\0480.wav,5
D:\VSCodeRepository\SceneZone-ANC\data\synth_noise\cls_5\0481.wav,5
D:\VSCodeRepository\SceneZone-ANC\data\synth_noise\cls_5\0482.wav,5
D:\VSCodeRepository\SceneZone-ANC\data\synth_noise\cls_5\0483.wav,5
D:\VSCodeRepository\SceneZone-ANC\data\synth_noise\cls_5\0484.wav,5
D:\VSCodeRepository\SceneZone-ANC\data\synth_noise\cls_5\0485.wav,5
D:\VSCodeRepository\SceneZone-ANC\data\synth_noise\cls_5\0486.wav,5
D:\VSCodeRepository\SceneZone-ANC\data\synth_noise\cls_5\0487.wav,5
D:\VSCodeRepository\SceneZone-ANC\data\synth_noise\cls_5\0488.wav,5
D:\VSCodeRepository\SceneZone-ANC\data\synth_noise\cls_5\0489.wav,5
D:\VSCodeRepository\SceneZone-ANC\data\synth_noise\cls_5\0490.wav,5
D:\VSCodeRepository\SceneZone-ANC\data\synth_noise\cls_5\0491.wav,5
D:\VSCodeRepository\SceneZone-ANC\data\synth_noise\cls_5\0492.wav,5
D:\VSCodeRepository\SceneZone-ANC\data\synth_noise\cls_5\0493.wav,5
D:\VSCodeRepository\SceneZone-ANC\data\synth_noise\cls_5\0494.wav,5
D:\VSCodeRepository\SceneZone-ANC\data\synth_noise\cls_5\0495.wav,5
D:\VSCodeRepository\SceneZone-ANC\data\synth_noise\cls_5\0496.wav,5
D:\VSCodeRepository\SceneZone-ANC\data\synth_noise\cls_5\0497.wav,5
D:\VSCodeRepository\SceneZone-ANC\data\synth_noise\cls_5\0498.wav,5
D:\VSCodeRepository\SceneZone-ANC\data\synth_noise\cls_5\0499.wav,5
D:\VSCodeRepository\SceneZone-ANC\data\synth_noise\cls_5\0500.wav,5
D:\VSCodeRepository\SceneZone-ANC\data\synth_noise\cls_5\0501.wav,5
D:\VSCodeRepository\SceneZone-ANC\data\synth_noise\cls_5\0502.wav,5
D:\VSCodeRepository\SceneZone-ANC\data\synth_noise\cls_5\0503.wav,5
D:\VSCodeRepository\SceneZone-ANC\data\synth_noise\cls_5\0504.wav,5
D:\VSCodeRepository\SceneZone-ANC\data\synth_noise\cls_5\0505.wav,5
D:\VSCodeRepository\SceneZone-ANC\data\synth_noise\cls_5\0506.wav,5
D:\VSCodeRepository\SceneZone-ANC\data\synth_noise\cls_5\0507.wav,5
D:\VSCodeRepository\SceneZone-ANC\data\synth_noise\cls_5\0508.wav,5
D:\VSCodeRepository\SceneZone-ANC\data\synth_noise\cls_5\0509.wav,5
D:\VSCodeRepository\SceneZone-ANC\data\synth_noise\cls_5\0510.wav,5
D:\VSCodeRepository\SceneZone-ANC\data\synth_noise\cls_5\0511.wav,5
D:\VSCodeRepository\SceneZone-ANC\data\synth_noise\cls_5\0512.wav,5
D:\VSCodeRepository\SceneZone-ANC\data\synth_noise\cls_5\0513.wav,5
D:\VSCodeRepository\SceneZone-ANC\data\synth_noise\cls_5\0514.wav,5
D:\VSCodeRepository\SceneZone-ANC\data\synth_noise\cls_5\0515.wav,5
D:\VSCodeRepository\SceneZone-ANC\data\synth_noise\cls_5\0516.wav,5
D:\VSCodeRepository\SceneZone-ANC\data\synth_noise\cls_5\0517.wav,5
D:\VSCodeRepository\SceneZone-ANC\data\synth_noise\cls_5\0518.wav,5
D:\VSCodeRepository\SceneZone-ANC\data\synth_noise\cls_5\0519.wav,5
D:\VSCodeRepository\SceneZone-ANC\data\synth_noise\cls_5\0520.wav,5
D:\VSCodeRepository\SceneZone-ANC\data\synth_noise\cls_5\0521.wav,5
D:\VSCodeRepository\SceneZone-ANC\data\synth_noise\cls_5\0522.wav,5
D:\VSCodeRepository\SceneZone-ANC\data\synth_noise\cls_5\0523.wav,5
D:\VSCodeRepository\SceneZone-ANC\data\synth_noise\cls_5\0524.wav,5
D:\VSCodeRepository\SceneZone-ANC\data\synth_noise\cls_5\0525.wav,5
D:\VSCodeRepository\SceneZone-ANC\data\synth_noise\cls_5\0526.wav,5
D:\VSCodeRepository\SceneZone-ANC\data\synth_noise\cls_5\0527.wav,5
D:\VSCodeRepository\SceneZone-ANC\data\synth_noise\cls_5\0528.wav,5
D:\VSCodeRepository\SceneZone-ANC\data\synth_noise\cls_5\0529.wav,5
D:\VSCodeRepository\SceneZone-ANC\data\synth_noise\cls_5\0530.wav,5
D:\VSCodeRepository\SceneZone-ANC\data\synth_noise\cls_5\0531.wav,5
D:\VSCodeRepository\SceneZone-ANC\data\synth_noise\cls_5\0532.wav,5
D:\VSCodeRepository\SceneZone-ANC\data\synth_noise\cls_5\0533.wav,5
D:\VSCodeRepository\SceneZone-ANC\data\synth_noise\cls_5\0534.wav,5
D:\VSCodeRepository\SceneZone-ANC\data\synth_noise\cls_5\0535.wav,5
D:\VSCodeRepository\SceneZone-ANC\data\synth_noise\cls_5\0536.wav,5
D:\VSCodeRepository\SceneZone-ANC\data\synth_noise\cls_5\0537.wav,5
D:\VSCodeRepository\SceneZone-ANC\data\synth_noise\cls_5\0538.wav,5
D:\VSCodeRepository\SceneZone-ANC\data\synth_noise\cls_5\0539.wav,5
D:\VSCodeRepository\SceneZone-ANC\data\synth_noise\cls_5\0540.wav,5
D:\VSCodeRepository\SceneZone-ANC\data\synth_noise\cls_5\0541.wav,5
D:\VSCodeRepository\SceneZone-ANC\data\synth_noise\cls_5\0542.wav,5
D:\VSCodeRepository\SceneZone-ANC\data\synth_noise\cls_5\0543.wav,5
D:\VSCodeRepository\SceneZone-ANC\data\synth_noise\cls_5\0544.wav,5
D:\VSCodeRepository\SceneZone-ANC\data\synth_noise\cls_5\0545.wav,5
D:\VSCodeRepository\SceneZone-ANC\data\synth_noise\cls_5\0546.wav,5
D:\VSCodeRepository\SceneZone-ANC\data\synth_noise\cls_5\0547.wav,5
D:\VSCodeRepository\SceneZone-ANC\data\synth_noise\cls_5\0548.wav,5
D:\VSCodeRepository\SceneZone-ANC\data\synth_noise\cls_5\0549.wav,5
D:\VSCodeRepository\SceneZone-ANC\data\synth_noise\cls_5\0550.wav,5
D:\VSCodeRepository\SceneZone-ANC\data\synth_noise\cls_5\0551.wav,5
D:\VSCodeRepository\SceneZone-ANC\data\synth_noise\cls_5\0552.wav,5
D:\VSCodeRepository\SceneZone-ANC\data\synth_noise\cls_5\0553.wav,5
D:\VSCodeRepository\SceneZone-ANC\data\synth_noise\cls_5\0554.wav,5
D:\VSCodeRepository\SceneZone-ANC\data\synth_noise\cls_5\0555.wav,5
D:\VSCodeRepository\SceneZone-ANC\data\synth_noise\cls_5\0556.wav,5
D:\VSCodeRepository\SceneZone-ANC\data\synth_noise\cls_5\0557.wav,5
D:\VSCodeRepository\SceneZone-ANC\data\synth_noise\cls_5\0558.wav,5
D:\VSCodeRepository\SceneZone-ANC\data\synth_noise\cls_5\0559.wav,5
D:\VSCodeRepository\SceneZone-ANC\data\synth_noise\cls_5\0560.wav,5
D:\VSCodeRepository\SceneZone-ANC\data\synth_noise\cls_5\0561.wav,5
D:\VSCodeRepository\SceneZone-ANC\data\synth_noise\cls_5\0562.wav,5
D:\VSCodeRepository\SceneZone-ANC\data\synth_noise\cls_5\0563.wav,5
D:\VSCodeRepository\SceneZone-ANC\data\synth_noise\cls_5\0564.wav,5
D:\VSCodeRepository\SceneZone-ANC\data\synth_noise\cls_5\0565.wav,5
D:\VSCodeRepository\SceneZone-ANC\data\synth_noise\cls_5\0566.wav,5
D:\VSCodeRepository\SceneZone-ANC\data\synth_noise\cls_5\0567.wav,5
D:\VSCodeRepository\SceneZone-ANC\data\synth_noise\cls_5\0568.wav,5
D:\VSCodeRepository\SceneZone-ANC\data\synth_noise\cls_5\0569.wav,5
D:\VSCodeRepository\SceneZone-ANC\data\synth_noise\cls_5\0570.wav,5
D:\VSCodeRepository\SceneZone-ANC\data\synth_noise\cls_5\0571.wav,5
D:\VSCodeRepository\SceneZone-ANC\data\synth_noise\cls_5\0572.wav,5
D:\VSCodeRepository\SceneZone-ANC\data\synth_noise\cls_5\0573.wav,5
D:\VSCodeRepository\SceneZone-ANC\data\synth_noise\cls_5\0574.wav,5
D:\VSCodeRepository\SceneZone-ANC\data\synth_noise\cls_5\0575.wav,5
D:\VSCodeRepository\SceneZone-ANC\data\synth_noise\cls_5\0576.wav,5
D:\VSCodeRepository\SceneZone-ANC\data\synth_noise\cls_5\0577.wav,5
D:\VSCodeRepository\SceneZone-ANC\data\synth_noise\cls_5\0578.wav,5
D:\VSCodeRepository\SceneZone-ANC\data\synth_noise\cls_5\0579.wav,5
D:\VSCodeRepository\SceneZone-ANC\data\synth_noise\cls_5\0580.wav,5
D:\VSCodeRepository\SceneZone-ANC\data\synth_noise\cls_5\0581.wav,5
D:\VSCodeRepository\SceneZone-ANC\data\synth_noise\cls_5\0582.wav,5
D:\VSCodeRepository\SceneZone-ANC\data\synth_noise\cls_5\0583.wav,5
D:\VSCodeRepository\SceneZone-ANC\data\synth_noise\cls_5\0584.wav,5
D:\VSCodeRepository\SceneZone-ANC\data\synth_noise\cls_5\0585.wav,5
D:\VSCodeRepository\SceneZone-ANC\data\synth_noise\cls_5\0586.wav,5
D:\VSCodeRepository\SceneZone-ANC\data\synth_noise\cls_5\0587.wav,5
D:\VSCodeRepository\SceneZone-ANC\data\synth_noise\cls_5\0588.wav,5
D:\VSCodeRepository\SceneZone-ANC\data\synth_noise\cls_5\0589.wav,5
D:\VSCodeRepository\SceneZone-ANC\data\synth_noise\cls_5\0590.wav,5
D:\VSCodeRepository\SceneZone-ANC\data\synth_noise\cls_5\0591.wav,5
D:\VSCodeRepository\SceneZone-ANC\data\synth_noise\cls_5\0592.wav,5
D:\VSCodeRepository\SceneZone-ANC\data\synth_noise\cls_5\0593.wav,5
D:\VSCodeRepository\SceneZone-ANC\data\synth_noise\cls_5\0594.wav,5
D:\VSCodeRepository\SceneZone-ANC\data\synth_noise\cls_5\0595.wav,5
D:\VSCodeRepository\SceneZone-ANC\data\synth_noise\cls_5\0596.wav,5
D:\VSCodeRepository\SceneZone-ANC\data\synth_noise\cls_5\0597.wav,5
D:\VSCodeRepository\SceneZone-ANC\data\synth_noise\cls_5\0598.wav,5
D:\VSCodeRepository\SceneZone-ANC\data\synth_noise\cls_5\0599.wav,5
D:\VSCodeRepository\SceneZone-ANC\data\synth_noise\cls_5\0600.wav,5
D:\VSCodeRepository\SceneZone-ANC\data\synth_noise\cls_5\0601.wav,5
D:\VSCodeRepository\SceneZone-ANC\data\synth_noise\cls_5\0602.wav,5
D:\VSCodeRepository\SceneZone-ANC\data\synth_noise\cls_5\0603.wav,5
D:\VSCodeRepository\SceneZone-ANC\data\synth_noise\cls_5\0604.wav,5
D:\VSCodeRepository\SceneZone-ANC\data\synth_noise\cls_5\0605.wav,5
D:\VSCodeRepository\SceneZone-ANC\data\synth_noise\cls_5\0606.wav,5
D:\VSCodeRepository\SceneZone-ANC\data\synth_noise\cls_5\0607.wav,5
D:\VSCodeRepository\SceneZone-ANC\data\synth_noise\cls_5\0608.wav,5
D:\VSCodeRepository\SceneZone-ANC\data\synth_noise\cls_5\0609.wav,5
D:\VSCodeRepository\SceneZone-ANC\data\synth_noise\cls_5\0610.wav,5
D:\VSCodeRepository\SceneZone-ANC\data\synth_noise\cls_5\0611.wav,5
D:\VSCodeRepository\SceneZone-ANC\data\synth_noise\cls_5\0612.wav,5
D:\VSCodeRepository\SceneZone-ANC\data\synth_noise\cls_5\0613.wav,5
D:\VSCodeRepository\SceneZone-ANC\data\synth_noise\cls_5\0614.wav,5
D:\VSCodeRepository\SceneZone-ANC\data\synth_noise\cls_5\0615.wav,5
D:\VSCodeRepository\SceneZone-ANC\data\synth_noise\cls_5\0616.wav,5
D:\VSCodeRepository\SceneZone-ANC\data\synth_noise\cls_5\0617.wav,5
D:\VSCodeRepository\SceneZone-ANC\data\synth_noise\cls_5\0618.wav,5
D:\VSCodeRepository\SceneZone-ANC\data\synth_noise\cls_5\0619.wav,5
D:\VSCodeRepository\SceneZone-ANC\data\synth_noise\cls_5\0620.wav,5
D:\VSCodeRepository\SceneZone-ANC\data\synth_noise\cls_5\0621.wav,5
D:\VSCodeRepository\SceneZone-ANC\data\synth_noise\cls_5\0622.wav,5
D:\VSCodeRepository\SceneZone-ANC\data\synth_noise\cls_5\0623.wav,5
D:\VSCodeRepository\SceneZone-ANC\data\synth_noise\cls_5\0624.wav,5
D:\VSCodeRepository\SceneZone-ANC\data\synth_noise\cls_5\0625.wav,5
D:\VSCodeRepository\SceneZone-ANC\data\synth_noise\cls_5\0626.wav,5
D:\VSCodeRepository\SceneZone-ANC\data\synth_noise\cls_5\0627.wav,5
D:\VSCodeRepository\SceneZone-ANC\data\synth_noise\cls_5\0628.wav,5
D:\VSCodeRepository\SceneZone-ANC\data\synth_noise\cls_5\0629.wav,5
D:\VSCodeRepository\SceneZone-ANC\data\synth_noise\cls_5\0630.wav,5
D:\VSCodeRepository\SceneZone-ANC\data\synth_noise\cls_5\0631.wav,5
D:\VSCodeRepository\SceneZone-ANC\data\synth_noise\cls_5\0632.wav,5
D:\VSCodeRepository\SceneZone-ANC\data\synth_noise\cls_5\0633.wav,5
D:\VSCodeRepository\SceneZone-ANC\data\synth_noise\cls_5\0634.wav,5
D:\VSCodeRepository\SceneZone-ANC\data\synth_noise\cls_5\0635.wav,5
D:\VSCodeRepository\SceneZone-ANC\data\synth_noise\cls_5\0636.wav,5
D:\VSCodeRepository\SceneZone-ANC\data\synth_noise\cls_5\0637.wav,5
D:\VSCodeRepository\SceneZone-ANC\data\synth_noise\cls_5\0638.wav,5
D:\VSCodeRepository\SceneZone-ANC\data\synth_noise\cls_5\0639.wav,5
D:\VSCodeRepository\SceneZone-ANC\data\synth_noise\cls_5\0640.wav,5
D:\VSCodeRepository\SceneZone-ANC\data\synth_noise\cls_5\0641.wav,5
D:\VSCodeRepository\SceneZone-ANC\data\synth_noise\cls_5\0642.wav,5
D:\VSCodeRepository\SceneZone-ANC\data\synth_noise\cls_5\0643.wav,5
D:\VSCodeRepository\SceneZone-ANC\data\synth_noise\cls_5\0644.wav,5
D:\VSCodeRepository\SceneZone-ANC\data\synth_noise\cls_5\0645.wav,5
D:\VSCodeRepository\SceneZone-ANC\data\synth_noise\cls_5\0646.wav,5
D:\VSCodeRepository\SceneZone-ANC\data\synth_noise\cls_5\0647.wav,5
D:\VSCodeRepository\SceneZone-ANC\data\synth_noise\cls_5\0648.wav,5
D:\VSCodeRepository\SceneZone-ANC\data\synth_noise\cls_5\0649.wav,5
D:\VSCodeRepository\SceneZone-ANC\data\synth_noise\cls_5\0650.wav,5
D:\VSCodeRepository\SceneZone-ANC\data\synth_noise\cls_5\0651.wav,5
D:\VSCodeRepository\SceneZone-ANC\data\synth_noise\cls_5\0652.wav,5
D:\VSCodeRepository\SceneZone-ANC\data\synth_noise\cls_5\0653.wav,5
D:\VSCodeRepository\SceneZone-ANC\data\synth_noise\cls_5\0654.wav,5
D:\VSCodeRepository\SceneZone-ANC\data\synth_noise\cls_5\0655.wav,5
D:\VSCodeRepository\SceneZone-ANC\data\synth_noise\cls_5\0656.wav,5
D:\VSCodeRepository\SceneZone-ANC\data\synth_noise\cls_5\0657.wav,5
D:\VSCodeRepository\SceneZone-ANC\data\synth_noise\cls_5\0658.wav,5
D:\VSCodeRepository\SceneZone-ANC\data\synth_noise\cls_5\0659.wav,5
D:\VSCodeRepository\SceneZone-ANC\data\synth_noise\cls_5\0660.wav,5
D:\VSCodeRepository\SceneZone-ANC\data\synth_noise\cls_5\0661.wav,5
D:\VSCodeRepository\SceneZone-ANC\data\synth_noise\cls_5\0662.wav,5
D:\VSCodeRepository\SceneZone-ANC\data\synth_noise\cls_5\0663.wav,5
D:\VSCodeRepository\SceneZone-ANC\data\synth_noise\cls_5\0664.wav,5
D:\VSCodeRepository\SceneZone-ANC\data\synth_noise\cls_5\0665.wav,5
D:\VSCodeRepository\SceneZone-ANC\data\synth_noise\cls_5\0666.wav,5
D:\VSCodeRepository\SceneZone-ANC\data\synth_noise\cls_5\0667.wav,5
D:\VSCodeRepository\SceneZone-ANC\data\synth_noise\cls_5\0668.wav,5
D:\VSCodeRepository\SceneZone-ANC\data\synth_noise\cls_5\0669.wav,5
D:\VSCodeRepository\SceneZone-ANC\data\synth_noise\cls_5\0670.wav,5
D:\VSCodeRepository\SceneZone-ANC\data\synth_noise\cls_5\0671.wav,5
D:\VSCodeRepository\SceneZone-ANC\data\synth_noise\cls_5\0672.wav,5
D:\VSCodeRepository\SceneZone-ANC\data\synth_noise\cls_5\0673.wav,5
D:\VSCodeRepository\SceneZone-ANC\data\synth_noise\cls_5\0674.wav,5
D:\VSCodeRepository\SceneZone-ANC\data\synth_noise\cls_5\0675.wav,5
D:\VSCodeRepository\SceneZone-ANC\data\synth_noise\cls_5\0676.wav,5
D:\VSCodeRepository\SceneZone-ANC\data\synth_noise\cls_5\0677.wav,5
D:\VSCodeRepository\SceneZone-ANC\data\synth_noise\cls_5\0678.wav,5
D:\VSCodeRepository\SceneZone-ANC\data\synth_noise\cls_5\0679.wav,5
D:\VSCodeRepository\SceneZone-ANC\data\synth_noise\cls_5\0680.wav,5
D:\VSCodeRepository\SceneZone-ANC\data\synth_noise\cls_5\0681.wav,5
D:\VSCodeRepository\SceneZone-ANC\data\synth_noise\cls_5\0682.wav,5
D:\VSCodeRepository\SceneZone-ANC\data\synth_noise\cls_5\0683.wav,5
D:\VSCodeRepository\SceneZone-ANC\data\synth_noise\cls_5\0684.wav,5
D:\VSCodeRepository\SceneZone-ANC\data\synth_noise\cls_5\0685.wav,5
D:\VSCodeRepository\SceneZone-ANC\data\synth_noise\cls_5\0686.wav,5
D:\VSCodeRepository\SceneZone-ANC\data\synth_noise\cls_5\0687.wav,5
D:\VSCodeRepository\SceneZone-ANC\data\synth_noise\cls_5\0688.wav,5
D:\VSCodeRepository\SceneZone-ANC\data\synth_noise\cls_5\0689.wav,5
D:\VSCodeRepository\SceneZone-ANC\data\synth_noise\cls_5\0690.wav,5
D:\VSCodeRepository\SceneZone-ANC\data\synth_noise\cls_5\0691.wav,5
D:\VSCodeRepository\SceneZone-ANC\data\synth_noise\cls_5\0692.wav,5
D:\VSCodeRepository\SceneZone-ANC\data\synth_noise\cls_5\0693.wav,5
D:\VSCodeRepository\SceneZone-ANC\data\synth_noise\cls_5\0694.wav,5
D:\VSCodeRepository\SceneZone-ANC\data\synth_noise\cls_5\0695.wav,5
D:\VSCodeRepository\SceneZone-ANC\data\synth_noise\cls_5\0696.wav,5
D:\VSCodeRepository\SceneZone-ANC\data\synth_noise\cls_5\0697.wav,5
D:\VSCodeRepository\SceneZone-ANC\data\synth_noise\cls_5\0698.wav,5
D:\VSCodeRepository\SceneZone-ANC\data\synth_noise\cls_5\0699.wav,5
D:\VSCodeRepository\SceneZone-ANC\data\synth_noise\cls_5\0700.wav,5
D:\VSCodeRepository\SceneZone-ANC\data\synth_noise\cls_5\0701.wav,5
D:\VSCodeRepository\SceneZone-ANC\data\synth_noise\cls_5\0702.wav,5
D:\VSCodeRepository\SceneZone-ANC\data\synth_noise\cls_5\0703.wav,5
D:\VSCodeRepository\SceneZone-ANC\data\synth_noise\cls_5\0704.wav,5
D:\VSCodeRepository\SceneZone-ANC\data\synth_noise\cls_5\0705.wav,5
D:\VSCodeRepository\SceneZone-ANC\data\synth_noise\cls_5\0706.wav,5
D:\VSCodeRepository\SceneZone-ANC\data\synth_noise\cls_5\0707.wav,5
D:\VSCodeRepository\SceneZone-ANC\data\synth_noise\cls_5\0708.wav,5
D:\VSCodeRepository\SceneZone-ANC\data\synth_noise\cls_5\0709.wav,5
D:\VSCodeRepository\SceneZone-ANC\data\synth_noise\cls_5\0710.wav,5
D:\VSCodeRepository\SceneZone-ANC\data\synth_noise\cls_5\0711.wav,5
D:\VSCodeRepository\SceneZone-ANC\data\synth_noise\cls_5\0712.wav,5
D:\VSCodeRepository\SceneZone-ANC\data\synth_noise\cls_5\0713.wav,5
D:\VSCodeRepository\SceneZone-ANC\data\synth_noise\cls_5\0714.wav,5
D:\VSCodeRepository\SceneZone-ANC\data\synth_noise\cls_5\0715.wav,5
D:\VSCodeRepository\SceneZone-ANC\data\synth_noise\cls_5\0716.wav,5
D:\VSCodeRepository\SceneZone-ANC\data\synth_noise\cls_5\0717.wav,5
D:\VSCodeRepository\SceneZone-ANC\data\synth_noise\cls_5\0718.wav,5
D:\VSCodeRepository\SceneZone-ANC\data\synth_noise\cls_5\0719.wav,5
D:\VSCodeRepository\SceneZone-ANC\data\synth_noise\cls_5\0720.wav,5
D:\VSCodeRepository\SceneZone-ANC\data\synth_noise\cls_5\0721.wav,5
D:\VSCodeRepository\SceneZone-ANC\data\synth_noise\cls_5\0722.wav,5
D:\VSCodeRepository\SceneZone-ANC\data\synth_noise\cls_5\0723.wav,5
D:\VSCodeRepository\SceneZone-ANC\data\synth_noise\cls_5\0724.wav,5
D:\VSCodeRepository\SceneZone-ANC\data\synth_noise\cls_5\0725.wav,5
D:\VSCodeRepository\SceneZone-ANC\data\synth_noise\cls_5\0726.wav,5
D:\VSCodeRepository\SceneZone-ANC\data\synth_noise\cls_5\0727.wav,5
D:\VSCodeRepository\SceneZone-ANC\data\synth_noise\cls_5\0728.wav,5
D:\VSCodeRepository\SceneZone-ANC\data\synth_noise\cls_5\0729.wav,5
D:\VSCodeRepository\SceneZone-ANC\data\synth_noise\cls_5\0730.wav,5
D:\VSCodeRepository\SceneZone-ANC\data\synth_noise\cls_5\0731.wav,5
D:\VSCodeRepository\SceneZone-ANC\data\synth_noise\cls_5\0732.wav,5
D:\VSCodeRepository\SceneZone-ANC\data\synth_noise\cls_5\0733.wav,5
D:\VSCodeRepository\SceneZone-ANC\data\synth_noise\cls_5\0734.wav,5
D:\VSCodeRepository\SceneZone-ANC\data\synth_noise\cls_5\0735.wav,5
D:\VSCodeRepository\SceneZone-ANC\data\synth_noise\cls_5\0736.wav,5
D:\VSCodeRepository\SceneZone-ANC\data\synth_noise\cls_5\0737.wav,5
D:\VSCodeRepository\SceneZone-ANC\data\synth_noise\cls_5\0738.wav,5
D:\VSCodeRepository\SceneZone-ANC\data\synth_noise\cls_5\0739.wav,5
D:\VSCodeRepository\SceneZone-ANC\data\synth_noise\cls_5\0740.wav,5
D:\VSCodeRepository\SceneZone-ANC\data\synth_noise\cls_5\0741.wav,5
D:\VSCodeRepository\SceneZone-ANC\data\synth_noise\cls_5\0742.wav,5
D:\VSCodeRepository\SceneZone-ANC\data\synth_noise\cls_5\0743.wav,5
D:\VSCodeRepository\SceneZone-ANC\data\synth_noise\cls_5\0744.wav,5
D:\VSCodeRepository\SceneZone-ANC\data\synth_noise\cls_5\0745.wav,5
D:\VSCodeRepository\SceneZone-ANC\data\synth_noise\cls_5\0746.wav,5
D:\VSCodeRepository\SceneZone-ANC\data\synth_noise\cls_5\0747.wav,5
D:\VSCodeRepository\SceneZone-ANC\data\synth_noise\cls_5\0748.wav,5
D:\VSCodeRepository\SceneZone-ANC\data\synth_noise\cls_5\0749.wav,5
D:\VSCodeRepository\SceneZone-ANC\data\synth_noise\cls_5\0750.wav,5
D:\VSCodeRepository\SceneZone-ANC\data\synth_noise\cls_5\0751.wav,5
D:\VSCodeRepository\SceneZone-ANC\data\synth_noise\cls_5\0752.wav,5
D:\VSCodeRepository\SceneZone-ANC\data\synth_noise\cls_5\0753.wav,5
D:\VSCodeRepository\SceneZone-ANC\data\synth_noise\cls_5\0754.wav,5
D:\VSCodeRepository\SceneZone-ANC\data\synth_noise\cls_5\0755.wav,5
D:\VSCodeRepository\SceneZone-ANC\data\synth_noise\cls_5\0756.wav,5
D:\VSCodeRepository\SceneZone-ANC\data\synth_noise\cls_5\0757.wav,5
D:\VSCodeRepository\SceneZone-ANC\data\synth_noise\cls_5\0758.wav,5
D:\VSCodeRepository\SceneZone-ANC\data\synth_noise\cls_5\0759.wav,5
D:\VSCodeRepository\SceneZone-ANC\data\synth_noise\cls_5\0760.wav,5
D:\VSCodeRepository\SceneZone-ANC\data\synth_noise\cls_5\0761.wav,5
D:\VSCodeRepository\SceneZone-ANC\data\synth_noise\cls_5\0762.wav,5
D:\VSCodeRepository\SceneZone-ANC\data\synth_noise\cls_5\0763.wav,5
D:\VSCodeRepository\SceneZone-ANC\data\synth_noise\cls_5\0764.wav,5
D:\VSCodeRepository\SceneZone-ANC\data\synth_noise\cls_5\0765.wav,5
D:\VSCodeRepository\SceneZone-ANC\data\synth_noise\cls_5\0766.wav,5
D:\VSCodeRepository\SceneZone-ANC\data\synth_noise\cls_5\0767.wav,5
D:\VSCodeRepository\SceneZone-ANC\data\synth_noise\cls_5\0768.wav,5
D:\VSCodeRepository\SceneZone-ANC\data\synth_noise\cls_5\0769.wav,5
D:\VSCodeRepository\SceneZone-ANC\data\synth_noise\cls_5\0770.wav,5
D:\VSCodeRepository\SceneZone-ANC\data\synth_noise\cls_5\0771.wav,5
D:\VSCodeRepository\SceneZone-ANC\data\synth_noise\cls_5\0772.wav,5
D:\VSCodeRepository\SceneZone-ANC\data\synth_noise\cls_5\0773.wav,5
D:\VSCodeRepository\SceneZone-ANC\data\synth_noise\cls_5\0774.wav,5
D:\VSCodeRepository\SceneZone-ANC\data\synth_noise\cls_5\0775.wav,5
D:\VSCodeRepository\SceneZone-ANC\data\synth_noise\cls_5\0776.wav,5
D:\VSCodeRepository\SceneZone-ANC\data\synth_noise\cls_5\0777.wav,5
D:\VSCodeRepository\SceneZone-ANC\data\synth_noise\cls_5\0778.wav,5
D:\VSCodeRepository\SceneZone-ANC\data\synth_noise\cls_5\0779.wav,5
D:\VSCodeRepository\SceneZone-ANC\data\synth_noise\cls_5\0780.wav,5
D:\VSCodeRepository\SceneZone-ANC\data\synth_noise\cls_5\0781.wav,5
D:\VSCodeRepository\SceneZone-ANC\data\synth_noise\cls_5\0782.wav,5
D:\VSCodeRepository\SceneZone-ANC\data\synth_noise\cls_5\0783.wav,5
D:\VSCodeRepository\SceneZone-ANC\data\synth_noise\cls_5\0784.wav,5
D:\VSCodeRepository\SceneZone-ANC\data\synth_noise\cls_5\0785.wav,5
D:\VSCodeRepository\SceneZone-ANC\data\synth_noise\cls_5\0786.wav,5
D:\VSCodeRepository\SceneZone-ANC\data\synth_noise\cls_5\0787.wav,5
D:\VSCodeRepository\SceneZone-ANC\data\synth_noise\cls_5\0788.wav,5
D:\VSCodeRepository\SceneZone-ANC\data\synth_noise\cls_5\0789.wav,5
D:\VSCodeRepository\SceneZone-ANC\data\synth_noise\cls_5\0790.wav,5
D:\VSCodeRepository\SceneZone-ANC\data\synth_noise\cls_5\0791.wav,5
D:\VSCodeRepository\SceneZone-ANC\data\synth_noise\cls_5\0792.wav,5
D:\VSCodeRepository\SceneZone-ANC\data\synth_noise\cls_5\0793.wav,5
D:\VSCodeRepository\SceneZone-ANC\data\synth_noise\cls_5\0794.wav,5
D:\VSCodeRepository\SceneZone-ANC\data\synth_noise\cls_5\0795.wav,5
D:\VSCodeRepository\SceneZone-ANC\data\synth_noise\cls_5\0796.wav,5
D:\VSCodeRepository\SceneZone-ANC\data\synth_noise\cls_5\0797.wav,5
D:\VSCodeRepository\SceneZone-ANC\data\synth_noise\cls_5\0798.wav,5
D:\VSCodeRepository\SceneZone-ANC\data\synth_noise\cls_5\0799.wav,5
D:\VSCodeRepository\SceneZone-ANC\data\synth_noise\cls_5\0800.wav,5
D:\VSCodeRepository\SceneZone-ANC\data\synth_noise\cls_5\0801.wav,5
D:\VSCodeRepository\SceneZone-ANC\data\synth_noise\cls_5\0802.wav,5
D:\VSCodeRepository\SceneZone-ANC\data\synth_noise\cls_5\0803.wav,5
D:\VSCodeRepository\SceneZone-ANC\data\synth_noise\cls_5\0804.wav,5
D:\VSCodeRepository\SceneZone-ANC\data\synth_noise\cls_5\0805.wav,5
D:\VSCodeRepository\SceneZone-ANC\data\synth_noise\cls_5\0806.wav,5
D:\VSCodeRepository\SceneZone-ANC\data\synth_noise\cls_5\0807.wav,5
D:\VSCodeRepository\SceneZone-ANC\data\synth_noise\cls_5\0808.wav,5
D:\VSCodeRepository\SceneZone-ANC\data\synth_noise\cls_5\0809.wav,5
D:\VSCodeRepository\SceneZone-ANC\data\synth_noise\cls_5\0810.wav,5
D:\VSCodeRepository\SceneZone-ANC\data\synth_noise\cls_5\0811.wav,5
D:\VSCodeRepository\SceneZone-ANC\data\synth_noise\cls_5\0812.wav,5
D:\VSCodeRepository\SceneZone-ANC\data\synth_noise\cls_5\0813.wav,5
D:\VSCodeRepository\SceneZone-ANC\data\synth_noise\cls_5\0814.wav,5
D:\VSCodeRepository\SceneZone-ANC\data\synth_noise\cls_5\0815.wav,5
D:\VSCodeRepository\SceneZone-ANC\data\synth_noise\cls_5\0816.wav,5
D:\VSCodeRepository\SceneZone-ANC\data\synth_noise\cls_5\0817.wav,5
D:\VSCodeRepository\SceneZone-ANC\data\synth_noise\cls_5\0818.wav,5
D:\VSCodeRepository\SceneZone-ANC\data\synth_noise\cls_5\0819.wav,5
D:\VSCodeRepository\SceneZone-ANC\data\synth_noise\cls_5\0820.wav,5
D:\VSCodeRepository\SceneZone-ANC\data\synth_noise\cls_5\0821.wav,5
D:\VSCodeRepository\SceneZone-ANC\data\synth_noise\cls_5\0822.wav,5
D:\VSCodeRepository\SceneZone-ANC\data\synth_noise\cls_5\0823.wav,5
D:\VSCodeRepository\SceneZone-ANC\data\synth_noise\cls_5\0824.wav,5
D:\VSCodeRepository\SceneZone-ANC\data\synth_noise\cls_5\0825.wav,5
D:\VSCodeRepository\SceneZone-ANC\data\synth_noise\cls_5\0826.wav,5
D:\VSCodeRepository\SceneZone-ANC\data\synth_noise\cls_5\0827.wav,5
D:\VSCodeRepository\SceneZone-ANC\data\synth_noise\cls_5\0828.wav,5
D:\VSCodeRepository\SceneZone-ANC\data\synth_noise\cls_5\0829.wav,5
D:\VSCodeRepository\SceneZone-ANC\data\synth_noise\cls_5\0830.wav,5
D:\VSCodeRepository\SceneZone-ANC\data\synth_noise\cls_5\0831.wav,5
D:\VSCodeRepository\SceneZone-ANC\data\synth_noise\cls_5\0832.wav,5
D:\VSCodeRepository\SceneZone-ANC\data\synth_noise\cls_5\0833.wav,5
D:\VSCodeRepository\SceneZone-ANC\data\synth_noise\cls_5\0834.wav,5
D:\VSCodeRepository\SceneZone-ANC\data\synth_noise\cls_5\0835.wav,5
D:\VSCodeRepository\SceneZone-ANC\data\synth_noise\cls_5\0836.wav,5
D:\VSCodeRepository\SceneZone-ANC\data\synth_noise\cls_5\0837.wav,5
D:\VSCodeRepository\SceneZone-ANC\data\synth_noise\cls_5\0838.wav,5
D:\VSCodeRepository\SceneZone-ANC\data\synth_noise\cls_5\0839.wav,5
D:\VSCodeRepository\SceneZone-ANC\data\synth_noise\cls_5\0840.wav,5
D:\VSCodeRepository\SceneZone-ANC\data\synth_noise\cls_5\0841.wav,5
D:\VSCodeRepository\SceneZone-ANC\data\synth_noise\cls_5\0842.wav,5
D:\VSCodeRepository\SceneZone-ANC\data\synth_noise\cls_5\0843.wav,5
D:\VSCodeRepository\SceneZone-ANC\data\synth_noise\cls_5\0844.wav,5
D:\VSCodeRepository\SceneZone-ANC\data\synth_noise\cls_5\0845.wav,5
D:\VSCodeRepository\SceneZone-ANC\data\synth_noise\cls_5\0846.wav,5
D:\VSCodeRepository\SceneZone-ANC\data\synth_noise\cls_5\0847.wav,5
D:\VSCodeRepository\SceneZone-ANC\data\synth_noise\cls_5\0848.wav,5
D:\VSCodeRepository\SceneZone-ANC\data\synth_noise\cls_5\0849.wav,5
D:\VSCodeRepository\SceneZone-ANC\data\synth_noise\cls_5\0850.wav,5
D:\VSCodeRepository\SceneZone-ANC\data\synth_noise\cls_5\0851.wav,5
D:\VSCodeRepository\SceneZone-ANC\data\synth_noise\cls_5\0852.wav,5
D:\VSCodeRepository\SceneZone-ANC\data\synth_noise\cls_5\0853.wav,5
D:\VSCodeRepository\SceneZone-ANC\data\synth_noise\cls_5\0854.wav,5
D:\VSCodeRepository\SceneZone-ANC\data\synth_noise\cls_5\0855.wav,5
D:\VSCodeRepository\SceneZone-ANC\data\synth_noise\cls_5\0856.wav,5
D:\VSCodeRepository\SceneZone-ANC\data\synth_noise\cls_5\0857.wav,5
D:\VSCodeRepository\SceneZone-ANC\data\synth_noise\cls_5\0858.wav,5
D:\VSCodeRepository\SceneZone-ANC\data\synth_noise\cls_5\0859.wav,5
D:\VSCodeRepository\SceneZone-ANC\data\synth_noise\cls_5\0860.wav,5
D:\VSCodeRepository\SceneZone-ANC\data\synth_noise\cls_5\0861.wav,5
D:\VSCodeRepository\SceneZone-ANC\data\synth_noise\cls_5\0862.wav,5
D:\VSCodeRepository\SceneZone-ANC\data\synth_noise\cls_5\0863.wav,5
D:\VSCodeRepository\SceneZone-ANC\data\synth_noise\cls_5\0864.wav,5
D:\VSCodeRepository\SceneZone-ANC\data\synth_noise\cls_5\0865.wav,5
D:\VSCodeRepository\SceneZone-ANC\data\synth_noise\cls_5\0866.wav,5
D:\VSCodeRepository\SceneZone-ANC\data\synth_noise\cls_5\0867.wav,5
D:\VSCodeRepository\SceneZone-ANC\data\synth_noise\cls_5\0868.wav,5
D:\VSCodeRepository\SceneZone-ANC\data\synth_noise\cls_5\0869.wav,5
D:\VSCodeRepository\SceneZone-ANC\data\synth_noise\cls_5\0870.wav,5
D:\VSCodeRepository\SceneZone-ANC\data\synth_noise\cls_5\0871.wav,5
D:\VSCodeRepository\SceneZone-ANC\data\synth_noise\cls_5\0872.wav,5
D:\VSCodeRepository\SceneZone-ANC\data\synth_noise\cls_5\0873.wav,5
D:\VSCodeRepository\SceneZone-ANC\data\synth_noise\cls_5\0874.wav,5
D:\VSCodeRepository\SceneZone-ANC\data\synth_noise\cls_5\0875.wav,5
D:\VSCodeRepository\SceneZone-ANC\data\synth_noise\cls_5\0876.wav,5
D:\VSCodeRepository\SceneZone-ANC\data\synth_noise\cls_5\0877.wav,5
D:\VSCodeRepository\SceneZone-ANC\data\synth_noise\cls_5\0878.wav,5
D:\VSCodeRepository\SceneZone-ANC\data\synth_noise\cls_5\0879.wav,5
D:\VSCodeRepository\SceneZone-ANC\data\synth_noise\cls_5\0880.wav,5
D:\VSCodeRepository\SceneZone-ANC\data\synth_noise\cls_5\0881.wav,5
D:\VSCodeRepository\SceneZone-ANC\data\synth_noise\cls_5\0882.wav,5
D:\VSCodeRepository\SceneZone-ANC\data\synth_noise\cls_5\0883.wav,5
D:\VSCodeRepository\SceneZone-ANC\data\synth_noise\cls_5\0884.wav,5
D:\VSCodeRepository\SceneZone-ANC\data\synth_noise\cls_5\0885.wav,5
D:\VSCodeRepository\SceneZone-ANC\data\synth_noise\cls_5\0886.wav,5
D:\VSCodeRepository\SceneZone-ANC\data\synth_noise\cls_5\0887.wav,5
D:\VSCodeRepository\SceneZone-ANC\data\synth_noise\cls_5\0888.wav,5
D:\VSCodeRepository\SceneZone-ANC\data\synth_noise\cls_5\0889.wav,5
D:\VSCodeRepository\SceneZone-ANC\data\synth_noise\cls_5\0890.wav,5
D:\VSCodeRepository\SceneZone-ANC\data\synth_noise\cls_5\0891.wav,5
D:\VSCodeRepository\SceneZone-ANC\data\synth_noise\cls_5\0892.wav,5
D:\VSCodeRepository\SceneZone-ANC\data\synth_noise\cls_5\0893.wav,5
D:\VSCodeRepository\SceneZone-ANC\data\synth_noise\cls_5\0894.wav,5
D:\VSCodeRepository\SceneZone-ANC\data\synth_noise\cls_5\0895.wav,5
D:\VSCodeRepository\SceneZone-ANC\data\synth_noise\cls_5\0896.wav,5
D:\VSCodeRepository\SceneZone-ANC\data\synth_noise\cls_5\0897.wav,5
D:\VSCodeRepository\SceneZone-ANC\data\synth_noise\cls_5\0898.wav,5
D:\VSCodeRepository\SceneZone-ANC\data\synth_noise\cls_5\0899.wav,5
D:\VSCodeRepository\SceneZone-ANC\data\synth_noise\cls_5\0900.wav,5
D:\VSCodeRepository\SceneZone-ANC\data\synth_noise\cls_5\0901.wav,5
D:\VSCodeRepository\SceneZone-ANC\data\synth_noise\cls_5\0902.wav,5
D:\VSCodeRepository\SceneZone-ANC\data\synth_noise\cls_5\0903.wav,5
D:\VSCodeRepository\SceneZone-ANC\data\synth_noise\cls_5\0904.wav,5
D:\VSCodeRepository\SceneZone-ANC\data\synth_noise\cls_5\0905.wav,5
D:\VSCodeRepository\SceneZone-ANC\data\synth_noise\cls_5\0906.wav,5
D:\VSCodeRepository\SceneZone-ANC\data\synth_noise\cls_5\0907.wav,5
D:\VSCodeRepository\SceneZone-ANC\data\synth_noise\cls_5\0908.wav,5
D:\VSCodeRepository\SceneZone-ANC\data\synth_noise\cls_5\0909.wav,5
D:\VSCodeRepository\SceneZone-ANC\data\synth_noise\cls_5\0910.wav,5
D:\VSCodeRepository\SceneZone-ANC\data\synth_noise\cls_5\0911.wav,5
D:\VSCodeRepository\SceneZone-ANC\data\synth_noise\cls_5\0912.wav,5
D:\VSCodeRepository\SceneZone-ANC\data\synth_noise\cls_5\0913.wav,5
D:\VSCodeRepository\SceneZone-ANC\data\synth_noise\cls_5\0914.wav,5
D:\VSCodeRepository\SceneZone-ANC\data\synth_noise\cls_5\0915.wav,5
D:\VSCodeRepository\SceneZone-ANC\data\synth_noise\cls_5\0916.wav,5
D:\VSCodeRepository\SceneZone-ANC\data\synth_noise\cls_5\0917.wav,5
D:\VSCodeRepository\SceneZone-ANC\data\synth_noise\cls_5\0918.wav,5
D:\VSCodeRepository\SceneZone-ANC\data\synth_noise\cls_5\0919.wav,5
D:\VSCodeRepository\SceneZone-ANC\data\synth_noise\cls_5\0920.wav,5
D:\VSCodeRepository\SceneZone-ANC\data\synth_noise\cls_5\0921.wav,5
D:\VSCodeRepository\SceneZone-ANC\data\synth_noise\cls_5\0922.wav,5
D:\VSCodeRepository\SceneZone-ANC\data\synth_noise\cls_5\0923.wav,5
D:\VSCodeRepository\SceneZone-ANC\data\synth_noise\cls_5\0924.wav,5
D:\VSCodeRepository\SceneZone-ANC\data\synth_noise\cls_5\0925.wav,5
D:\VSCodeRepository\SceneZone-ANC\data\synth_noise\cls_5\0926.wav,5
D:\VSCodeRepository\SceneZone-ANC\data\synth_noise\cls_5\0927.wav,5
D:\VSCodeRepository\SceneZone-ANC\data\synth_noise\cls_5\0928.wav,5
D:\VSCodeRepository\SceneZone-ANC\data\synth_noise\cls_5\0929.wav,5
D:\VSCodeRepository\SceneZone-ANC\data\synth_noise\cls_5\0930.wav,5
D:\VSCodeRepository\SceneZone-ANC\data\synth_noise\cls_5\0931.wav,5
D:\VSCodeRepository\SceneZone-ANC\data\synth_noise\cls_5\0932.wav,5
D:\VSCodeRepository\SceneZone-ANC\data\synth_noise\cls_5\0933.wav,5
D:\VSCodeRepository\SceneZone-ANC\data\synth_noise\cls_5\0934.wav,5
D:\VSCodeRepository\SceneZone-ANC\data\synth_noise\cls_5\0935.wav,5
D:\VSCodeRepository\SceneZone-ANC\data\synth_noise\cls_5\0936.wav,5
D:\VSCodeRepository\SceneZone-ANC\data\synth_noise\cls_5\0937.wav,5
D:\VSCodeRepository\SceneZone-ANC\data\synth_noise\cls_5\0938.wav,5
D:\VSCodeRepository\SceneZone-ANC\data\synth_noise\cls_5\0939.wav,5
D:\VSCodeRepository\SceneZone-ANC\data\synth_noise\cls_5\0940.wav,5
D:\VSCodeRepository\SceneZone-ANC\data\synth_noise\cls_5\0941.wav,5
D:\VSCodeRepository\SceneZone-ANC\data\synth_noise\cls_5\0942.wav,5
D:\VSCodeRepository\SceneZone-ANC\data\synth_noise\cls_5\0943.wav,5
D:\VSCodeRepository\SceneZone-ANC\data\synth_noise\cls_5\0944.wav,5
D:\VSCodeRepository\SceneZone-ANC\data\synth_noise\cls_5\0945.wav,5
D:\VSCodeRepository\SceneZone-ANC\data\synth_noise\cls_5\0946.wav,5
D:\VSCodeRepository\SceneZone-ANC\data\synth_noise\cls_5\0947.wav,5
D:\VSCodeRepository\SceneZone-ANC\data\synth_noise\cls_5\0948.wav,5
D:\VSCodeRepository\SceneZone-ANC\data\synth_noise\cls_5\0949.wav,5
D:\VSCodeRepository\SceneZone-ANC\data\synth_noise\cls_5\0950.wav,5
D:\VSCodeRepository\SceneZone-ANC\data\synth_noise\cls_5\0951.wav,5
D:\VSCodeRepository\SceneZone-ANC\data\synth_noise\cls_5\0952.wav,5
D:\VSCodeRepository\SceneZone-ANC\data\synth_noise\cls_5\0953.wav,5
D:\VSCodeRepository\SceneZone-ANC\data\synth_noise\cls_5\0954.wav,5
D:\VSCodeRepository\SceneZone-ANC\data\synth_noise\cls_5\0955.wav,5
D:\VSCodeRepository\SceneZone-ANC\data\synth_noise\cls_5\0956.wav,5
D:\VSCodeRepository\SceneZone-ANC\data\synth_noise\cls_5\0957.wav,5
D:\VSCodeRepository\SceneZone-ANC\data\synth_noise\cls_5\0958.wav,5
D:\VSCodeRepository\SceneZone-ANC\data\synth_noise\cls_5\0959.wav,5
D:\VSCodeRepository\SceneZone-ANC\data\synth_noise\cls_5\0960.wav,5
D:\VSCodeRepository\SceneZone-ANC\data\synth_noise\cls_5\0961.wav,5
D:\VSCodeRepository\SceneZone-ANC\data\synth_noise\cls_5\0962.wav,5
D:\VSCodeRepository\SceneZone-ANC\data\synth_noise\cls_5\0963.wav,5
D:\VSCodeRepository\SceneZone-ANC\data\synth_noise\cls_5\0964.wav,5
D:\VSCodeRepository\SceneZone-ANC\data\synth_noise\cls_5\0965.wav,5
D:\VSCodeRepository\SceneZone-ANC\data\synth_noise\cls_5\0966.wav,5
D:\VSCodeRepository\SceneZone-ANC\data\synth_noise\cls_5\0967.wav,5
D:\VSCodeRepository\SceneZone-ANC\data\synth_noise\cls_5\0968.wav,5
D:\VSCodeRepository\SceneZone-ANC\data\synth_noise\cls_5\0969.wav,5
D:\VSCodeRepository\SceneZone-ANC\data\synth_noise\cls_5\0970.wav,5
D:\VSCodeRepository\SceneZone-ANC\data\synth_noise\cls_5\0971.wav,5
D:\VSCodeRepository\SceneZone-ANC\data\synth_noise\cls_5\0972.wav,5
D:\VSCodeRepository\SceneZone-ANC\data\synth_noise\cls_5\0973.wav,5
D:\VSCodeRepository\SceneZone-ANC\data\synth_noise\cls_5\0974.wav,5
D:\VSCodeRepository\SceneZone-ANC\data\synth_noise\cls_5\0975.wav,5
D:\VSCodeRepository\SceneZone-ANC\data\synth_noise\cls_5\0976.wav,5
D:\VSCodeRepository\SceneZone-ANC\data\synth_noise\cls_5\0977.wav,5
D:\VSCodeRepository\SceneZone-ANC\data\synth_noise\cls_5\0978.wav,5
D:\VSCodeRepository\SceneZone-ANC\data\synth_noise\cls_5\0979.wav,5
D:\VSCodeRepository\SceneZone-ANC\data\synth_noise\cls_5\0980.wav,5
D:\VSCodeRepository\SceneZone-ANC\data\synth_noise\cls_5\0981.wav,5
D:\VSCodeRepository\SceneZone-ANC\data\synth_noise\cls_5\0982.wav,5
D:\VSCodeRepository\SceneZone-ANC\data\synth_noise\cls_5\0983.wav,5
D:\VSCodeRepository\SceneZone-ANC\data\synth_noise\cls_5\0984.wav,5
D:\VSCodeRepository\SceneZone-ANC\data\synth_noise\cls_5\0985.wav,5
D:\VSCodeRepository\SceneZone-ANC\data\synth_noise\cls_5\0986.wav,5
D:\VSCodeRepository\SceneZone-ANC\data\synth_noise\cls_5\0987.wav,5
D:\VSCodeRepository\SceneZone-ANC\data\synth_noise\cls_5\0988.wav,5
D:\VSCodeRepository\SceneZone-ANC\data\synth_noise\cls_5\0989.wav,5
D:\VSCodeRepository\SceneZone-ANC\data\synth_noise\cls_5\0990.wav,5
D:\VSCodeRepository\SceneZone-ANC\data\synth_noise\cls_5\0991.wav,5
D:\VSCodeRepository\SceneZone-ANC\data\synth_noise\cls_5\0992.wav,5
D:\VSCodeRepository\SceneZone-ANC\data\synth_noise\cls_5\0993.wav,5
D:\VSCodeRepository\SceneZone-ANC\data\synth_noise\cls_5\0994.wav,5
D:\VSCodeRepository\SceneZone-ANC\data\synth_noise\cls_5\0995.wav,5
D:\VSCodeRepository\SceneZone-ANC\data\synth_noise\cls_5\0996.wav,5
D:\VSCodeRepository\SceneZone-ANC\data\synth_noise\cls_5\0997.wav,5
D:\VSCodeRepository\SceneZone-ANC\data\synth_noise\cls_5\0998.wav,5
D:\VSCodeRepository\SceneZone-ANC\data\synth_noise\cls_5\0999.wav,5
D:\VSCodeRepository\SceneZone-ANC\data\synth_noise\cls_5\1000.wav,5
D:\VSCodeRepository\SceneZone-ANC\data\synth_noise\cls_5\1001.wav,5
D:\VSCodeRepository\SceneZone-ANC\data\synth_noise\cls_5\1002.wav,5
D:\VSCodeRepository\SceneZone-ANC\data\synth_noise\cls_5\1003.wav,5
D:\VSCodeRepository\SceneZone-ANC\data\synth_noise\cls_5\1004.wav,5
D:\VSCodeRepository\SceneZone-ANC\data\synth_noise\cls_5\1005.wav,5
D:\VSCodeRepository\SceneZone-ANC\data\synth_noise\cls_5\1006.wav,5
D:\VSCodeRepository\SceneZone-ANC\data\synth_noise\cls_5\1007.wav,5
D:\VSCodeRepository\SceneZone-ANC\data\synth_noise\cls_5\1008.wav,5
D:\VSCodeRepository\SceneZone-ANC\data\synth_noise\cls_5\1009.wav,5
D:\VSCodeRepository\SceneZone-ANC\data\synth_noise\cls_5\1010.wav,5
D:\VSCodeRepository\SceneZone-ANC\data\synth_noise\cls_5\1011.wav,5
D:\VSCodeRepository\SceneZone-ANC\data\synth_noise\cls_5\1012.wav,5
D:\VSCodeRepository\SceneZone-ANC\data\synth_noise\cls_5\1013.wav,5
D:\VSCodeRepository\SceneZone-ANC\data\synth_noise\cls_5\1014.wav,5
D:\VSCodeRepository\SceneZone-ANC\data\synth_noise\cls_5\1015.wav,5
D:\VSCodeRepository\SceneZone-ANC\data\synth_noise\cls_5\1016.wav,5
D:\VSCodeRepository\SceneZone-ANC\data\synth_noise\cls_5\1017.wav,5
D:\VSCodeRepository\SceneZone-ANC\data\synth_noise\cls_5\1018.wav,5
D:\VSCodeRepository\SceneZone-ANC\data\synth_noise\cls_5\1019.wav,5
D:\VSCodeRepository\SceneZone-ANC\data\synth_noise\cls_5\1020.wav,5
D:\VSCodeRepository\SceneZone-ANC\data\synth_noise\cls_5\1021.wav,5
D:\VSCodeRepository\SceneZone-ANC\data\synth_noise\cls_5\1022.wav,5
D:\VSCodeRepository\SceneZone-ANC\data\synth_noise\cls_5\1023.wav,5
D:\VSCodeRepository\SceneZone-ANC\data\synth_noise\cls_5\1024.wav,5
D:\VSCodeRepository\SceneZone-ANC\data\synth_noise\cls_5\1025.wav,5
D:\VSCodeRepository\SceneZone-ANC\data\synth_noise\cls_5\1026.wav,5
D:\VSCodeRepository\SceneZone-ANC\data\synth_noise\cls_5\1027.wav,5
D:\VSCodeRepository\SceneZone-ANC\data\synth_noise\cls_5\1028.wav,5
D:\VSCodeRepository\SceneZone-ANC\data\synth_noise\cls_5\1029.wav,5
D:\VSCodeRepository\SceneZone-ANC\data\synth_noise\cls_5\1030.wav,5
D:\VSCodeRepository\SceneZone-ANC\data\synth_noise\cls_5\1031.wav,5
D:\VSCodeRepository\SceneZone-ANC\data\synth_noise\cls_5\1032.wav,5
D:\VSCodeRepository\SceneZone-ANC\data\synth_noise\cls_5\1033.wav,5
D:\VSCodeRepository\SceneZone-ANC\data\synth_noise\cls_5\1034.wav,5
D:\VSCodeRepository\SceneZone-ANC\data\synth_noise\cls_5\1035.wav,5
D:\VSCodeRepository\SceneZone-ANC\data\synth_noise\cls_5\1036.wav,5
D:\VSCodeRepository\SceneZone-ANC\data\synth_noise\cls_5\1037.wav,5
D:\VSCodeRepository\SceneZone-ANC\data\synth_noise\cls_5\1038.wav,5
D:\VSCodeRepository\SceneZone-ANC\data\synth_noise\cls_5\1039.wav,5
D:\VSCodeRepository\SceneZone-ANC\data\synth_noise\cls_5\1040.wav,5
D:\VSCodeRepository\SceneZone-ANC\data\synth_noise\cls_5\1041.wav,5
D:\VSCodeRepository\SceneZone-ANC\data\synth_noise\cls_5\1042.wav,5
D:\VSCodeRepository\SceneZone-ANC\data\synth_noise\cls_5\1043.wav,5
D:\VSCodeRepository\SceneZone-ANC\data\synth_noise\cls_5\1044.wav,5
D:\VSCodeRepository\SceneZone-ANC\data\synth_noise\cls_5\1045.wav,5
D:\VSCodeRepository\SceneZone-ANC\data\synth_noise\cls_5\1046.wav,5
D:\VSCodeRepository\SceneZone-ANC\data\synth_noise\cls_5\1047.wav,5
D:\VSCodeRepository\SceneZone-ANC\data\synth_noise\cls_5\1048.wav,5
D:\VSCodeRepository\SceneZone-ANC\data\synth_noise\cls_5\1049.wav,5
D:\VSCodeRepository\SceneZone-ANC\data\synth_noise\cls_5\1050.wav,5
D:\VSCodeRepository\SceneZone-ANC\data\synth_noise\cls_5\1051.wav,5
D:\VSCodeRepository\SceneZone-ANC\data\synth_noise\cls_5\1052.wav,5
D:\VSCodeRepository\SceneZone-ANC\data\synth_noise\cls_5\1053.wav,5
D:\VSCodeRepository\SceneZone-ANC\data\synth_noise\cls_5\1054.wav,5
D:\VSCodeRepository\SceneZone-ANC\data\synth_noise\cls_5\1055.wav,5
D:\VSCodeRepository\SceneZone-ANC\data\synth_noise\cls_5\1056.wav,5
D:\VSCodeRepository\SceneZone-ANC\data\synth_noise\cls_5\1057.wav,5
D:\VSCodeRepository\SceneZone-ANC\data\synth_noise\cls_5\1058.wav,5
D:\VSCodeRepository\SceneZone-ANC\data\synth_noise\cls_5\1059.wav,5
D:\VSCodeRepository\SceneZone-ANC\data\synth_noise\cls_5\1060.wav,5
D:\VSCodeRepository\SceneZone-ANC\data\synth_noise\cls_5\1061.wav,5
D:\VSCodeRepository\SceneZone-ANC\data\synth_noise\cls_5\1062.wav,5
D:\VSCodeRepository\SceneZone-ANC\data\synth_noise\cls_5\1063.wav,5
D:\VSCodeRepository\SceneZone-ANC\data\synth_noise\cls_5\1064.wav,5
D:\VSCodeRepository\SceneZone-ANC\data\synth_noise\cls_5\1065.wav,5
D:\VSCodeRepository\SceneZone-ANC\data\synth_noise\cls_5\1066.wav,5
D:\VSCodeRepository\SceneZone-ANC\data\synth_noise\cls_5\1067.wav,5
D:\VSCodeRepository\SceneZone-ANC\data\synth_noise\cls_5\1068.wav,5
D:\VSCodeRepository\SceneZone-ANC\data\synth_noise\cls_5\1069.wav,5
D:\VSCodeRepository\SceneZone-ANC\data\synth_noise\cls_5\1070.wav,5
D:\VSCodeRepository\SceneZone-ANC\data\synth_noise\cls_5\1071.wav,5
D:\VSCodeRepository\SceneZone-ANC\data\synth_noise\cls_5\1072.wav,5
D:\VSCodeRepository\SceneZone-ANC\data\synth_noise\cls_5\1073.wav,5
D:\VSCodeRepository\SceneZone-ANC\data\synth_noise\cls_5\1074.wav,5
D:\VSCodeRepository\SceneZone-ANC\data\synth_noise\cls_5\1075.wav,5
D:\VSCodeRepository\SceneZone-ANC\data\synth_noise\cls_5\1076.wav,5
D:\VSCodeRepository\SceneZone-ANC\data\synth_noise\cls_5\1077.wav,5
D:\VSCodeRepository\SceneZone-ANC\data\synth_noise\cls_5\1078.wav,5
D:\VSCodeRepository\SceneZone-ANC\data\synth_noise\cls_5\1079.wav,5
D:\VSCodeRepository\SceneZone-ANC\data\synth_noise\cls_5\1080.wav,5
D:\VSCodeRepository\SceneZone-ANC\data\synth_noise\cls_5\1081.wav,5
D:\VSCodeRepository\SceneZone-ANC\data\synth_noise\cls_5\1082.wav,5
D:\VSCodeRepository\SceneZone-ANC\data\synth_noise\cls_5\1083.wav,5
D:\VSCodeRepository\SceneZone-ANC\data\synth_noise\cls_5\1084.wav,5
D:\VSCodeRepository\SceneZone-ANC\data\synth_noise\cls_5\1085.wav,5
D:\VSCodeRepository\SceneZone-ANC\data\synth_noise\cls_5\1086.wav,5
D:\VSCodeRepository\SceneZone-ANC\data\synth_noise\cls_5\1087.wav,5
D:\VSCodeRepository\SceneZone-ANC\data\synth_noise\cls_5\1088.wav,5
D:\VSCodeRepository\SceneZone-ANC\data\synth_noise\cls_5\1089.wav,5
D:\VSCodeRepository\SceneZone-ANC\data\synth_noise\cls_5\1090.wav,5
D:\VSCodeRepository\SceneZone-ANC\data\synth_noise\cls_5\1091.wav,5
D:\VSCodeRepository\SceneZone-ANC\data\synth_noise\cls_5\1092.wav,5
D:\VSCodeRepository\SceneZone-ANC\data\synth_noise\cls_5\1093.wav,5
D:\VSCodeRepository\SceneZone-ANC\data\synth_noise\cls_5\1094.wav,5
D:\VSCodeRepository\SceneZone-ANC\data\synth_noise\cls_5\1095.wav,5
D:\VSCodeRepository\SceneZone-ANC\data\synth_noise\cls_5\1096.wav,5
D:\VSCodeRepository\SceneZone-ANC\data\synth_noise\cls_5\1097.wav,5
D:\VSCodeRepository\SceneZone-ANC\data\synth_noise\cls_5\1098.wav,5
D:\VSCodeRepository\SceneZone-ANC\data\synth_noise\cls_5\1099.wav,5
D:\VSCodeRepository\SceneZone-ANC\data\synth_noise\cls_5\1100.wav,5
D:\VSCodeRepository\SceneZone-ANC\data\synth_noise\cls_5\1101.wav,5
D:\VSCodeRepository\SceneZone-ANC\data\synth_noise\cls_5\1102.wav,5
D:\VSCodeRepository\SceneZone-ANC\data\synth_noise\cls_5\1103.wav,5
D:\VSCodeRepository\SceneZone-ANC\data\synth_noise\cls_5\1104.wav,5
D:\VSCodeRepository\SceneZone-ANC\data\synth_noise\cls_5\1105.wav,5
D:\VSCodeRepository\SceneZone-ANC\data\synth_noise\cls_5\1106.wav,5
D:\VSCodeRepository\SceneZone-ANC\data\synth_noise\cls_5\1107.wav,5
D:\VSCodeRepository\SceneZone-ANC\data\synth_noise\cls_5\1108.wav,5
D:\VSCodeRepository\SceneZone-ANC\data\synth_noise\cls_5\1109.wav,5
D:\VSCodeRepository\SceneZone-ANC\data\synth_noise\cls_5\1110.wav,5
D:\VSCodeRepository\SceneZone-ANC\data\synth_noise\cls_5\1111.wav,5
D:\VSCodeRepository\SceneZone-ANC\data\synth_noise\cls_5\1112.wav,5
D:\VSCodeRepository\SceneZone-ANC\data\synth_noise\cls_5\1113.wav,5
D:\VSCodeRepository\SceneZone-ANC\data\synth_noise\cls_5\1114.wav,5
D:\VSCodeRepository\SceneZone-ANC\data\synth_noise\cls_5\1115.wav,5
D:\VSCodeRepository\SceneZone-ANC\data\synth_noise\cls_5\1116.wav,5
D:\VSCodeRepository\SceneZone-ANC\data\synth_noise\cls_5\1117.wav,5
D:\VSCodeRepository\SceneZone-ANC\data\synth_noise\cls_5\1118.wav,5
D:\VSCodeRepository\SceneZone-ANC\data\synth_noise\cls_5\1119.wav,5
D:\VSCodeRepository\SceneZone-ANC\data\synth_noise\cls_5\1120.wav,5
D:\VSCodeRepository\SceneZone-ANC\data\synth_noise\cls_5\1121.wav,5
D:\VSCodeRepository\SceneZone-ANC\data\synth_noise\cls_5\1122.wav,5
D:\VSCodeRepository\SceneZone-ANC\data\synth_noise\cls_5\1123.wav,5
D:\VSCodeRepository\SceneZone-ANC\data\synth_noise\cls_5\1124.wav,5
D:\VSCodeRepository\SceneZone-ANC\data\synth_noise\cls_5\1125.wav,5
D:\VSCodeRepository\SceneZone-ANC\data\synth_noise\cls_5\1126.wav,5
D:\VSCodeRepository\SceneZone-ANC\data\synth_noise\cls_5\1127.wav,5
D:\VSCodeRepository\SceneZone-ANC\data\synth_noise\cls_5\1128.wav,5
D:\VSCodeRepository\SceneZone-ANC\data\synth_noise\cls_5\1129.wav,5
D:\VSCodeRepository\SceneZone-ANC\data\synth_noise\cls_5\1130.wav,5
D:\VSCodeRepository\SceneZone-ANC\data\synth_noise\cls_5\1131.wav,5
D:\VSCodeRepository\SceneZone-ANC\data\synth_noise\cls_5\1132.wav,5
D:\VSCodeRepository\SceneZone-ANC\data\synth_noise\cls_5\1133.wav,5
D:\VSCodeRepository\SceneZone-ANC\data\synth_noise\cls_5\1134.wav,5
D:\VSCodeRepository\SceneZone-ANC\data\synth_noise\cls_5\1135.wav,5
D:\VSCodeRepository\SceneZone-ANC\data\synth_noise\cls_5\1136.wav,5
D:\VSCodeRepository\SceneZone-ANC\data\synth_noise\cls_5\1137.wav,5
D:\VSCodeRepository\SceneZone-ANC\data\synth_noise\cls_5\1138.wav,5
D:\VSCodeRepository\SceneZone-ANC\data\synth_noise\cls_5\1139.wav,5
D:\VSCodeRepository\SceneZone-ANC\data\synth_noise\cls_5\1140.wav,5
D:\VSCodeRepository\SceneZone-ANC\data\synth_noise\cls_5\1141.wav,5
D:\VSCodeRepository\SceneZone-ANC\data\synth_noise\cls_5\1142.wav,5
D:\VSCodeRepository\SceneZone-ANC\data\synth_noise\cls_5\1143.wav,5
D:\VSCodeRepository\SceneZone-ANC\data\synth_noise\cls_5\1144.wav,5
D:\VSCodeRepository\SceneZone-ANC\data\synth_noise\cls_5\1145.wav,5
D:\VSCodeRepository\SceneZone-ANC\data\synth_noise\cls_5\1146.wav,5
D:\VSCodeRepository\SceneZone-ANC\data\synth_noise\cls_5\1147.wav,5
D:\VSCodeRepository\SceneZone-ANC\data\synth_noise\cls_5\1148.wav,5
D:\VSCodeRepository\SceneZone-ANC\data\synth_noise\cls_5\1149.wav,5
D:\VSCodeRepository\SceneZone-ANC\data\synth_noise\cls_5\1150.wav,5
D:\VSCodeRepository\SceneZone-ANC\data\synth_noise\cls_5\1151.wav,5
D:\VSCodeRepository\SceneZone-ANC\data\synth_noise\cls_5\1152.wav,5
D:\VSCodeRepository\SceneZone-ANC\data\synth_noise\cls_5\1153.wav,5
D:\VSCodeRepository\SceneZone-ANC\data\synth_noise\cls_5\1154.wav,5
D:\VSCodeRepository\SceneZone-ANC\data\synth_noise\cls_5\1155.wav,5
D:\VSCodeRepository\SceneZone-ANC\data\synth_noise\cls_5\1156.wav,5
D:\VSCodeRepository\SceneZone-ANC\data\synth_noise\cls_5\1157.wav,5
D:\VSCodeRepository\SceneZone-ANC\data\synth_noise\cls_5\1158.wav,5
D:\VSCodeRepository\SceneZone-ANC\data\synth_noise\cls_5\1159.wav,5
D:\VSCodeRepository\SceneZone-ANC\data\synth_noise\cls_5\1160.wav,5
D:\VSCodeRepository\SceneZone-ANC\data\synth_noise\cls_5\1161.wav,5
D:\VSCodeRepository\SceneZone-ANC\data\synth_noise\cls_5\1162.wav,5
D:\VSCodeRepository\SceneZone-ANC\data\synth_noise\cls_5\1163.wav,5
D:\VSCodeRepository\SceneZone-ANC\data\synth_noise\cls_5\1164.wav,5
D:\VSCodeRepository\SceneZone-ANC\data\synth_noise\cls_5\1165.wav,5
D:\VSCodeRepository\SceneZone-ANC\data\synth_noise\cls_5\1166.wav,5
D:\VSCodeRepository\SceneZone-ANC\data\synth_noise\cls_5\1167.wav,5
D:\VSCodeRepository\SceneZone-ANC\data\synth_noise\cls_5\1168.wav,5
D:\VSCodeRepository\SceneZone-ANC\data\synth_noise\cls_5\1169.wav,5
D:\VSCodeRepository\SceneZone-ANC\data\synth_noise\cls_5\1170.wav,5
D:\VSCodeRepository\SceneZone-ANC\data\synth_noise\cls_5\1171.wav,5
D:\VSCodeRepository\SceneZone-ANC\data\synth_noise\cls_5\1172.wav,5
D:\VSCodeRepository\SceneZone-ANC\data\synth_noise\cls_5\1173.wav,5
D:\VSCodeRepository\SceneZone-ANC\data\synth_noise\cls_5\1174.wav,5
D:\VSCodeRepository\SceneZone-ANC\data\synth_noise\cls_5\1175.wav,5
D:\VSCodeRepository\SceneZone-ANC\data\synth_noise\cls_5\1176.wav,5
D:\VSCodeRepository\SceneZone-ANC\data\synth_noise\cls_5\1177.wav,5
D:\VSCodeRepository\SceneZone-ANC\data\synth_noise\cls_5\1178.wav,5
D:\VSCodeRepository\SceneZone-ANC\data\synth_noise\cls_5\1179.wav,5
D:\VSCodeRepository\SceneZone-ANC\data\synth_noise\cls_5\1180.wav,5
D:\VSCodeRepository\SceneZone-ANC\data\synth_noise\cls_5\1181.wav,5
D:\VSCodeRepository\SceneZone-ANC\data\synth_noise\cls_5\1182.wav,5
D:\VSCodeRepository\SceneZone-ANC\data\synth_noise\cls_5\1183.wav,5
D:\VSCodeRepository\SceneZone-ANC\data\synth_noise\cls_5\1184.wav,5
D:\VSCodeRepository\SceneZone-ANC\data\synth_noise\cls_5\1185.wav,5
D:\VSCodeRepository\SceneZone-ANC\data\synth_noise\cls_5\1186.wav,5
D:\VSCodeRepository\SceneZone-ANC\data\synth_noise\cls_5\1187.wav,5
D:\VSCodeRepository\SceneZone-ANC\data\synth_noise\cls_5\1188.wav,5
D:\VSCodeRepository\SceneZone-ANC\data\synth_noise\cls_5\1189.wav,5
D:\VSCodeRepository\SceneZone-ANC\data\synth_noise\cls_5\1190.wav,5
D:\VSCodeRepository\SceneZone-ANC\data\synth_noise\cls_5\1191.wav,5
D:\VSCodeRepository\SceneZone-ANC\data\synth_noise\cls_5\1192.wav,5
D:\VSCodeRepository\SceneZone-ANC\data\synth_noise\cls_5\1193.wav,5
D:\VSCodeRepository\SceneZone-ANC\data\synth_noise\cls_5\1194.wav,5
D:\VSCodeRepository\SceneZone-ANC\data\synth_noise\cls_5\1195.wav,5
D:\VSCodeRepository\SceneZone-ANC\data\synth_noise\cls_5\1196.wav,5
D:\VSCodeRepository\SceneZone-ANC\data\synth_noise\cls_5\1197.wav,5
D:\VSCodeRepository\SceneZone-ANC\data\synth_noise\cls_5\1198.wav,5
D:\VSCodeRepository\SceneZone-ANC\data\synth_noise\cls_5\1199.wav,5
D:\VSCodeRepository\SceneZone-ANC\data\synth_noise\cls_5\1200.wav,5
D:\VSCodeRepository\SceneZone-ANC\data\synth_noise\cls_5\1201.wav,5
D:\VSCodeRepository\SceneZone-ANC\data\synth_noise\cls_5\1202.wav,5
D:\VSCodeRepository\SceneZone-ANC\data\synth_noise\cls_5\1203.wav,5
D:\VSCodeRepository\SceneZone-ANC\data\synth_noise\cls_5\1204.wav,5
D:\VSCodeRepository\SceneZone-ANC\data\synth_noise\cls_5\1205.wav,5
D:\VSCodeRepository\SceneZone-ANC\data\synth_noise\cls_5\1206.wav,5
D:\VSCodeRepository\SceneZone-ANC\data\synth_noise\cls_5\1207.wav,5
D:\VSCodeRepository\SceneZone-ANC\data\synth_noise\cls_5\1208.wav,5
D:\VSCodeRepository\SceneZone-ANC\data\synth_noise\cls_5\1209.wav,5
D:\VSCodeRepository\SceneZone-ANC\data\synth_noise\cls_5\1210.wav,5
D:\VSCodeRepository\SceneZone-ANC\data\synth_noise\cls_5\1211.wav,5
D:\VSCodeRepository\SceneZone-ANC\data\synth_noise\cls_5\1212.wav,5
D:\VSCodeRepository\SceneZone-ANC\data\synth_noise\cls_5\1213.wav,5
D:\VSCodeRepository\SceneZone-ANC\data\synth_noise\cls_5\1214.wav,5
D:\VSCodeRepository\SceneZone-ANC\data\synth_noise\cls_5\1215.wav,5
D:\VSCodeRepository\SceneZone-ANC\data\synth_noise\cls_5\1216.wav,5
D:\VSCodeRepository\SceneZone-ANC\data\synth_noise\cls_5\1217.wav,5
D:\VSCodeRepository\SceneZone-ANC\data\synth_noise\cls_5\1218.wav,5
D:\VSCodeRepository\SceneZone-ANC\data\synth_noise\cls_5\1219.wav,5
D:\VSCodeRepository\SceneZone-ANC\data\synth_noise\cls_5\1220.wav,5
D:\VSCodeRepository\SceneZone-ANC\data\synth_noise\cls_5\1221.wav,5
D:\VSCodeRepository\SceneZone-ANC\data\synth_noise\cls_5\1222.wav,5
D:\VSCodeRepository\SceneZone-ANC\data\synth_noise\cls_5\1223.wav,5
D:\VSCodeRepository\SceneZone-ANC\data\synth_noise\cls_5\1224.wav,5
D:\VSCodeRepository\SceneZone-ANC\data\synth_noise\cls_5\1225.wav,5
D:\VSCodeRepository\SceneZone-ANC\data\synth_noise\cls_5\1226.wav,5
D:\VSCodeRepository\SceneZone-ANC\data\synth_noise\cls_5\1227.wav,5
D:\VSCodeRepository\SceneZone-ANC\data\synth_noise\cls_5\1228.wav,5
D:\VSCodeRepository\SceneZone-ANC\data\synth_noise\cls_5\1229.wav,5
D:\VSCodeRepository\SceneZone-ANC\data\synth_noise\cls_5\1230.wav,5
D:\VSCodeRepository\SceneZone-ANC\data\synth_noise\cls_5\1231.wav,5
D:\VSCodeRepository\SceneZone-ANC\data\synth_noise\cls_5\1232.wav,5
D:\VSCodeRepository\SceneZone-ANC\data\synth_noise\cls_5\1233.wav,5
D:\VSCodeRepository\SceneZone-ANC\data\synth_noise\cls_5\1234.wav,5
D:\VSCodeRepository\SceneZone-ANC\data\synth_noise\cls_5\1235.wav,5
D:\VSCodeRepository\SceneZone-ANC\data\synth_noise\cls_5\1236.wav,5
D:\VSCodeRepository\SceneZone-ANC\data\synth_noise\cls_5\1237.wav,5
D:\VSCodeRepository\SceneZone-ANC\data\synth_noise\cls_5\1238.wav,5
D:\VSCodeRepository\SceneZone-ANC\data\synth_noise\cls_5\1239.wav,5
D:\VSCodeRepository\SceneZone-ANC\data\synth_noise\cls_5\1240.wav,5
D:\VSCodeRepository\SceneZone-ANC\data\synth_noise\cls_5\1241.wav,5
D:\VSCodeRepository\SceneZone-ANC\data\synth_noise\cls_5\1242.wav,5
D:\VSCodeRepository\SceneZone-ANC\data\synth_noise\cls_5\1243.wav,5
D:\VSCodeRepository\SceneZone-ANC\data\synth_noise\cls_5\1244.wav,5
D:\VSCodeRepository\SceneZone-ANC\data\synth_noise\cls_5\1245.wav,5
D:\VSCodeRepository\SceneZone-ANC\data\synth_noise\cls_5\1246.wav,5
D:\VSCodeRepository\SceneZone-ANC\data\synth_noise\cls_5\1247.wav,5
D:\VSCodeRepository\SceneZone-ANC\data\synth_noise\cls_5\1248.wav,5
D:\VSCodeRepository\SceneZone-ANC\data\synth_noise\cls_5\1249.wav,5
D:\VSCodeRepository\SceneZone-ANC\data\synth_noise\cls_5\1250.wav,5
D:\VSCodeRepository\SceneZone-ANC\data\synth_noise\cls_5\1251.wav,5
D:\VSCodeRepository\SceneZone-ANC\data\synth_noise\cls_5\1252.wav,5
D:\VSCodeRepository\SceneZone-ANC\data\synth_noise\cls_5\1253.wav,5
D:\VSCodeRepository\SceneZone-ANC\data\synth_noise\cls_5\1254.wav,5
D:\VSCodeRepository\SceneZone-ANC\data\synth_noise\cls_5\1255.wav,5
D:\VSCodeRepository\SceneZone-ANC\data\synth_noise\cls_5\1256.wav,5
D:\VSCodeRepository\SceneZone-ANC\data\synth_noise\cls_5\1257.wav,5
D:\VSCodeRepository\SceneZone-ANC\data\synth_noise\cls_5\1258.wav,5
D:\VSCodeRepository\SceneZone-ANC\data\synth_noise\cls_5\1259.wav,5
D:\VSCodeRepository\SceneZone-ANC\data\synth_noise\cls_5\1260.wav,5
D:\VSCodeRepository\SceneZone-ANC\data\synth_noise\cls_5\1261.wav,5
D:\VSCodeRepository\SceneZone-ANC\data\synth_noise\cls_5\1262.wav,5
D:\VSCodeRepository\SceneZone-ANC\data\synth_noise\cls_5\1263.wav,5
D:\VSCodeRepository\SceneZone-ANC\data\synth_noise\cls_5\1264.wav,5
D:\VSCodeRepository\SceneZone-ANC\data\synth_noise\cls_5\1265.wav,5
D:\VSCodeRepository\SceneZone-ANC\data\synth_noise\cls_5\1266.wav,5
D:\VSCodeRepository\SceneZone-ANC\data\synth_noise\cls_5\1267.wav,5
D:\VSCodeRepository\SceneZone-ANC\data\synth_noise\cls_5\1268.wav,5
D:\VSCodeRepository\SceneZone-ANC\data\synth_noise\cls_5\1269.wav,5
D:\VSCodeRepository\SceneZone-ANC\data\synth_noise\cls_5\1270.wav,5
D:\VSCodeRepository\SceneZone-ANC\data\synth_noise\cls_5\1271.wav,5
D:\VSCodeRepository\SceneZone-ANC\data\synth_noise\cls_5\1272.wav,5
D:\VSCodeRepository\SceneZone-ANC\data\synth_noise\cls_5\1273.wav,5
D:\VSCodeRepository\SceneZone-ANC\data\synth_noise\cls_5\1274.wav,5
D:\VSCodeRepository\SceneZone-ANC\data\synth_noise\cls_5\1275.wav,5
D:\VSCodeRepository\SceneZone-ANC\data\synth_noise\cls_5\1276.wav,5
D:\VSCodeRepository\SceneZone-ANC\data\synth_noise\cls_5\1277.wav,5
D:\VSCodeRepository\SceneZone-ANC\data\synth_noise\cls_5\1278.wav,5
D:\VSCodeRepository\SceneZone-ANC\data\synth_noise\cls_5\1279.wav,5
D:\VSCodeRepository\SceneZone-ANC\data\synth_noise\cls_5\1280.wav,5
D:\VSCodeRepository\SceneZone-ANC\data\synth_noise\cls_5\1281.wav,5
D:\VSCodeRepository\SceneZone-ANC\data\synth_noise\cls_5\1282.wav,5
D:\VSCodeRepository\SceneZone-ANC\data\synth_noise\cls_5\1283.wav,5
D:\VSCodeRepository\SceneZone-ANC\data\synth_noise\cls_5\1284.wav,5
D:\VSCodeRepository\SceneZone-ANC\data\synth_noise\cls_5\1285.wav,5
D:\VSCodeRepository\SceneZone-ANC\data\synth_noise\cls_5\1286.wav,5
D:\VSCodeRepository\SceneZone-ANC\data\synth_noise\cls_5\1287.wav,5
D:\VSCodeRepository\SceneZone-ANC\data\synth_noise\cls_5\1288.wav,5
D:\VSCodeRepository\SceneZone-ANC\data\synth_noise\cls_5\1289.wav,5
D:\VSCodeRepository\SceneZone-ANC\data\synth_noise\cls_5\1290.wav,5
D:\VSCodeRepository\SceneZone-ANC\data\synth_noise\cls_5\1291.wav,5
D:\VSCodeRepository\SceneZone-ANC\data\synth_noise\cls_5\1292.wav,5
D:\VSCodeRepository\SceneZone-ANC\data\synth_noise\cls_5\1293.wav,5
D:\VSCodeRepository\SceneZone-ANC\data\synth_noise\cls_5\1294.wav,5
D:\VSCodeRepository\SceneZone-ANC\data\synth_noise\cls_5\1295.wav,5
D:\VSCodeRepository\SceneZone-ANC\data\synth_noise\cls_5\1296.wav,5
D:\VSCodeRepository\SceneZone-ANC\data\synth_noise\cls_5\1297.wav,5
D:\VSCodeRepository\SceneZone-ANC\data\synth_noise\cls_5\1298.wav,5
D:\VSCodeRepository\SceneZone-ANC\data\synth_noise\cls_5\1299.wav,5
D:\VSCodeRepository\SceneZone-ANC\data\synth_noise\cls_5\1300.wav,5
D:\VSCodeRepository\SceneZone-ANC\data\synth_noise\cls_5\1301.wav,5
D:\VSCodeRepository\SceneZone-ANC\data\synth_noise\cls_5\1302.wav,5
D:\VSCodeRepository\SceneZone-ANC\data\synth_noise\cls_5\1303.wav,5
D:\VSCodeRepository\SceneZone-ANC\data\synth_noise\cls_5\1304.wav,5
D:\VSCodeRepository\SceneZone-ANC\data\synth_noise\cls_5\1305.wav,5
D:\VSCodeRepository\SceneZone-ANC\data\synth_noise\cls_5\1306.wav,5
D:\VSCodeRepository\SceneZone-ANC\data\synth_noise\cls_5\1307.wav,5
D:\VSCodeRepository\SceneZone-ANC\data\synth_noise\cls_5\1308.wav,5
D:\VSCodeRepository\SceneZone-ANC\data\synth_noise\cls_5\1309.wav,5
D:\VSCodeRepository\SceneZone-ANC\data\synth_noise\cls_5\1310.wav,5
D:\VSCodeRepository\SceneZone-ANC\data\synth_noise\cls_5\1311.wav,5
D:\VSCodeRepository\SceneZone-ANC\data\synth_noise\cls_5\1312.wav,5
D:\VSCodeRepository\SceneZone-ANC\data\synth_noise\cls_5\1313.wav,5
D:\VSCodeRepository\SceneZone-ANC\data\synth_noise\cls_5\1314.wav,5
D:\VSCodeRepository\SceneZone-ANC\data\synth_noise\cls_5\1315.wav,5
D:\VSCodeRepository\SceneZone-ANC\data\synth_noise\cls_5\1316.wav,5
D:\VSCodeRepository\SceneZone-ANC\data\synth_noise\cls_5\1317.wav,5
D:\VSCodeRepository\SceneZone-ANC\data\synth_noise\cls_5\1318.wav,5
D:\VSCodeRepository\SceneZone-ANC\data\synth_noise\cls_5\1319.wav,5
D:\VSCodeRepository\SceneZone-ANC\data\synth_noise\cls_5\1320.wav,5
D:\VSCodeRepository\SceneZone-ANC\data\synth_noise\cls_5\1321.wav,5
D:\VSCodeRepository\SceneZone-ANC\data\synth_noise\cls_5\1322.wav,5
D:\VSCodeRepository\SceneZone-ANC\data\synth_noise\cls_5\1323.wav,5
D:\VSCodeRepository\SceneZone-ANC\data\synth_noise\cls_5\1324.wav,5
D:\VSCodeRepository\SceneZone-ANC\data\synth_noise\cls_5\1325.wav,5
D:\VSCodeRepository\SceneZone-ANC\data\synth_noise\cls_5\1326.wav,5
D:\VSCodeRepository\SceneZone-ANC\data\synth_noise\cls_5\1327.wav,5
D:\VSCodeRepository\SceneZone-ANC\data\synth_noise\cls_5\1328.wav,5
D:\VSCodeRepository\SceneZone-ANC\data\synth_noise\cls_5\1329.wav,5
D:\VSCodeRepository\SceneZone-ANC\data\synth_noise\cls_5\1330.wav,5
D:\VSCodeRepository\SceneZone-ANC\data\synth_noise\cls_5\1331.wav,5
D:\VSCodeRepository\SceneZone-ANC\data\synth_noise\cls_5\1332.wav,5
D:\VSCodeRepository\SceneZone-ANC\data\synth_noise\cls_5\1333.wav,5
D:\VSCodeRepository\SceneZone-ANC\data\synth_noise\cls_5\1334.wav,5
D:\VSCodeRepository\SceneZone-ANC\data\synth_noise\cls_5\1335.wav,5
D:\VSCodeRepository\SceneZone-ANC\data\synth_noise\cls_5\1336.wav,5
D:\VSCodeRepository\SceneZone-ANC\data\synth_noise\cls_5\1337.wav,5
D:\VSCodeRepository\SceneZone-ANC\data\synth_noise\cls_5\1338.wav,5
D:\VSCodeRepository\SceneZone-ANC\data\synth_noise\cls_5\1339.wav,5
D:\VSCodeRepository\SceneZone-ANC\data\synth_noise\cls_5\1340.wav,5
D:\VSCodeRepository\SceneZone-ANC\data\synth_noise\cls_5\1341.wav,5
D:\VSCodeRepository\SceneZone-ANC\data\synth_noise\cls_5\1342.wav,5
D:\VSCodeRepository\SceneZone-ANC\data\synth_noise\cls_5\1343.wav,5
D:\VSCodeRepository\SceneZone-ANC\data\synth_noise\cls_5\1344.wav,5
D:\VSCodeRepository\SceneZone-ANC\data\synth_noise\cls_5\1345.wav,5
D:\VSCodeRepository\SceneZone-ANC\data\synth_noise\cls_5\1346.wav,5
D:\VSCodeRepository\SceneZone-ANC\data\synth_noise\cls_5\1347.wav,5
D:\VSCodeRepository\SceneZone-ANC\data\synth_noise\cls_5\1348.wav,5
D:\VSCodeRepository\SceneZone-ANC\data\synth_noise\cls_5\1349.wav,5
D:\VSCodeRepository\SceneZone-ANC\data\synth_noise\cls_5\1350.wav,5
D:\VSCodeRepository\SceneZone-ANC\data\synth_noise\cls_5\1351.wav,5
D:\VSCodeRepository\SceneZone-ANC\data\synth_noise\cls_5\1352.wav,5
D:\VSCodeRepository\SceneZone-ANC\data\synth_noise\cls_5\1353.wav,5
D:\VSCodeRepository\SceneZone-ANC\data\synth_noise\cls_5\1354.wav,5
D:\VSCodeRepository\SceneZone-ANC\data\synth_noise\cls_5\1355.wav,5
D:\VSCodeRepository\SceneZone-ANC\data\synth_noise\cls_5\1356.wav,5
D:\VSCodeRepository\SceneZone-ANC\data\synth_noise\cls_5\1357.wav,5
D:\VSCodeRepository\SceneZone-ANC\data\synth_noise\cls_5\1358.wav,5
D:\VSCodeRepository\SceneZone-ANC\data\synth_noise\cls_5\1359.wav,5
D:\VSCodeRepository\SceneZone-ANC\data\synth_noise\cls_5\1360.wav,5
D:\VSCodeRepository\SceneZone-ANC\data\synth_noise\cls_5\1361.wav,5
D:\VSCodeRepository\SceneZone-ANC\data\synth_noise\cls_5\1362.wav,5
D:\VSCodeRepository\SceneZone-ANC\data\synth_noise\cls_5\1363.wav,5
D:\VSCodeRepository\SceneZone-ANC\data\synth_noise\cls_5\1364.wav,5
D:\VSCodeRepository\SceneZone-ANC\data\synth_noise\cls_5\1365.wav,5
D:\VSCodeRepository\SceneZone-ANC\data\synth_noise\cls_5\1366.wav,5
D:\VSCodeRepository\SceneZone-ANC\data\synth_noise\cls_5\1367.wav,5
D:\VSCodeRepository\SceneZone-ANC\data\synth_noise\cls_5\1368.wav,5
D:\VSCodeRepository\SceneZone-ANC\data\synth_noise\cls_5\1369.wav,5
D:\VSCodeRepository\SceneZone-ANC\data\synth_noise\cls_5\1370.wav,5
D:\VSCodeRepository\SceneZone-ANC\data\synth_noise\cls_5\1371.wav,5
D:\VSCodeRepository\SceneZone-ANC\data\synth_noise\cls_5\1372.wav,5
D:\VSCodeRepository\SceneZone-ANC\data\synth_noise\cls_5\1373.wav,5
D:\VSCodeRepository\SceneZone-ANC\data\synth_noise\cls_5\1374.wav,5
D:\VSCodeRepository\SceneZone-ANC\data\synth_noise\cls_5\1375.wav,5
D:\VSCodeRepository\SceneZone-ANC\data\synth_noise\cls_5\1376.wav,5
D:\VSCodeRepository\SceneZone-ANC\data\synth_noise\cls_5\1377.wav,5
D:\VSCodeRepository\SceneZone-ANC\data\synth_noise\cls_5\1378.wav,5
D:\VSCodeRepository\SceneZone-ANC\data\synth_noise\cls_5\1379.wav,5
D:\VSCodeRepository\SceneZone-ANC\data\synth_noise\cls_5\1380.wav,5
D:\VSCodeRepository\SceneZone-ANC\data\synth_noise\cls_5\1381.wav,5
D:\VSCodeRepository\SceneZone-ANC\data\synth_noise\cls_5\1382.wav,5
D:\VSCodeRepository\SceneZone-ANC\data\synth_noise\cls_5\1383.wav,5
D:\VSCodeRepository\SceneZone-ANC\data\synth_noise\cls_5\1384.wav,5
D:\VSCodeRepository\SceneZone-ANC\data\synth_noise\cls_5\1385.wav,5
D:\VSCodeRepository\SceneZone-ANC\data\synth_noise\cls_5\1386.wav,5
D:\VSCodeRepository\SceneZone-ANC\data\synth_noise\cls_5\1387.wav,5
D:\VSCodeRepository\SceneZone-ANC\data\synth_noise\cls_5\1388.wav,5
D:\VSCodeRepository\SceneZone-ANC\data\synth_noise\cls_5\1389.wav,5
D:\VSCodeRepository\SceneZone-ANC\data\synth_noise\cls_5\1390.wav,5
D:\VSCodeRepository\SceneZone-ANC\data\synth_noise\cls_5\1391.wav,5
D:\VSCodeRepository\SceneZone-ANC\data\synth_noise\cls_5\1392.wav,5
D:\VSCodeRepository\SceneZone-ANC\data\synth_noise\cls_5\1393.wav,5
D:\VSCodeRepository\SceneZone-ANC\data\synth_noise\cls_5\1394.wav,5
D:\VSCodeRepository\SceneZone-ANC\data\synth_noise\cls_5\1395.wav,5
D:\VSCodeRepository\SceneZone-ANC\data\synth_noise\cls_5\1396.wav,5
D:\VSCodeRepository\SceneZone-ANC\data\synth_noise\cls_5\1397.wav,5
D:\VSCodeRepository\SceneZone-ANC\data\synth_noise\cls_5\1398.wav,5
D:\VSCodeRepository\SceneZone-ANC\data\synth_noise\cls_5\1399.wav,5
D:\VSCodeRepository\SceneZone-ANC\data\synth_noise\cls_5\1400.wav,5
D:\VSCodeRepository\SceneZone-ANC\data\synth_noise\cls_5\1401.wav,5
D:\VSCodeRepository\SceneZone-ANC\data\synth_noise\cls_5\1402.wav,5
D:\VSCodeRepository\SceneZone-ANC\data\synth_noise\cls_5\1403.wav,5
D:\VSCodeRepository\SceneZone-ANC\data\synth_noise\cls_5\1404.wav,5
D:\VSCodeRepository\SceneZone-ANC\data\synth_noise\cls_5\1405.wav,5
D:\VSCodeRepository\SceneZone-ANC\data\synth_noise\cls_5\1406.wav,5
D:\VSCodeRepository\SceneZone-ANC\data\synth_noise\cls_5\1407.wav,5
D:\VSCodeRepository\SceneZone-ANC\data\synth_noise\cls_5\1408.wav,5
D:\VSCodeRepository\SceneZone-ANC\data\synth_noise\cls_5\1409.wav,5
D:\VSCodeRepository\SceneZone-ANC\data\synth_noise\cls_5\1410.wav,5
D:\VSCodeRepository\SceneZone-ANC\data\synth_noise\cls_5\1411.wav,5
D:\VSCodeRepository\SceneZone-ANC\data\synth_noise\cls_5\1412.wav,5
D:\VSCodeRepository\SceneZone-ANC\data\synth_noise\cls_5\1413.wav,5
D:\VSCodeRepository\SceneZone-ANC\data\synth_noise\cls_5\1414.wav,5
D:\VSCodeRepository\SceneZone-ANC\data\synth_noise\cls_5\1415.wav,5
D:\VSCodeRepository\SceneZone-ANC\data\synth_noise\cls_5\1416.wav,5
D:\VSCodeRepository\SceneZone-ANC\data\synth_noise\cls_5\1417.wav,5
D:\VSCodeRepository\SceneZone-ANC\data\synth_noise\cls_5\1418.wav,5
D:\VSCodeRepository\SceneZone-ANC\data\synth_noise\cls_5\1419.wav,5
D:\VSCodeRepository\SceneZone-ANC\data\synth_noise\cls_5\1420.wav,5
D:\VSCodeRepository\SceneZone-ANC\data\synth_noise\cls_5\1421.wav,5
D:\VSCodeRepository\SceneZone-ANC\data\synth_noise\cls_5\1422.wav,5
D:\VSCodeRepository\SceneZone-ANC\data\synth_noise\cls_5\1423.wav,5
D:\VSCodeRepository\SceneZone-ANC\data\synth_noise\cls_5\1424.wav,5
D:\VSCodeRepository\SceneZone-ANC\data\synth_noise\cls_5\1425.wav,5
D:\VSCodeRepository\SceneZone-ANC\data\synth_noise\cls_5\1426.wav,5
D:\VSCodeRepository\SceneZone-ANC\data\synth_noise\cls_5\1427.wav,5
D:\VSCodeRepository\SceneZone-ANC\data\synth_noise\cls_5\1428.wav,5
D:\VSCodeRepository\SceneZone-ANC\data\synth_noise\cls_5\1429.wav,5
D:\VSCodeRepository\SceneZone-ANC\data\synth_noise\cls_5\1430.wav,5
D:\VSCodeRepository\SceneZone-ANC\data\synth_noise\cls_5\1431.wav,5
D:\VSCodeRepository\SceneZone-ANC\data\synth_noise\cls_5\1432.wav,5
D:\VSCodeRepository\SceneZone-ANC\data\synth_noise\cls_5\1433.wav,5
D:\VSCodeRepository\SceneZone-ANC\data\synth_noise\cls_5\1434.wav,5
D:\VSCodeRepository\SceneZone-ANC\data\synth_noise\cls_5\1435.wav,5
D:\VSCodeRepository\SceneZone-ANC\data\synth_noise\cls_5\1436.wav,5
D:\VSCodeRepository\SceneZone-ANC\data\synth_noise\cls_5\1437.wav,5
D:\VSCodeRepository\SceneZone-ANC\data\synth_noise\cls_5\1438.wav,5
D:\VSCodeRepository\SceneZone-ANC\data\synth_noise\cls_5\1439.wav,5
D:\VSCodeRepository\SceneZone-ANC\data\synth_noise\cls_5\1440.wav,5
D:\VSCodeRepository\SceneZone-ANC\data\synth_noise\cls_5\1441.wav,5
D:\VSCodeRepository\SceneZone-ANC\data\synth_noise\cls_5\1442.wav,5
D:\VSCodeRepository\SceneZone-ANC\data\synth_noise\cls_5\1443.wav,5
D:\VSCodeRepository\SceneZone-ANC\data\synth_noise\cls_5\1444.wav,5
D:\VSCodeRepository\SceneZone-ANC\data\synth_noise\cls_5\1445.wav,5
D:\VSCodeRepository\SceneZone-ANC\data\synth_noise\cls_5\1446.wav,5
D:\VSCodeRepository\SceneZone-ANC\data\synth_noise\cls_5\1447.wav,5
D:\VSCodeRepository\SceneZone-ANC\data\synth_noise\cls_5\1448.wav,5
D:\VSCodeRepository\SceneZone-ANC\data\synth_noise\cls_5\1449.wav,5
D:\VSCodeRepository\SceneZone-ANC\data\synth_noise\cls_5\1450.wav,5
D:\VSCodeRepository\SceneZone-ANC\data\synth_noise\cls_5\1451.wav,5
D:\VSCodeRepository\SceneZone-ANC\data\synth_noise\cls_5\1452.wav,5
D:\VSCodeRepository\SceneZone-ANC\data\synth_noise\cls_5\1453.wav,5
D:\VSCodeRepository\SceneZone-ANC\data\synth_noise\cls_5\1454.wav,5
D:\VSCodeRepository\SceneZone-ANC\data\synth_noise\cls_5\1455.wav,5
D:\VSCodeRepository\SceneZone-ANC\data\synth_noise\cls_5\1456.wav,5
D:\VSCodeRepository\SceneZone-ANC\data\synth_noise\cls_5\1457.wav,5
D:\VSCodeRepository\SceneZone-ANC\data\synth_noise\cls_5\1458.wav,5
D:\VSCodeRepository\SceneZone-ANC\data\synth_noise\cls_5\1459.wav,5
D:\VSCodeRepository\SceneZone-ANC\data\synth_noise\cls_5\1460.wav,5
D:\VSCodeRepository\SceneZone-ANC\data\synth_noise\cls_5\1461.wav,5
D:\VSCodeRepository\SceneZone-ANC\data\synth_noise\cls_5\1462.wav,5
D:\VSCodeRepository\SceneZone-ANC\data\synth_noise\cls_5\1463.wav,5
D:\VSCodeRepository\SceneZone-ANC\data\synth_noise\cls_5\1464.wav,5
D:\VSCodeRepository\SceneZone-ANC\data\synth_noise\cls_5\1465.wav,5
D:\VSCodeRepository\SceneZone-ANC\data\synth_noise\cls_5\1466.wav,5
D:\VSCodeRepository\SceneZone-ANC\data\synth_noise\cls_5\1467.wav,5
D:\VSCodeRepository\SceneZone-ANC\data\synth_noise\cls_5\1468.wav,5
D:\VSCodeRepository\SceneZone-ANC\data\synth_noise\cls_5\1469.wav,5
D:\VSCodeRepository\SceneZone-ANC\data\synth_noise\cls_5\1470.wav,5
D:\VSCodeRepository\SceneZone-ANC\data\synth_noise\cls_5\1471.wav,5
D:\VSCodeRepository\SceneZone-ANC\data\synth_noise\cls_5\1472.wav,5
D:\VSCodeRepository\SceneZone-ANC\data\synth_noise\cls_5\1473.wav,5
D:\VSCodeRepository\SceneZone-ANC\data\synth_noise\cls_5\1474.wav,5
D:\VSCodeRepository\SceneZone-ANC\data\synth_noise\cls_5\1475.wav,5
D:\VSCodeRepository\SceneZone-ANC\data\synth_noise\cls_5\1476.wav,5
D:\VSCodeRepository\SceneZone-ANC\data\synth_noise\cls_5\1477.wav,5
D:\VSCodeRepository\SceneZone-ANC\data\synth_noise\cls_5\1478.wav,5
D:\VSCodeRepository\SceneZone-ANC\data\synth_noise\cls_5\1479.wav,5
D:\VSCodeRepository\SceneZone-ANC\data\synth_noise\cls_5\1480.wav,5
D:\VSCodeRepository\SceneZone-ANC\data\synth_noise\cls_5\1481.wav,5
D:\VSCodeRepository\SceneZone-ANC\data\synth_noise\cls_5\1482.wav,5
D:\VSCodeRepository\SceneZone-ANC\data\synth_noise\cls_5\1483.wav,5
D:\VSCodeRepository\SceneZone-ANC\data\synth_noise\cls_5\1484.wav,5
D:\VSCodeRepository\SceneZone-ANC\data\synth_noise\cls_5\1485.wav,5
D:\VSCodeRepository\SceneZone-ANC\data\synth_noise\cls_5\1486.wav,5
D:\VSCodeRepository\SceneZone-ANC\data\synth_noise\cls_5\1487.wav,5
D:\VSCodeRepository\SceneZone-ANC\data\synth_noise\cls_5\1488.wav,5
D:\VSCodeRepository\SceneZone-ANC\data\synth_noise\cls_5\1489.wav,5
D:\VSCodeRepository\SceneZone-ANC\data\synth_noise\cls_5\1490.wav,5
D:\VSCodeRepository\SceneZone-ANC\data\synth_noise\cls_5\1491.wav,5
D:\VSCodeRepository\SceneZone-ANC\data\synth_noise\cls_5\1492.wav,5
D:\VSCodeRepository\SceneZone-ANC\data\synth_noise\cls_5\1493.wav,5
D:\VSCodeRepository\SceneZone-ANC\data\synth_noise\cls_5\1494.wav,5
D:\VSCodeRepository\SceneZone-ANC\data\synth_noise\cls_5\1495.wav,5
D:\VSCodeRepository\SceneZone-ANC\data\synth_noise\cls_5\1496.wav,5
D:\VSCodeRepository\SceneZone-ANC\data\synth_noise\cls_5\1497.wav,5
D:\VSCodeRepository\SceneZone-ANC\data\synth_noise\cls_5\1498.wav,5
D:\VSCodeRepository\SceneZone-ANC\data\synth_noise\cls_5\1499.wav,5
D:\VSCodeRepository\SceneZone-ANC\data\synth_noise\cls_5\1500.wav,5
D:\VSCodeRepository\SceneZone-ANC\data\synth_noise\cls_5\1501.wav,5
D:\VSCodeRepository\SceneZone-ANC\data\synth_noise\cls_5\1502.wav,5
D:\VSCodeRepository\SceneZone-ANC\data\synth_noise\cls_5\1503.wav,5
D:\VSCodeRepository\SceneZone-ANC\data\synth_noise\cls_5\1504.wav,5
D:\VSCodeRepository\SceneZone-ANC\data\synth_noise\cls_5\1505.wav,5
D:\VSCodeRepository\SceneZone-ANC\data\synth_noise\cls_5\1506.wav,5
D:\VSCodeRepository\SceneZone-ANC\data\synth_noise\cls_5\1507.wav,5
D:\VSCodeRepository\SceneZone-ANC\data\synth_noise\cls_5\1508.wav,5
D:\VSCodeRepository\SceneZone-ANC\data\synth_noise\cls_5\1509.wav,5
D:\VSCodeRepository\SceneZone-ANC\data\synth_noise\cls_5\1510.wav,5
D:\VSCodeRepository\SceneZone-ANC\data\synth_noise\cls_5\1511.wav,5
D:\VSCodeRepository\SceneZone-ANC\data\synth_noise\cls_5\1512.wav,5
D:\VSCodeRepository\SceneZone-ANC\data\synth_noise\cls_5\1513.wav,5
D:\VSCodeRepository\SceneZone-ANC\data\synth_noise\cls_5\1514.wav,5
D:\VSCodeRepository\SceneZone-ANC\data\synth_noise\cls_5\1515.wav,5
D:\VSCodeRepository\SceneZone-ANC\data\synth_noise\cls_5\1516.wav,5
D:\VSCodeRepository\SceneZone-ANC\data\synth_noise\cls_5\1517.wav,5
D:\VSCodeRepository\SceneZone-ANC\data\synth_noise\cls_5\1518.wav,5
D:\VSCodeRepository\SceneZone-ANC\data\synth_noise\cls_5\1519.wav,5
D:\VSCodeRepository\SceneZone-ANC\data\synth_noise\cls_5\1520.wav,5
D:\VSCodeRepository\SceneZone-ANC\data\synth_noise\cls_5\1521.wav,5
D:\VSCodeRepository\SceneZone-ANC\data\synth_noise\cls_5\1522.wav,5
D:\VSCodeRepository\SceneZone-ANC\data\synth_noise\cls_5\1523.wav,5
D:\VSCodeRepository\SceneZone-ANC\data\synth_noise\cls_5\1524.wav,5
D:\VSCodeRepository\SceneZone-ANC\data\synth_noise\cls_5\1525.wav,5
D:\VSCodeRepository\SceneZone-ANC\data\synth_noise\cls_5\1526.wav,5
D:\VSCodeRepository\SceneZone-ANC\data\synth_noise\cls_5\1527.wav,5
D:\VSCodeRepository\SceneZone-ANC\data\synth_noise\cls_5\1528.wav,5
D:\VSCodeRepository\SceneZone-ANC\data\synth_noise\cls_5\1529.wav,5
D:\VSCodeRepository\SceneZone-ANC\data\synth_noise\cls_5\1530.wav,5
D:\VSCodeRepository\SceneZone-ANC\data\synth_noise\cls_5\1531.wav,5
D:\VSCodeRepository\SceneZone-ANC\data\synth_noise\cls_5\1532.wav,5
D:\VSCodeRepository\SceneZone-ANC\data\synth_noise\cls_5\1533.wav,5
D:\VSCodeRepository\SceneZone-ANC\data\synth_noise\cls_5\1534.wav,5
D:\VSCodeRepository\SceneZone-ANC\data\synth_noise\cls_5\1535.wav,5
D:\VSCodeRepository\SceneZone-ANC\data\synth_noise\cls_5\1536.wav,5
D:\VSCodeRepository\SceneZone-ANC\data\synth_noise\cls_5\1537.wav,5
D:\VSCodeRepository\SceneZone-ANC\data\synth_noise\cls_5\1538.wav,5
D:\VSCodeRepository\SceneZone-ANC\data\synth_noise\cls_5\1539.wav,5
D:\VSCodeRepository\SceneZone-ANC\data\synth_noise\cls_5\1540.wav,5
D:\VSCodeRepository\SceneZone-ANC\data\synth_noise\cls_5\1541.wav,5
D:\VSCodeRepository\SceneZone-ANC\data\synth_noise\cls_5\1542.wav,5
D:\VSCodeRepository\SceneZone-ANC\data\synth_noise\cls_5\1543.wav,5
D:\VSCodeRepository\SceneZone-ANC\data\synth_noise\cls_5\1544.wav,5
D:\VSCodeRepository\SceneZone-ANC\data\synth_noise\cls_5\1545.wav,5
D:\VSCodeRepository\SceneZone-ANC\data\synth_noise\cls_5\1546.wav,5
D:\VSCodeRepository\SceneZone-ANC\data\synth_noise\cls_5\1547.wav,5
D:\VSCodeRepository\SceneZone-ANC\data\synth_noise\cls_5\1548.wav,5
D:\VSCodeRepository\SceneZone-ANC\data\synth_noise\cls_5\1549.wav,5
D:\VSCodeRepository\SceneZone-ANC\data\synth_noise\cls_5\1550.wav,5
D:\VSCodeRepository\SceneZone-ANC\data\synth_noise\cls_5\1551.wav,5
D:\VSCodeRepository\SceneZone-ANC\data\synth_noise\cls_5\1552.wav,5
D:\VSCodeRepository\SceneZone-ANC\data\synth_noise\cls_5\1553.wav,5
D:\VSCodeRepository\SceneZone-ANC\data\synth_noise\cls_5\1554.wav,5
D:\VSCodeRepository\SceneZone-ANC\data\synth_noise\cls_5\1555.wav,5
D:\VSCodeRepository\SceneZone-ANC\data\synth_noise\cls_5\1556.wav,5
D:\VSCodeRepository\SceneZone-ANC\data\synth_noise\cls_5\1557.wav,5
D:\VSCodeRepository\SceneZone-ANC\data\synth_noise\cls_5\1558.wav,5
D:\VSCodeRepository\SceneZone-ANC\data\synth_noise\cls_5\1559.wav,5
D:\VSCodeRepository\SceneZone-ANC\data\synth_noise\cls_5\1560.wav,5
D:\VSCodeRepository\SceneZone-ANC\data\synth_noise\cls_5\1561.wav,5
D:\VSCodeRepository\SceneZone-ANC\data\synth_noise\cls_5\1562.wav,5
D:\VSCodeRepository\SceneZone-ANC\data\synth_noise\cls_5\1563.wav,5
D:\VSCodeRepository\SceneZone-ANC\data\synth_noise\cls_5\1564.wav,5
D:\VSCodeRepository\SceneZone-ANC\data\synth_noise\cls_5\1565.wav,5
D:\VSCodeRepository\SceneZone-ANC\data\synth_noise\cls_5\1566.wav,5
D:\VSCodeRepository\SceneZone-ANC\data\synth_noise\cls_5\1567.wav,5
D:\VSCodeRepository\SceneZone-ANC\data\synth_noise\cls_5\1568.wav,5
D:\VSCodeRepository\SceneZone-ANC\data\synth_noise\cls_5\1569.wav,5
D:\VSCodeRepository\SceneZone-ANC\data\synth_noise\cls_5\1570.wav,5
D:\VSCodeRepository\SceneZone-ANC\data\synth_noise\cls_5\1571.wav,5
D:\VSCodeRepository\SceneZone-ANC\data\synth_noise\cls_5\1572.wav,5
D:\VSCodeRepository\SceneZone-ANC\data\synth_noise\cls_5\1573.wav,5
D:\VSCodeRepository\SceneZone-ANC\data\synth_noise\cls_5\1574.wav,5
D:\VSCodeRepository\SceneZone-ANC\data\synth_noise\cls_5\1575.wav,5
D:\VSCodeRepository\SceneZone-ANC\data\synth_noise\cls_5\1576.wav,5
D:\VSCodeRepository\SceneZone-ANC\data\synth_noise\cls_5\1577.wav,5
D:\VSCodeRepository\SceneZone-ANC\data\synth_noise\cls_5\1578.wav,5
D:\VSCodeRepository\SceneZone-ANC\data\synth_noise\cls_5\1579.wav,5
D:\VSCodeRepository\SceneZone-ANC\data\synth_noise\cls_5\1580.wav,5
D:\VSCodeRepository\SceneZone-ANC\data\synth_noise\cls_5\1581.wav,5
D:\VSCodeRepository\SceneZone-ANC\data\synth_noise\cls_5\1582.wav,5
D:\VSCodeRepository\SceneZone-ANC\data\synth_noise\cls_5\1583.wav,5
D:\VSCodeRepository\SceneZone-ANC\data\synth_noise\cls_5\1584.wav,5
D:\VSCodeRepository\SceneZone-ANC\data\synth_noise\cls_5\1585.wav,5
D:\VSCodeRepository\SceneZone-ANC\data\synth_noise\cls_5\1586.wav,5
D:\VSCodeRepository\SceneZone-ANC\data\synth_noise\cls_5\1587.wav,5
D:\VSCodeRepository\SceneZone-ANC\data\synth_noise\cls_5\1588.wav,5
D:\VSCodeRepository\SceneZone-ANC\data\synth_noise\cls_5\1589.wav,5
D:\VSCodeRepository\SceneZone-ANC\data\synth_noise\cls_5\1590.wav,5
D:\VSCodeRepository\SceneZone-ANC\data\synth_noise\cls_5\1591.wav,5
D:\VSCodeRepository\SceneZone-ANC\data\synth_noise\cls_5\1592.wav,5
D:\VSCodeRepository\SceneZone-ANC\data\synth_noise\cls_5\1593.wav,5
D:\VSCodeRepository\SceneZone-ANC\data\synth_noise\cls_5\1594.wav,5
D:\VSCodeRepository\SceneZone-ANC\data\synth_noise\cls_5\1595.wav,5
D:\VSCodeRepository\SceneZone-ANC\data\synth_noise\cls_5\1596.wav,5
D:\VSCodeRepository\SceneZone-ANC\data\synth_noise\cls_5\1597.wav,5
D:\VSCodeRepository\SceneZone-ANC\data\synth_noise\cls_5\1598.wav,5
D:\VSCodeRepository\SceneZone-ANC\data\synth_noise\cls_5\1599.wav,5
D:\VSCodeRepository\SceneZone-ANC\data\synth_noise\cls_5\1600.wav,5
D:\VSCodeRepository\SceneZone-ANC\data\synth_noise\cls_5\1601.wav,5
D:\VSCodeRepository\SceneZone-ANC\data\synth_noise\cls_5\1602.wav,5
D:\VSCodeRepository\SceneZone-ANC\data\synth_noise\cls_5\1603.wav,5
D:\VSCodeRepository\SceneZone-ANC\data\synth_noise\cls_5\1604.wav,5
D:\VSCodeRepository\SceneZone-ANC\data\synth_noise\cls_5\1605.wav,5
D:\VSCodeRepository\SceneZone-ANC\data\synth_noise\cls_5\1606.wav,5
D:\VSCodeRepository\SceneZone-ANC\data\synth_noise\cls_5\1607.wav,5
D:\VSCodeRepository\SceneZone-ANC\data\synth_noise\cls_5\1608.wav,5
D:\VSCodeRepository\SceneZone-ANC\data\synth_noise\cls_5\1609.wav,5
D:\VSCodeRepository\SceneZone-ANC\data\synth_noise\cls_5\1610.wav,5
D:\VSCodeRepository\SceneZone-ANC\data\synth_noise\cls_5\1611.wav,5
D:\VSCodeRepository\SceneZone-ANC\data\synth_noise\cls_5\1612.wav,5
D:\VSCodeRepository\SceneZone-ANC\data\synth_noise\cls_5\1613.wav,5
D:\VSCodeRepository\SceneZone-ANC\data\synth_noise\cls_5\1614.wav,5
D:\VSCodeRepository\SceneZone-ANC\data\synth_noise\cls_5\1615.wav,5
D:\VSCodeRepository\SceneZone-ANC\data\synth_noise\cls_5\1616.wav,5
D:\VSCodeRepository\SceneZone-ANC\data\synth_noise\cls_5\1617.wav,5
D:\VSCodeRepository\SceneZone-ANC\data\synth_noise\cls_5\1618.wav,5
D:\VSCodeRepository\SceneZone-ANC\data\synth_noise\cls_5\1619.wav,5
D:\VSCodeRepository\SceneZone-ANC\data\synth_noise\cls_5\1620.wav,5
D:\VSCodeRepository\SceneZone-ANC\data\synth_noise\cls_5\1621.wav,5
D:\VSCodeRepository\SceneZone-ANC\data\synth_noise\cls_5\1622.wav,5
D:\VSCodeRepository\SceneZone-ANC\data\synth_noise\cls_5\1623.wav,5
D:\VSCodeRepository\SceneZone-ANC\data\synth_noise\cls_5\1624.wav,5
D:\VSCodeRepository\SceneZone-ANC\data\synth_noise\cls_5\1625.wav,5
D:\VSCodeRepository\SceneZone-ANC\data\synth_noise\cls_5\1626.wav,5
D:\VSCodeRepository\SceneZone-ANC\data\synth_noise\cls_5\1627.wav,5
D:\VSCodeRepository\SceneZone-ANC\data\synth_noise\cls_5\1628.wav,5
D:\VSCodeRepository\SceneZone-ANC\data\synth_noise\cls_5\1629.wav,5
D:\VSCodeRepository\SceneZone-ANC\data\synth_noise\cls_5\1630.wav,5
D:\VSCodeRepository\SceneZone-ANC\data\synth_noise\cls_5\1631.wav,5
D:\VSCodeRepository\SceneZone-ANC\data\synth_noise\cls_5\1632.wav,5
D:\VSCodeRepository\SceneZone-ANC\data\synth_noise\cls_5\1633.wav,5
D:\VSCodeRepository\SceneZone-ANC\data\synth_noise\cls_5\1634.wav,5
D:\VSCodeRepository\SceneZone-ANC\data\synth_noise\cls_5\1635.wav,5
D:\VSCodeRepository\SceneZone-ANC\data\synth_noise\cls_5\1636.wav,5
D:\VSCodeRepository\SceneZone-ANC\data\synth_noise\cls_5\1637.wav,5
D:\VSCodeRepository\SceneZone-ANC\data\synth_noise\cls_5\1638.wav,5
D:\VSCodeRepository\SceneZone-ANC\data\synth_noise\cls_5\1639.wav,5
D:\VSCodeRepository\SceneZone-ANC\data\synth_noise\cls_5\1640.wav,5
D:\VSCodeRepository\SceneZone-ANC\data\synth_noise\cls_5\1641.wav,5
D:\VSCodeRepository\SceneZone-ANC\data\synth_noise\cls_5\1642.wav,5
D:\VSCodeRepository\SceneZone-ANC\data\synth_noise\cls_5\1643.wav,5
D:\VSCodeRepository\SceneZone-ANC\data\synth_noise\cls_5\1644.wav,5
D:\VSCodeRepository\SceneZone-ANC\data\synth_noise\cls_5\1645.wav,5
D:\VSCodeRepository\SceneZone-ANC\data\synth_noise\cls_5\1646.wav,5
D:\VSCodeRepository\SceneZone-ANC\data\synth_noise\cls_5\1647.wav,5
D:\VSCodeRepository\SceneZone-ANC\data\synth_noise\cls_5\1648.wav,5
D:\VSCodeRepository\SceneZone-ANC\data\synth_noise\cls_5\1649.wav,5
D:\VSCodeRepository\SceneZone-ANC\data\synth_noise\cls_5\1650.wav,5
D:\VSCodeRepository\SceneZone-ANC\data\synth_noise\cls_5\1651.wav,5
D:\VSCodeRepository\SceneZone-ANC\data\synth_noise\cls_5\1652.wav,5
D:\VSCodeRepository\SceneZone-ANC\data\synth_noise\cls_5\1653.wav,5
D:\VSCodeRepository\SceneZone-ANC\data\synth_noise\cls_5\1654.wav,5
D:\VSCodeRepository\SceneZone-ANC\data\synth_noise\cls_5\1655.wav,5
D:\VSCodeRepository\SceneZone-ANC\data\synth_noise\cls_5\1656.wav,5
D:\VSCodeRepository\SceneZone-ANC\data\synth_noise\cls_5\1657.wav,5
D:\VSCodeRepository\SceneZone-ANC\data\synth_noise\cls_5\1658.wav,5
D:\VSCodeRepository\SceneZone-ANC\data\synth_noise\cls_5\1659.wav,5
D:\VSCodeRepository\SceneZone-ANC\data\synth_noise\cls_5\1660.wav,5
D:\VSCodeRepository\SceneZone-ANC\data\synth_noise\cls_5\1661.wav,5
D:\VSCodeRepository\SceneZone-ANC\data\synth_noise\cls_5\1662.wav,5
D:\VSCodeRepository\SceneZone-ANC\data\synth_noise\cls_5\1663.wav,5
D:\VSCodeRepository\SceneZone-ANC\data\synth_noise\cls_5\1664.wav,5
D:\VSCodeRepository\SceneZone-ANC\data\synth_noise\cls_5\1665.wav,5
D:\VSCodeRepository\SceneZone-ANC\data\synth_noise\cls_5\1666.wav,5
D:\VSCodeRepository\SceneZone-ANC\data\synth_noise\cls_5\1667.wav,5
D:\VSCodeRepository\SceneZone-ANC\data\synth_noise\cls_5\1668.wav,5
D:\VSCodeRepository\SceneZone-ANC\data\synth_noise\cls_5\1669.wav,5
D:\VSCodeRepository\SceneZone-ANC\data\synth_noise\cls_5\1670.wav,5
D:\VSCodeRepository\SceneZone-ANC\data\synth_noise\cls_5\1671.wav,5
D:\VSCodeRepository\SceneZone-ANC\data\synth_noise\cls_5\1672.wav,5
D:\VSCodeRepository\SceneZone-ANC\data\synth_noise\cls_5\1673.wav,5
D:\VSCodeRepository\SceneZone-ANC\data\synth_noise\cls_5\1674.wav,5
D:\VSCodeRepository\SceneZone-ANC\data\synth_noise\cls_5\1675.wav,5
D:\VSCodeRepository\SceneZone-ANC\data\synth_noise\cls_5\1676.wav,5
D:\VSCodeRepository\SceneZone-ANC\data\synth_noise\cls_5\1677.wav,5
D:\VSCodeRepository\SceneZone-ANC\data\synth_noise\cls_5\1678.wav,5
D:\VSCodeRepository\SceneZone-ANC\data\synth_noise\cls_5\1679.wav,5
D:\VSCodeRepository\SceneZone-ANC\data\synth_noise\cls_5\1680.wav,5
D:\VSCodeRepository\SceneZone-ANC\data\synth_noise\cls_5\1681.wav,5
D:\VSCodeRepository\SceneZone-ANC\data\synth_noise\cls_5\1682.wav,5
D:\VSCodeRepository\SceneZone-ANC\data\synth_noise\cls_5\1683.wav,5
D:\VSCodeRepository\SceneZone-ANC\data\synth_noise\cls_5\1684.wav,5
D:\VSCodeRepository\SceneZone-ANC\data\synth_noise\cls_5\1685.wav,5
D:\VSCodeRepository\SceneZone-ANC\data\synth_noise\cls_5\1686.wav,5
D:\VSCodeRepository\SceneZone-ANC\data\synth_noise\cls_5\1687.wav,5
D:\VSCodeRepository\SceneZone-ANC\data\synth_noise\cls_5\1688.wav,5
D:\VSCodeRepository\SceneZone-ANC\data\synth_noise\cls_5\1689.wav,5
D:\VSCodeRepository\SceneZone-ANC\data\synth_noise\cls_5\1690.wav,5
D:\VSCodeRepository\SceneZone-ANC\data\synth_noise\cls_5\1691.wav,5
D:\VSCodeRepository\SceneZone-ANC\data\synth_noise\cls_5\1692.wav,5
D:\VSCodeRepository\SceneZone-ANC\data\synth_noise\cls_5\1693.wav,5
D:\VSCodeRepository\SceneZone-ANC\data\synth_noise\cls_5\1694.wav,5
D:\VSCodeRepository\SceneZone-ANC\data\synth_noise\cls_5\1695.wav,5
D:\VSCodeRepository\SceneZone-ANC\data\synth_noise\cls_5\1696.wav,5
D:\VSCodeRepository\SceneZone-ANC\data\synth_noise\cls_5\1697.wav,5
D:\VSCodeRepository\SceneZone-ANC\data\synth_noise\cls_5\1698.wav,5
D:\VSCodeRepository\SceneZone-ANC\data\synth_noise\cls_5\1699.wav,5
D:\VSCodeRepository\SceneZone-ANC\data\synth_noise\cls_5\1700.wav,5
D:\VSCodeRepository\SceneZone-ANC\data\synth_noise\cls_5\1701.wav,5
D:\VSCodeRepository\SceneZone-ANC\data\synth_noise\cls_5\1702.wav,5
D:\VSCodeRepository\SceneZone-ANC\data\synth_noise\cls_5\1703.wav,5
D:\VSCodeRepository\SceneZone-ANC\data\synth_noise\cls_5\1704.wav,5
D:\VSCodeRepository\SceneZone-ANC\data\synth_noise\cls_5\1705.wav,5
D:\VSCodeRepository\SceneZone-ANC\data\synth_noise\cls_5\1706.wav,5
D:\VSCodeRepository\SceneZone-ANC\data\synth_noise\cls_5\1707.wav,5
D:\VSCodeRepository\SceneZone-ANC\data\synth_noise\cls_5\1708.wav,5
D:\VSCodeRepository\SceneZone-ANC\data\synth_noise\cls_5\1709.wav,5
D:\VSCodeRepository\SceneZone-ANC\data\synth_noise\cls_5\1710.wav,5
D:\VSCodeRepository\SceneZone-ANC\data\synth_noise\cls_5\1711.wav,5
D:\VSCodeRepository\SceneZone-ANC\data\synth_noise\cls_5\1712.wav,5
D:\VSCodeRepository\SceneZone-ANC\data\synth_noise\cls_5\1713.wav,5
D:\VSCodeRepository\SceneZone-ANC\data\synth_noise\cls_5\1714.wav,5
D:\VSCodeRepository\SceneZone-ANC\data\synth_noise\cls_5\1715.wav,5
D:\VSCodeRepository\SceneZone-ANC\data\synth_noise\cls_5\1716.wav,5
D:\VSCodeRepository\SceneZone-ANC\data\synth_noise\cls_5\1717.wav,5
D:\VSCodeRepository\SceneZone-ANC\data\synth_noise\cls_5\1718.wav,5
D:\VSCodeRepository\SceneZone-ANC\data\synth_noise\cls_5\1719.wav,5
D:\VSCodeRepository\SceneZone-ANC\data\synth_noise\cls_5\1720.wav,5
D:\VSCodeRepository\SceneZone-ANC\data\synth_noise\cls_5\1721.wav,5
D:\VSCodeRepository\SceneZone-ANC\data\synth_noise\cls_5\1722.wav,5
D:\VSCodeRepository\SceneZone-ANC\data\synth_noise\cls_5\1723.wav,5
D:\VSCodeRepository\SceneZone-ANC\data\synth_noise\cls_5\1724.wav,5
D:\VSCodeRepository\SceneZone-ANC\data\synth_noise\cls_5\1725.wav,5
D:\VSCodeRepository\SceneZone-ANC\data\synth_noise\cls_5\1726.wav,5
D:\VSCodeRepository\SceneZone-ANC\data\synth_noise\cls_5\1727.wav,5
D:\VSCodeRepository\SceneZone-ANC\data\synth_noise\cls_5\1728.wav,5
D:\VSCodeRepository\SceneZone-ANC\data\synth_noise\cls_5\1729.wav,5
D:\VSCodeRepository\SceneZone-ANC\data\synth_noise\cls_5\1730.wav,5
D:\VSCodeRepository\SceneZone-ANC\data\synth_noise\cls_5\1731.wav,5
D:\VSCodeRepository\SceneZone-ANC\data\synth_noise\cls_5\1732.wav,5
D:\VSCodeRepository\SceneZone-ANC\data\synth_noise\cls_5\1733.wav,5
D:\VSCodeRepository\SceneZone-ANC\data\synth_noise\cls_5\1734.wav,5
D:\VSCodeRepository\SceneZone-ANC\data\synth_noise\cls_5\1735.wav,5
D:\VSCodeRepository\SceneZone-ANC\data\synth_noise\cls_5\1736.wav,5
D:\VSCodeRepository\SceneZone-ANC\data\synth_noise\cls_5\1737.wav,5
D:\VSCodeRepository\SceneZone-ANC\data\synth_noise\cls_5\1738.wav,5
D:\VSCodeRepository\SceneZone-ANC\data\synth_noise\cls_5\1739.wav,5
D:\VSCodeRepository\SceneZone-ANC\data\synth_noise\cls_5\1740.wav,5
D:\VSCodeRepository\SceneZone-ANC\data\synth_noise\cls_5\1741.wav,5
D:\VSCodeRepository\SceneZone-ANC\data\synth_noise\cls_5\1742.wav,5
D:\VSCodeRepository\SceneZone-ANC\data\synth_noise\cls_5\1743.wav,5
D:\VSCodeRepository\SceneZone-ANC\data\synth_noise\cls_5\1744.wav,5
D:\VSCodeRepository\SceneZone-ANC\data\synth_noise\cls_5\1745.wav,5
D:\VSCodeRepository\SceneZone-ANC\data\synth_noise\cls_5\1746.wav,5
D:\VSCodeRepository\SceneZone-ANC\data\synth_noise\cls_5\1747.wav,5
D:\VSCodeRepository\SceneZone-ANC\data\synth_noise\cls_5\1748.wav,5
D:\VSCodeRepository\SceneZone-ANC\data\synth_noise\cls_5\1749.wav,5
D:\VSCodeRepository\SceneZone-ANC\data\synth_noise\cls_5\1750.wav,5
D:\VSCodeRepository\SceneZone-ANC\data\synth_noise\cls_5\1751.wav,5
D:\VSCodeRepository\SceneZone-ANC\data\synth_noise\cls_5\1752.wav,5
D:\VSCodeRepository\SceneZone-ANC\data\synth_noise\cls_5\1753.wav,5
D:\VSCodeRepository\SceneZone-ANC\data\synth_noise\cls_5\1754.wav,5
D:\VSCodeRepository\SceneZone-ANC\data\synth_noise\cls_5\1755.wav,5
D:\VSCodeRepository\SceneZone-ANC\data\synth_noise\cls_5\1756.wav,5
D:\VSCodeRepository\SceneZone-ANC\data\synth_noise\cls_5\1757.wav,5
D:\VSCodeRepository\SceneZone-ANC\data\synth_noise\cls_5\1758.wav,5
D:\VSCodeRepository\SceneZone-ANC\data\synth_noise\cls_5\1759.wav,5
D:\VSCodeRepository\SceneZone-ANC\data\synth_noise\cls_5\1760.wav,5
D:\VSCodeRepository\SceneZone-ANC\data\synth_noise\cls_5\1761.wav,5
D:\VSCodeRepository\SceneZone-ANC\data\synth_noise\cls_5\1762.wav,5
D:\VSCodeRepository\SceneZone-ANC\data\synth_noise\cls_5\1763.wav,5
D:\VSCodeRepository\SceneZone-ANC\data\synth_noise\cls_5\1764.wav,5
D:\VSCodeRepository\SceneZone-ANC\data\synth_noise\cls_5\1765.wav,5
D:\VSCodeRepository\SceneZone-ANC\data\synth_noise\cls_5\1766.wav,5
D:\VSCodeRepository\SceneZone-ANC\data\synth_noise\cls_5\1767.wav,5
D:\VSCodeRepository\SceneZone-ANC\data\synth_noise\cls_5\1768.wav,5
D:\VSCodeRepository\SceneZone-ANC\data\synth_noise\cls_5\1769.wav,5
D:\VSCodeRepository\SceneZone-ANC\data\synth_noise\cls_5\1770.wav,5
D:\VSCodeRepository\SceneZone-ANC\data\synth_noise\cls_5\1771.wav,5
D:\VSCodeRepository\SceneZone-ANC\data\synth_noise\cls_5\1772.wav,5
D:\VSCodeRepository\SceneZone-ANC\data\synth_noise\cls_5\1773.wav,5
D:\VSCodeRepository\SceneZone-ANC\data\synth_noise\cls_5\1774.wav,5
D:\VSCodeRepository\SceneZone-ANC\data\synth_noise\cls_5\1775.wav,5
D:\VSCodeRepository\SceneZone-ANC\data\synth_noise\cls_5\1776.wav,5
D:\VSCodeRepository\SceneZone-ANC\data\synth_noise\cls_5\1777.wav,5
D:\VSCodeRepository\SceneZone-ANC\data\synth_noise\cls_5\1778.wav,5
D:\VSCodeRepository\SceneZone-ANC\data\synth_noise\cls_5\1779.wav,5
D:\VSCodeRepository\SceneZone-ANC\data\synth_noise\cls_5\1780.wav,5
D:\VSCodeRepository\SceneZone-ANC\data\synth_noise\cls_5\1781.wav,5
D:\VSCodeRepository\SceneZone-ANC\data\synth_noise\cls_5\1782.wav,5
D:\VSCodeRepository\SceneZone-ANC\data\synth_noise\cls_5\1783.wav,5
D:\VSCodeRepository\SceneZone-ANC\data\synth_noise\cls_5\1784.wav,5
D:\VSCodeRepository\SceneZone-ANC\data\synth_noise\cls_5\1785.wav,5
D:\VSCodeRepository\SceneZone-ANC\data\synth_noise\cls_5\1786.wav,5
D:\VSCodeRepository\SceneZone-ANC\data\synth_noise\cls_5\1787.wav,5
D:\VSCodeRepository\SceneZone-ANC\data\synth_noise\cls_5\1788.wav,5
D:\VSCodeRepository\SceneZone-ANC\data\synth_noise\cls_5\1789.wav,5
D:\VSCodeRepository\SceneZone-ANC\data\synth_noise\cls_5\1790.wav,5
D:\VSCodeRepository\SceneZone-ANC\data\synth_noise\cls_5\1791.wav,5
D:\VSCodeRepository\SceneZone-ANC\data\synth_noise\cls_5\1792.wav,5
D:\VSCodeRepository\SceneZone-ANC\data\synth_noise\cls_5\1793.wav,5
D:\VSCodeRepository\SceneZone-ANC\data\synth_noise\cls_5\1794.wav,5
D:\VSCodeRepository\SceneZone-ANC\data\synth_noise\cls_5\1795.wav,5
D:\VSCodeRepository\SceneZone-ANC\data\synth_noise\cls_5\1796.wav,5
D:\VSCodeRepository\SceneZone-ANC\data\synth_noise\cls_5\1797.wav,5
D:\VSCodeRepository\SceneZone-ANC\data\synth_noise\cls_5\1798.wav,5
D:\VSCodeRepository\SceneZone-ANC\data\synth_noise\cls_5\1799.wav,5
D:\VSCodeRepository\SceneZone-ANC\data\synth_noise\cls_5\1800.wav,5
D:\VSCodeRepository\SceneZone-ANC\data\synth_noise\cls_5\1801.wav,5
D:\VSCodeRepository\SceneZone-ANC\data\synth_noise\cls_5\1802.wav,5
D:\VSCodeRepository\SceneZone-ANC\data\synth_noise\cls_5\1803.wav,5
D:\VSCodeRepository\SceneZone-ANC\data\synth_noise\cls_5\1804.wav,5
D:\VSCodeRepository\SceneZone-ANC\data\synth_noise\cls_5\1805.wav,5
D:\VSCodeRepository\SceneZone-ANC\data\synth_noise\cls_5\1806.wav,5
D:\VSCodeRepository\SceneZone-ANC\data\synth_noise\cls_5\1807.wav,5
D:\VSCodeRepository\SceneZone-ANC\data\synth_noise\cls_5\1808.wav,5
D:\VSCodeRepository\SceneZone-ANC\data\synth_noise\cls_5\1809.wav,5
D:\VSCodeRepository\SceneZone-ANC\data\synth_noise\cls_5\1810.wav,5
D:\VSCodeRepository\SceneZone-ANC\data\synth_noise\cls_5\1811.wav,5
D:\VSCodeRepository\SceneZone-ANC\data\synth_noise\cls_5\1812.wav,5
D:\VSCodeRepository\SceneZone-ANC\data\synth_noise\cls_5\1813.wav,5
D:\VSCodeRepository\SceneZone-ANC\data\synth_noise\cls_5\1814.wav,5
D:\VSCodeRepository\SceneZone-ANC\data\synth_noise\cls_5\1815.wav,5
D:\VSCodeRepository\SceneZone-ANC\data\synth_noise\cls_5\1816.wav,5
D:\VSCodeRepository\SceneZone-ANC\data\synth_noise\cls_5\1817.wav,5
D:\VSCodeRepository\SceneZone-ANC\data\synth_noise\cls_5\1818.wav,5
D:\VSCodeRepository\SceneZone-ANC\data\synth_noise\cls_5\1819.wav,5
D:\VSCodeRepository\SceneZone-ANC\data\synth_noise\cls_5\1820.wav,5
D:\VSCodeRepository\SceneZone-ANC\data\synth_noise\cls_5\1821.wav,5
D:\VSCodeRepository\SceneZone-ANC\data\synth_noise\cls_5\1822.wav,5
D:\VSCodeRepository\SceneZone-ANC\data\synth_noise\cls_5\1823.wav,5
D:\VSCodeRepository\SceneZone-ANC\data\synth_noise\cls_5\1824.wav,5
D:\VSCodeRepository\SceneZone-ANC\data\synth_noise\cls_5\1825.wav,5
D:\VSCodeRepository\SceneZone-ANC\data\synth_noise\cls_5\1826.wav,5
D:\VSCodeRepository\SceneZone-ANC\data\synth_noise\cls_5\1827.wav,5
D:\VSCodeRepository\SceneZone-ANC\data\synth_noise\cls_5\1828.wav,5
D:\VSCodeRepository\SceneZone-ANC\data\synth_noise\cls_5\1829.wav,5
D:\VSCodeRepository\SceneZone-ANC\data\synth_noise\cls_5\1830.wav,5
D:\VSCodeRepository\SceneZone-ANC\data\synth_noise\cls_5\1831.wav,5
D:\VSCodeRepository\SceneZone-ANC\data\synth_noise\cls_5\1832.wav,5
D:\VSCodeRepository\SceneZone-ANC\data\synth_noise\cls_5\1833.wav,5
D:\VSCodeRepository\SceneZone-ANC\data\synth_noise\cls_5\1834.wav,5
D:\VSCodeRepository\SceneZone-ANC\data\synth_noise\cls_5\1835.wav,5
D:\VSCodeRepository\SceneZone-ANC\data\synth_noise\cls_5\1836.wav,5
D:\VSCodeRepository\SceneZone-ANC\data\synth_noise\cls_5\1837.wav,5
D:\VSCodeRepository\SceneZone-ANC\data\synth_noise\cls_5\1838.wav,5
D:\VSCodeRepository\SceneZone-ANC\data\synth_noise\cls_5\1839.wav,5
D:\VSCodeRepository\SceneZone-ANC\data\synth_noise\cls_5\1840.wav,5
D:\VSCodeRepository\SceneZone-ANC\data\synth_noise\cls_5\1841.wav,5
D:\VSCodeRepository\SceneZone-ANC\data\synth_noise\cls_5\1842.wav,5
D:\VSCodeRepository\SceneZone-ANC\data\synth_noise\cls_5\1843.wav,5
D:\VSCodeRepository\SceneZone-ANC\data\synth_noise\cls_5\1844.wav,5
D:\VSCodeRepository\SceneZone-ANC\data\synth_noise\cls_5\1845.wav,5
D:\VSCodeRepository\SceneZone-ANC\data\synth_noise\cls_5\1846.wav,5
D:\VSCodeRepository\SceneZone-ANC\data\synth_noise\cls_5\1847.wav,5
D:\VSCodeRepository\SceneZone-ANC\data\synth_noise\cls_5\1848.wav,5
D:\VSCodeRepository\SceneZone-ANC\data\synth_noise\cls_5\1849.wav,5
D:\VSCodeRepository\SceneZone-ANC\data\synth_noise\cls_5\1850.wav,5
D:\VSCodeRepository\SceneZone-ANC\data\synth_noise\cls_5\1851.wav,5
D:\VSCodeRepository\SceneZone-ANC\data\synth_noise\cls_5\1852.wav,5
D:\VSCodeRepository\SceneZone-ANC\data\synth_noise\cls_5\1853.wav,5
D:\VSCodeRepository\SceneZone-ANC\data\synth_noise\cls_5\1854.wav,5
D:\VSCodeRepository\SceneZone-ANC\data\synth_noise\cls_5\1855.wav,5
D:\VSCodeRepository\SceneZone-ANC\data\synth_noise\cls_5\1856.wav,5
D:\VSCodeRepository\SceneZone-ANC\data\synth_noise\cls_5\1857.wav,5
D:\VSCodeRepository\SceneZone-ANC\data\synth_noise\cls_5\1858.wav,5
D:\VSCodeRepository\SceneZone-ANC\data\synth_noise\cls_5\1859.wav,5
D:\VSCodeRepository\SceneZone-ANC\data\synth_noise\cls_5\1860.wav,5
D:\VSCodeRepository\SceneZone-ANC\data\synth_noise\cls_5\1861.wav,5
D:\VSCodeRepository\SceneZone-ANC\data\synth_noise\cls_5\1862.wav,5
D:\VSCodeRepository\SceneZone-ANC\data\synth_noise\cls_5\1863.wav,5
D:\VSCodeRepository\SceneZone-ANC\data\synth_noise\cls_5\1864.wav,5
D:\VSCodeRepository\SceneZone-ANC\data\synth_noise\cls_5\1865.wav,5
D:\VSCodeRepository\SceneZone-ANC\data\synth_noise\cls_5\1866.wav,5
D:\VSCodeRepository\SceneZone-ANC\data\synth_noise\cls_5\1867.wav,5
D:\VSCodeRepository\SceneZone-ANC\data\synth_noise\cls_5\1868.wav,5
D:\VSCodeRepository\SceneZone-ANC\data\synth_noise\cls_5\1869.wav,5
D:\VSCodeRepository\SceneZone-ANC\data\synth_noise\cls_5\1870.wav,5
D:\VSCodeRepository\SceneZone-ANC\data\synth_noise\cls_5\1871.wav,5
D:\VSCodeRepository\SceneZone-ANC\data\synth_noise\cls_5\1872.wav,5
D:\VSCodeRepository\SceneZone-ANC\data\synth_noise\cls_5\1873.wav,5
D:\VSCodeRepository\SceneZone-ANC\data\synth_noise\cls_5\1874.wav,5
D:\VSCodeRepository\SceneZone-ANC\data\synth_noise\cls_5\1875.wav,5
D:\VSCodeRepository\SceneZone-ANC\data\synth_noise\cls_5\1876.wav,5
D:\VSCodeRepository\SceneZone-ANC\data\synth_noise\cls_5\1877.wav,5
D:\VSCodeRepository\SceneZone-ANC\data\synth_noise\cls_5\1878.wav,5
D:\VSCodeRepository\SceneZone-ANC\data\synth_noise\cls_5\1879.wav,5
D:\VSCodeRepository\SceneZone-ANC\data\synth_noise\cls_5\1880.wav,5
D:\VSCodeRepository\SceneZone-ANC\data\synth_noise\cls_5\1881.wav,5
D:\VSCodeRepository\SceneZone-ANC\data\synth_noise\cls_5\1882.wav,5
D:\VSCodeRepository\SceneZone-ANC\data\synth_noise\cls_5\1883.wav,5
D:\VSCodeRepository\SceneZone-ANC\data\synth_noise\cls_5\1884.wav,5
D:\VSCodeRepository\SceneZone-ANC\data\synth_noise\cls_5\1885.wav,5
D:\VSCodeRepository\SceneZone-ANC\data\synth_noise\cls_5\1886.wav,5
D:\VSCodeRepository\SceneZone-ANC\data\synth_noise\cls_5\1887.wav,5
D:\VSCodeRepository\SceneZone-ANC\data\synth_noise\cls_5\1888.wav,5
D:\VSCodeRepository\SceneZone-ANC\data\synth_noise\cls_5\1889.wav,5
D:\VSCodeRepository\SceneZone-ANC\data\synth_noise\cls_5\1890.wav,5
D:\VSCodeRepository\SceneZone-ANC\data\synth_noise\cls_5\1891.wav,5
D:\VSCodeRepository\SceneZone-ANC\data\synth_noise\cls_5\1892.wav,5
D:\VSCodeRepository\SceneZone-ANC\data\synth_noise\cls_5\1893.wav,5
D:\VSCodeRepository\SceneZone-ANC\data\synth_noise\cls_5\1894.wav,5
D:\VSCodeRepository\SceneZone-ANC\data\synth_noise\cls_5\1895.wav,5
D:\VSCodeRepository\SceneZone-ANC\data\synth_noise\cls_5\1896.wav,5
D:\VSCodeRepository\SceneZone-ANC\data\synth_noise\cls_5\1897.wav,5
D:\VSCodeRepository\SceneZone-ANC\data\synth_noise\cls_5\1898.wav,5
D:\VSCodeRepository\SceneZone-ANC\data\synth_noise\cls_5\1899.wav,5
D:\VSCodeRepository\SceneZone-ANC\data\synth_noise\cls_5\1900.wav,5
D:\VSCodeRepository\SceneZone-ANC\data\synth_noise\cls_5\1901.wav,5
D:\VSCodeRepository\SceneZone-ANC\data\synth_noise\cls_5\1902.wav,5
D:\VSCodeRepository\SceneZone-ANC\data\synth_noise\cls_5\1903.wav,5
D:\VSCodeRepository\SceneZone-ANC\data\synth_noise\cls_5\1904.wav,5
D:\VSCodeRepository\SceneZone-ANC\data\synth_noise\cls_5\1905.wav,5
D:\VSCodeRepository\SceneZone-ANC\data\synth_noise\cls_5\1906.wav,5
D:\VSCodeRepository\SceneZone-ANC\data\synth_noise\cls_5\1907.wav,5
D:\VSCodeRepository\SceneZone-ANC\data\synth_noise\cls_5\1908.wav,5
D:\VSCodeRepository\SceneZone-ANC\data\synth_noise\cls_5\1909.wav,5
D:\VSCodeRepository\SceneZone-ANC\data\synth_noise\cls_5\1910.wav,5
D:\VSCodeRepository\SceneZone-ANC\data\synth_noise\cls_5\1911.wav,5
D:\VSCodeRepository\SceneZone-ANC\data\synth_noise\cls_5\1912.wav,5
D:\VSCodeRepository\SceneZone-ANC\data\synth_noise\cls_5\1913.wav,5
D:\VSCodeRepository\SceneZone-ANC\data\synth_noise\cls_5\1914.wav,5
D:\VSCodeRepository\SceneZone-ANC\data\synth_noise\cls_5\1915.wav,5
D:\VSCodeRepository\SceneZone-ANC\data\synth_noise\cls_5\1916.wav,5
D:\VSCodeRepository\SceneZone-ANC\data\synth_noise\cls_5\1917.wav,5
D:\VSCodeRepository\SceneZone-ANC\data\synth_noise\cls_5\1918.wav,5
D:\VSCodeRepository\SceneZone-ANC\data\synth_noise\cls_5\1919.wav,5
D:\VSCodeRepository\SceneZone-ANC\data\synth_noise\cls_5\1920.wav,5
D:\VSCodeRepository\SceneZone-ANC\data\synth_noise\cls_5\1921.wav,5
D:\VSCodeRepository\SceneZone-ANC\data\synth_noise\cls_5\1922.wav,5
D:\VSCodeRepository\SceneZone-ANC\data\synth_noise\cls_5\1923.wav,5
D:\VSCodeRepository\SceneZone-ANC\data\synth_noise\cls_5\1924.wav,5
D:\VSCodeRepository\SceneZone-ANC\data\synth_noise\cls_5\1925.wav,5
D:\VSCodeRepository\SceneZone-ANC\data\synth_noise\cls_5\1926.wav,5
D:\VSCodeRepository\SceneZone-ANC\data\synth_noise\cls_5\1927.wav,5
D:\VSCodeRepository\SceneZone-ANC\data\synth_noise\cls_5\1928.wav,5
D:\VSCodeRepository\SceneZone-ANC\data\synth_noise\cls_5\1929.wav,5
D:\VSCodeRepository\SceneZone-ANC\data\synth_noise\cls_5\1930.wav,5
D:\VSCodeRepository\SceneZone-ANC\data\synth_noise\cls_5\1931.wav,5
D:\VSCodeRepository\SceneZone-ANC\data\synth_noise\cls_5\1932.wav,5
D:\VSCodeRepository\SceneZone-ANC\data\synth_noise\cls_5\1933.wav,5
D:\VSCodeRepository\SceneZone-ANC\data\synth_noise\cls_5\1934.wav,5
D:\VSCodeRepository\SceneZone-ANC\data\synth_noise\cls_5\1935.wav,5
D:\VSCodeRepository\SceneZone-ANC\data\synth_noise\cls_5\1936.wav,5
D:\VSCodeRepository\SceneZone-ANC\data\synth_noise\cls_5\1937.wav,5
D:\VSCodeRepository\SceneZone-ANC\data\synth_noise\cls_5\1938.wav,5
D:\VSCodeRepository\SceneZone-ANC\data\synth_noise\cls_5\1939.wav,5
D:\VSCodeRepository\SceneZone-ANC\data\synth_noise\cls_5\1940.wav,5
D:\VSCodeRepository\SceneZone-ANC\data\synth_noise\cls_5\1941.wav,5
D:\VSCodeRepository\SceneZone-ANC\data\synth_noise\cls_5\1942.wav,5
D:\VSCodeRepository\SceneZone-ANC\data\synth_noise\cls_5\1943.wav,5
D:\VSCodeRepository\SceneZone-ANC\data\synth_noise\cls_5\1944.wav,5
D:\VSCodeRepository\SceneZone-ANC\data\synth_noise\cls_5\1945.wav,5
D:\VSCodeRepository\SceneZone-ANC\data\synth_noise\cls_5\1946.wav,5
D:\VSCodeRepository\SceneZone-ANC\data\synth_noise\cls_5\1947.wav,5
D:\VSCodeRepository\SceneZone-ANC\data\synth_noise\cls_5\1948.wav,5
D:\VSCodeRepository\SceneZone-ANC\data\synth_noise\cls_5\1949.wav,5
D:\VSCodeRepository\SceneZone-ANC\data\synth_noise\cls_5\1950.wav,5
D:\VSCodeRepository\SceneZone-ANC\data\synth_noise\cls_5\1951.wav,5
D:\VSCodeRepository\SceneZone-ANC\data\synth_noise\cls_5\1952.wav,5
D:\VSCodeRepository\SceneZone-ANC\data\synth_noise\cls_5\1953.wav,5
D:\VSCodeRepository\SceneZone-ANC\data\synth_noise\cls_5\1954.wav,5
D:\VSCodeRepository\SceneZone-ANC\data\synth_noise\cls_5\1955.wav,5
D:\VSCodeRepository\SceneZone-ANC\data\synth_noise\cls_5\1956.wav,5
D:\VSCodeRepository\SceneZone-ANC\data\synth_noise\cls_5\1957.wav,5
D:\VSCodeRepository\SceneZone-ANC\data\synth_noise\cls_5\1958.wav,5
D:\VSCodeRepository\SceneZone-ANC\data\synth_noise\cls_5\1959.wav,5
D:\VSCodeRepository\SceneZone-ANC\data\synth_noise\cls_5\1960.wav,5
D:\VSCodeRepository\SceneZone-ANC\data\synth_noise\cls_5\1961.wav,5
D:\VSCodeRepository\SceneZone-ANC\data\synth_noise\cls_5\1962.wav,5
D:\VSCodeRepository\SceneZone-ANC\data\synth_noise\cls_5\1963.wav,5
D:\VSCodeRepository\SceneZone-ANC\data\synth_noise\cls_5\1964.wav,5
D:\VSCodeRepository\SceneZone-ANC\data\synth_noise\cls_5\1965.wav,5
D:\VSCodeRepository\SceneZone-ANC\data\synth_noise\cls_5\1966.wav,5
D:\VSCodeRepository\SceneZone-ANC\data\synth_noise\cls_5\1967.wav,5
D:\VSCodeRepository\SceneZone-ANC\data\synth_noise\cls_5\1968.wav,5
D:\VSCodeRepository\SceneZone-ANC\data\synth_noise\cls_5\1969.wav,5
D:\VSCodeRepository\SceneZone-ANC\data\synth_noise\cls_5\1970.wav,5
D:\VSCodeRepository\SceneZone-ANC\data\synth_noise\cls_5\1971.wav,5
D:\VSCodeRepository\SceneZone-ANC\data\synth_noise\cls_5\1972.wav,5
D:\VSCodeRepository\SceneZone-ANC\data\synth_noise\cls_5\1973.wav,5
D:\VSCodeRepository\SceneZone-ANC\data\synth_noise\cls_5\1974.wav,5
D:\VSCodeRepository\SceneZone-ANC\data\synth_noise\cls_5\1975.wav,5
D:\VSCodeRepository\SceneZone-ANC\data\synth_noise\cls_5\1976.wav,5
D:\VSCodeRepository\SceneZone-ANC\data\synth_noise\cls_5\1977.wav,5
D:\VSCodeRepository\SceneZone-ANC\data\synth_noise\cls_5\1978.wav,5
D:\VSCodeRepository\SceneZone-ANC\data\synth_noise\cls_5\1979.wav,5
D:\VSCodeRepository\SceneZone-ANC\data\synth_noise\cls_5\1980.wav,5
D:\VSCodeRepository\SceneZone-ANC\data\synth_noise\cls_5\1981.wav,5
D:\VSCodeRepository\SceneZone-ANC\data\synth_noise\cls_5\1982.wav,5
D:\VSCodeRepository\SceneZone-ANC\data\synth_noise\cls_5\1983.wav,5
D:\VSCodeRepository\SceneZone-ANC\data\synth_noise\cls_5\1984.wav,5
D:\VSCodeRepository\SceneZone-ANC\data\synth_noise\cls_5\1985.wav,5
D:\VSCodeRepository\SceneZone-ANC\data\synth_noise\cls_5\1986.wav,5
D:\VSCodeRepository\SceneZone-ANC\data\synth_noise\cls_5\1987.wav,5
D:\VSCodeRepository\SceneZone-ANC\data\synth_noise\cls_5\1988.wav,5
D:\VSCodeRepository\SceneZone-ANC\data\synth_noise\cls_5\1989.wav,5
D:\VSCodeRepository\SceneZone-ANC\data\synth_noise\cls_5\1990.wav,5
D:\VSCodeRepository\SceneZone-ANC\data\synth_noise\cls_5\1991.wav,5
D:\VSCodeRepository\SceneZone-ANC\data\synth_noise\cls_5\1992.wav,5
D:\VSCodeRepository\SceneZone-ANC\data\synth_noise\cls_5\1993.wav,5
D:\VSCodeRepository\SceneZone-ANC\data\synth_noise\cls_5\1994.wav,5
D:\VSCodeRepository\SceneZone-ANC\data\synth_noise\cls_5\1995.wav,5
D:\VSCodeRepository\SceneZone-ANC\data\synth_noise\cls_5\1996.wav,5
D:\VSCodeRepository\SceneZone-ANC\data\synth_noise\cls_5\1997.wav,5
D:\VSCodeRepository\SceneZone-ANC\data\synth_noise\cls_5\1998.wav,5
D:\VSCodeRepository\SceneZone-ANC\data\synth_noise\cls_5\1999.wav,5
D:\VSCodeRepository\SceneZone-ANC\data\synth_noise\cls_6\0300.wav,6
D:\VSCodeRepository\SceneZone-ANC\data\synth_noise\cls_6\0301.wav,6
D:\VSCodeRepository\SceneZone-ANC\data\synth_noise\cls_6\0302.wav,6
D:\VSCodeRepository\SceneZone-ANC\data\synth_noise\cls_6\0303.wav,6
D:\VSCodeRepository\SceneZone-ANC\data\synth_noise\cls_6\0304.wav,6
D:\VSCodeRepository\SceneZone-ANC\data\synth_noise\cls_6\0305.wav,6
D:\VSCodeRepository\SceneZone-ANC\data\synth_noise\cls_6\0306.wav,6
D:\VSCodeRepository\SceneZone-ANC\data\synth_noise\cls_6\0307.wav,6
D:\VSCodeRepository\SceneZone-ANC\data\synth_noise\cls_6\0308.wav,6
D:\VSCodeRepository\SceneZone-ANC\data\synth_noise\cls_6\0309.wav,6
D:\VSCodeRepository\SceneZone-ANC\data\synth_noise\cls_6\0310.wav,6
D:\VSCodeRepository\SceneZone-ANC\data\synth_noise\cls_6\0311.wav,6
D:\VSCodeRepository\SceneZone-ANC\data\synth_noise\cls_6\0312.wav,6
D:\VSCodeRepository\SceneZone-ANC\data\synth_noise\cls_6\0313.wav,6
D:\VSCodeRepository\SceneZone-ANC\data\synth_noise\cls_6\0314.wav,6
D:\VSCodeRepository\SceneZone-ANC\data\synth_noise\cls_6\0315.wav,6
D:\VSCodeRepository\SceneZone-ANC\data\synth_noise\cls_6\0316.wav,6
D:\VSCodeRepository\SceneZone-ANC\data\synth_noise\cls_6\0317.wav,6
D:\VSCodeRepository\SceneZone-ANC\data\synth_noise\cls_6\0318.wav,6
D:\VSCodeRepository\SceneZone-ANC\data\synth_noise\cls_6\0319.wav,6
D:\VSCodeRepository\SceneZone-ANC\data\synth_noise\cls_6\0320.wav,6
D:\VSCodeRepository\SceneZone-ANC\data\synth_noise\cls_6\0321.wav,6
D:\VSCodeRepository\SceneZone-ANC\data\synth_noise\cls_6\0322.wav,6
D:\VSCodeRepository\SceneZone-ANC\data\synth_noise\cls_6\0323.wav,6
D:\VSCodeRepository\SceneZone-ANC\data\synth_noise\cls_6\0324.wav,6
D:\VSCodeRepository\SceneZone-ANC\data\synth_noise\cls_6\0325.wav,6
D:\VSCodeRepository\SceneZone-ANC\data\synth_noise\cls_6\0326.wav,6
D:\VSCodeRepository\SceneZone-ANC\data\synth_noise\cls_6\0327.wav,6
D:\VSCodeRepository\SceneZone-ANC\data\synth_noise\cls_6\0328.wav,6
D:\VSCodeRepository\SceneZone-ANC\data\synth_noise\cls_6\0329.wav,6
D:\VSCodeRepository\SceneZone-ANC\data\synth_noise\cls_6\0330.wav,6
D:\VSCodeRepository\SceneZone-ANC\data\synth_noise\cls_6\0331.wav,6
D:\VSCodeRepository\SceneZone-ANC\data\synth_noise\cls_6\0332.wav,6
D:\VSCodeRepository\SceneZone-ANC\data\synth_noise\cls_6\0333.wav,6
D:\VSCodeRepository\SceneZone-ANC\data\synth_noise\cls_6\0334.wav,6
D:\VSCodeRepository\SceneZone-ANC\data\synth_noise\cls_6\0335.wav,6
D:\VSCodeRepository\SceneZone-ANC\data\synth_noise\cls_6\0336.wav,6
D:\VSCodeRepository\SceneZone-ANC\data\synth_noise\cls_6\0337.wav,6
D:\VSCodeRepository\SceneZone-ANC\data\synth_noise\cls_6\0338.wav,6
D:\VSCodeRepository\SceneZone-ANC\data\synth_noise\cls_6\0339.wav,6
D:\VSCodeRepository\SceneZone-ANC\data\synth_noise\cls_6\0340.wav,6
D:\VSCodeRepository\SceneZone-ANC\data\synth_noise\cls_6\0341.wav,6
D:\VSCodeRepository\SceneZone-ANC\data\synth_noise\cls_6\0342.wav,6
D:\VSCodeRepository\SceneZone-ANC\data\synth_noise\cls_6\0343.wav,6
D:\VSCodeRepository\SceneZone-ANC\data\synth_noise\cls_6\0344.wav,6
D:\VSCodeRepository\SceneZone-ANC\data\synth_noise\cls_6\0345.wav,6
D:\VSCodeRepository\SceneZone-ANC\data\synth_noise\cls_6\0346.wav,6
D:\VSCodeRepository\SceneZone-ANC\data\synth_noise\cls_6\0347.wav,6
D:\VSCodeRepository\SceneZone-ANC\data\synth_noise\cls_6\0348.wav,6
D:\VSCodeRepository\SceneZone-ANC\data\synth_noise\cls_6\0349.wav,6
D:\VSCodeRepository\SceneZone-ANC\data\synth_noise\cls_6\0350.wav,6
D:\VSCodeRepository\SceneZone-ANC\data\synth_noise\cls_6\0351.wav,6
D:\VSCodeRepository\SceneZone-ANC\data\synth_noise\cls_6\0352.wav,6
D:\VSCodeRepository\SceneZone-ANC\data\synth_noise\cls_6\0353.wav,6
D:\VSCodeRepository\SceneZone-ANC\data\synth_noise\cls_6\0354.wav,6
D:\VSCodeRepository\SceneZone-ANC\data\synth_noise\cls_6\0355.wav,6
D:\VSCodeRepository\SceneZone-ANC\data\synth_noise\cls_6\0356.wav,6
D:\VSCodeRepository\SceneZone-ANC\data\synth_noise\cls_6\0357.wav,6
D:\VSCodeRepository\SceneZone-ANC\data\synth_noise\cls_6\0358.wav,6
D:\VSCodeRepository\SceneZone-ANC\data\synth_noise\cls_6\0359.wav,6
D:\VSCodeRepository\SceneZone-ANC\data\synth_noise\cls_6\0360.wav,6
D:\VSCodeRepository\SceneZone-ANC\data\synth_noise\cls_6\0361.wav,6
D:\VSCodeRepository\SceneZone-ANC\data\synth_noise\cls_6\0362.wav,6
D:\VSCodeRepository\SceneZone-ANC\data\synth_noise\cls_6\0363.wav,6
D:\VSCodeRepository\SceneZone-ANC\data\synth_noise\cls_6\0364.wav,6
D:\VSCodeRepository\SceneZone-ANC\data\synth_noise\cls_6\0365.wav,6
D:\VSCodeRepository\SceneZone-ANC\data\synth_noise\cls_6\0366.wav,6
D:\VSCodeRepository\SceneZone-ANC\data\synth_noise\cls_6\0367.wav,6
D:\VSCodeRepository\SceneZone-ANC\data\synth_noise\cls_6\0368.wav,6
D:\VSCodeRepository\SceneZone-ANC\data\synth_noise\cls_6\0369.wav,6
D:\VSCodeRepository\SceneZone-ANC\data\synth_noise\cls_6\0370.wav,6
D:\VSCodeRepository\SceneZone-ANC\data\synth_noise\cls_6\0371.wav,6
D:\VSCodeRepository\SceneZone-ANC\data\synth_noise\cls_6\0372.wav,6
D:\VSCodeRepository\SceneZone-ANC\data\synth_noise\cls_6\0373.wav,6
D:\VSCodeRepository\SceneZone-ANC\data\synth_noise\cls_6\0374.wav,6
D:\VSCodeRepository\SceneZone-ANC\data\synth_noise\cls_6\0375.wav,6
D:\VSCodeRepository\SceneZone-ANC\data\synth_noise\cls_6\0376.wav,6
D:\VSCodeRepository\SceneZone-ANC\data\synth_noise\cls_6\0377.wav,6
D:\VSCodeRepository\SceneZone-ANC\data\synth_noise\cls_6\0378.wav,6
D:\VSCodeRepository\SceneZone-ANC\data\synth_noise\cls_6\0379.wav,6
D:\VSCodeRepository\SceneZone-ANC\data\synth_noise\cls_6\0380.wav,6
D:\VSCodeRepository\SceneZone-ANC\data\synth_noise\cls_6\0381.wav,6
D:\VSCodeRepository\SceneZone-ANC\data\synth_noise\cls_6\0382.wav,6
D:\VSCodeRepository\SceneZone-ANC\data\synth_noise\cls_6\0383.wav,6
D:\VSCodeRepository\SceneZone-ANC\data\synth_noise\cls_6\0384.wav,6
D:\VSCodeRepository\SceneZone-ANC\data\synth_noise\cls_6\0385.wav,6
D:\VSCodeRepository\SceneZone-ANC\data\synth_noise\cls_6\0386.wav,6
D:\VSCodeRepository\SceneZone-ANC\data\synth_noise\cls_6\0387.wav,6
D:\VSCodeRepository\SceneZone-ANC\data\synth_noise\cls_6\0388.wav,6
D:\VSCodeRepository\SceneZone-ANC\data\synth_noise\cls_6\0389.wav,6
D:\VSCodeRepository\SceneZone-ANC\data\synth_noise\cls_6\0390.wav,6
D:\VSCodeRepository\SceneZone-ANC\data\synth_noise\cls_6\0391.wav,6
D:\VSCodeRepository\SceneZone-ANC\data\synth_noise\cls_6\0392.wav,6
D:\VSCodeRepository\SceneZone-ANC\data\synth_noise\cls_6\0393.wav,6
D:\VSCodeRepository\SceneZone-ANC\data\synth_noise\cls_6\0394.wav,6
D:\VSCodeRepository\SceneZone-ANC\data\synth_noise\cls_6\0395.wav,6
D:\VSCodeRepository\SceneZone-ANC\data\synth_noise\cls_6\0396.wav,6
D:\VSCodeRepository\SceneZone-ANC\data\synth_noise\cls_6\0397.wav,6
D:\VSCodeRepository\SceneZone-ANC\data\synth_noise\cls_6\0398.wav,6
D:\VSCodeRepository\SceneZone-ANC\data\synth_noise\cls_6\0399.wav,6
D:\VSCodeRepository\SceneZone-ANC\data\synth_noise\cls_6\0400.wav,6
D:\VSCodeRepository\SceneZone-ANC\data\synth_noise\cls_6\0401.wav,6
D:\VSCodeRepository\SceneZone-ANC\data\synth_noise\cls_6\0402.wav,6
D:\VSCodeRepository\SceneZone-ANC\data\synth_noise\cls_6\0403.wav,6
D:\VSCodeRepository\SceneZone-ANC\data\synth_noise\cls_6\0404.wav,6
D:\VSCodeRepository\SceneZone-ANC\data\synth_noise\cls_6\0405.wav,6
D:\VSCodeRepository\SceneZone-ANC\data\synth_noise\cls_6\0406.wav,6
D:\VSCodeRepository\SceneZone-ANC\data\synth_noise\cls_6\0407.wav,6
D:\VSCodeRepository\SceneZone-ANC\data\synth_noise\cls_6\0408.wav,6
D:\VSCodeRepository\SceneZone-ANC\data\synth_noise\cls_6\0409.wav,6
D:\VSCodeRepository\SceneZone-ANC\data\synth_noise\cls_6\0410.wav,6
D:\VSCodeRepository\SceneZone-ANC\data\synth_noise\cls_6\0411.wav,6
D:\VSCodeRepository\SceneZone-ANC\data\synth_noise\cls_6\0412.wav,6
D:\VSCodeRepository\SceneZone-ANC\data\synth_noise\cls_6\0413.wav,6
D:\VSCodeRepository\SceneZone-ANC\data\synth_noise\cls_6\0414.wav,6
D:\VSCodeRepository\SceneZone-ANC\data\synth_noise\cls_6\0415.wav,6
D:\VSCodeRepository\SceneZone-ANC\data\synth_noise\cls_6\0416.wav,6
D:\VSCodeRepository\SceneZone-ANC\data\synth_noise\cls_6\0417.wav,6
D:\VSCodeRepository\SceneZone-ANC\data\synth_noise\cls_6\0418.wav,6
D:\VSCodeRepository\SceneZone-ANC\data\synth_noise\cls_6\0419.wav,6
D:\VSCodeRepository\SceneZone-ANC\data\synth_noise\cls_6\0420.wav,6
D:\VSCodeRepository\SceneZone-ANC\data\synth_noise\cls_6\0421.wav,6
D:\VSCodeRepository\SceneZone-ANC\data\synth_noise\cls_6\0422.wav,6
D:\VSCodeRepository\SceneZone-ANC\data\synth_noise\cls_6\0423.wav,6
D:\VSCodeRepository\SceneZone-ANC\data\synth_noise\cls_6\0424.wav,6
D:\VSCodeRepository\SceneZone-ANC\data\synth_noise\cls_6\0425.wav,6
D:\VSCodeRepository\SceneZone-ANC\data\synth_noise\cls_6\0426.wav,6
D:\VSCodeRepository\SceneZone-ANC\data\synth_noise\cls_6\0427.wav,6
D:\VSCodeRepository\SceneZone-ANC\data\synth_noise\cls_6\0428.wav,6
D:\VSCodeRepository\SceneZone-ANC\data\synth_noise\cls_6\0429.wav,6
D:\VSCodeRepository\SceneZone-ANC\data\synth_noise\cls_6\0430.wav,6
D:\VSCodeRepository\SceneZone-ANC\data\synth_noise\cls_6\0431.wav,6
D:\VSCodeRepository\SceneZone-ANC\data\synth_noise\cls_6\0432.wav,6
D:\VSCodeRepository\SceneZone-ANC\data\synth_noise\cls_6\0433.wav,6
D:\VSCodeRepository\SceneZone-ANC\data\synth_noise\cls_6\0434.wav,6
D:\VSCodeRepository\SceneZone-ANC\data\synth_noise\cls_6\0435.wav,6
D:\VSCodeRepository\SceneZone-ANC\data\synth_noise\cls_6\0436.wav,6
D:\VSCodeRepository\SceneZone-ANC\data\synth_noise\cls_6\0437.wav,6
D:\VSCodeRepository\SceneZone-ANC\data\synth_noise\cls_6\0438.wav,6
D:\VSCodeRepository\SceneZone-ANC\data\synth_noise\cls_6\0439.wav,6
D:\VSCodeRepository\SceneZone-ANC\data\synth_noise\cls_6\0440.wav,6
D:\VSCodeRepository\SceneZone-ANC\data\synth_noise\cls_6\0441.wav,6
D:\VSCodeRepository\SceneZone-ANC\data\synth_noise\cls_6\0442.wav,6
D:\VSCodeRepository\SceneZone-ANC\data\synth_noise\cls_6\0443.wav,6
D:\VSCodeRepository\SceneZone-ANC\data\synth_noise\cls_6\0444.wav,6
D:\VSCodeRepository\SceneZone-ANC\data\synth_noise\cls_6\0445.wav,6
D:\VSCodeRepository\SceneZone-ANC\data\synth_noise\cls_6\0446.wav,6
D:\VSCodeRepository\SceneZone-ANC\data\synth_noise\cls_6\0447.wav,6
D:\VSCodeRepository\SceneZone-ANC\data\synth_noise\cls_6\0448.wav,6
D:\VSCodeRepository\SceneZone-ANC\data\synth_noise\cls_6\0449.wav,6
D:\VSCodeRepository\SceneZone-ANC\data\synth_noise\cls_6\0450.wav,6
D:\VSCodeRepository\SceneZone-ANC\data\synth_noise\cls_6\0451.wav,6
D:\VSCodeRepository\SceneZone-ANC\data\synth_noise\cls_6\0452.wav,6
D:\VSCodeRepository\SceneZone-ANC\data\synth_noise\cls_6\0453.wav,6
D:\VSCodeRepository\SceneZone-ANC\data\synth_noise\cls_6\0454.wav,6
D:\VSCodeRepository\SceneZone-ANC\data\synth_noise\cls_6\0455.wav,6
D:\VSCodeRepository\SceneZone-ANC\data\synth_noise\cls_6\0456.wav,6
D:\VSCodeRepository\SceneZone-ANC\data\synth_noise\cls_6\0457.wav,6
D:\VSCodeRepository\SceneZone-ANC\data\synth_noise\cls_6\0458.wav,6
D:\VSCodeRepository\SceneZone-ANC\data\synth_noise\cls_6\0459.wav,6
D:\VSCodeRepository\SceneZone-ANC\data\synth_noise\cls_6\0460.wav,6
D:\VSCodeRepository\SceneZone-ANC\data\synth_noise\cls_6\0461.wav,6
D:\VSCodeRepository\SceneZone-ANC\data\synth_noise\cls_6\0462.wav,6
D:\VSCodeRepository\SceneZone-ANC\data\synth_noise\cls_6\0463.wav,6
D:\VSCodeRepository\SceneZone-ANC\data\synth_noise\cls_6\0464.wav,6
D:\VSCodeRepository\SceneZone-ANC\data\synth_noise\cls_6\0465.wav,6
D:\VSCodeRepository\SceneZone-ANC\data\synth_noise\cls_6\0466.wav,6
D:\VSCodeRepository\SceneZone-ANC\data\synth_noise\cls_6\0467.wav,6
D:\VSCodeRepository\SceneZone-ANC\data\synth_noise\cls_6\0468.wav,6
D:\VSCodeRepository\SceneZone-ANC\data\synth_noise\cls_6\0469.wav,6
D:\VSCodeRepository\SceneZone-ANC\data\synth_noise\cls_6\0470.wav,6
D:\VSCodeRepository\SceneZone-ANC\data\synth_noise\cls_6\0471.wav,6
D:\VSCodeRepository\SceneZone-ANC\data\synth_noise\cls_6\0472.wav,6
D:\VSCodeRepository\SceneZone-ANC\data\synth_noise\cls_6\0473.wav,6
D:\VSCodeRepository\SceneZone-ANC\data\synth_noise\cls_6\0474.wav,6
D:\VSCodeRepository\SceneZone-ANC\data\synth_noise\cls_6\0475.wav,6
D:\VSCodeRepository\SceneZone-ANC\data\synth_noise\cls_6\0476.wav,6
D:\VSCodeRepository\SceneZone-ANC\data\synth_noise\cls_6\0477.wav,6
D:\VSCodeRepository\SceneZone-ANC\data\synth_noise\cls_6\0478.wav,6
D:\VSCodeRepository\SceneZone-ANC\data\synth_noise\cls_6\0479.wav,6
D:\VSCodeRepository\SceneZone-ANC\data\synth_noise\cls_6\0480.wav,6
D:\VSCodeRepository\SceneZone-ANC\data\synth_noise\cls_6\0481.wav,6
D:\VSCodeRepository\SceneZone-ANC\data\synth_noise\cls_6\0482.wav,6
D:\VSCodeRepository\SceneZone-ANC\data\synth_noise\cls_6\0483.wav,6
D:\VSCodeRepository\SceneZone-ANC\data\synth_noise\cls_6\0484.wav,6
D:\VSCodeRepository\SceneZone-ANC\data\synth_noise\cls_6\0485.wav,6
D:\VSCodeRepository\SceneZone-ANC\data\synth_noise\cls_6\0486.wav,6
D:\VSCodeRepository\SceneZone-ANC\data\synth_noise\cls_6\0487.wav,6
D:\VSCodeRepository\SceneZone-ANC\data\synth_noise\cls_6\0488.wav,6
D:\VSCodeRepository\SceneZone-ANC\data\synth_noise\cls_6\0489.wav,6
D:\VSCodeRepository\SceneZone-ANC\data\synth_noise\cls_6\0490.wav,6
D:\VSCodeRepository\SceneZone-ANC\data\synth_noise\cls_6\0491.wav,6
D:\VSCodeRepository\SceneZone-ANC\data\synth_noise\cls_6\0492.wav,6
D:\VSCodeRepository\SceneZone-ANC\data\synth_noise\cls_6\0493.wav,6
D:\VSCodeRepository\SceneZone-ANC\data\synth_noise\cls_6\0494.wav,6
D:\VSCodeRepository\SceneZone-ANC\data\synth_noise\cls_6\0495.wav,6
D:\VSCodeRepository\SceneZone-ANC\data\synth_noise\cls_6\0496.wav,6
D:\VSCodeRepository\SceneZone-ANC\data\synth_noise\cls_6\0497.wav,6
D:\VSCodeRepository\SceneZone-ANC\data\synth_noise\cls_6\0498.wav,6
D:\VSCodeRepository\SceneZone-ANC\data\synth_noise\cls_6\0499.wav,6
D:\VSCodeRepository\SceneZone-ANC\data\synth_noise\cls_6\0500.wav,6
D:\VSCodeRepository\SceneZone-ANC\data\synth_noise\cls_6\0501.wav,6
D:\VSCodeRepository\SceneZone-ANC\data\synth_noise\cls_6\0502.wav,6
D:\VSCodeRepository\SceneZone-ANC\data\synth_noise\cls_6\0503.wav,6
D:\VSCodeRepository\SceneZone-ANC\data\synth_noise\cls_6\0504.wav,6
D:\VSCodeRepository\SceneZone-ANC\data\synth_noise\cls_6\0505.wav,6
D:\VSCodeRepository\SceneZone-ANC\data\synth_noise\cls_6\0506.wav,6
D:\VSCodeRepository\SceneZone-ANC\data\synth_noise\cls_6\0507.wav,6
D:\VSCodeRepository\SceneZone-ANC\data\synth_noise\cls_6\0508.wav,6
D:\VSCodeRepository\SceneZone-ANC\data\synth_noise\cls_6\0509.wav,6
D:\VSCodeRepository\SceneZone-ANC\data\synth_noise\cls_6\0510.wav,6
D:\VSCodeRepository\SceneZone-ANC\data\synth_noise\cls_6\0511.wav,6
D:\VSCodeRepository\SceneZone-ANC\data\synth_noise\cls_6\0512.wav,6
D:\VSCodeRepository\SceneZone-ANC\data\synth_noise\cls_6\0513.wav,6
D:\VSCodeRepository\SceneZone-ANC\data\synth_noise\cls_6\0514.wav,6
D:\VSCodeRepository\SceneZone-ANC\data\synth_noise\cls_6\0515.wav,6
D:\VSCodeRepository\SceneZone-ANC\data\synth_noise\cls_6\0516.wav,6
D:\VSCodeRepository\SceneZone-ANC\data\synth_noise\cls_6\0517.wav,6
D:\VSCodeRepository\SceneZone-ANC\data\synth_noise\cls_6\0518.wav,6
D:\VSCodeRepository\SceneZone-ANC\data\synth_noise\cls_6\0519.wav,6
D:\VSCodeRepository\SceneZone-ANC\data\synth_noise\cls_6\0520.wav,6
D:\VSCodeRepository\SceneZone-ANC\data\synth_noise\cls_6\0521.wav,6
D:\VSCodeRepository\SceneZone-ANC\data\synth_noise\cls_6\0522.wav,6
D:\VSCodeRepository\SceneZone-ANC\data\synth_noise\cls_6\0523.wav,6
D:\VSCodeRepository\SceneZone-ANC\data\synth_noise\cls_6\0524.wav,6
D:\VSCodeRepository\SceneZone-ANC\data\synth_noise\cls_6\0525.wav,6
D:\VSCodeRepository\SceneZone-ANC\data\synth_noise\cls_6\0526.wav,6
D:\VSCodeRepository\SceneZone-ANC\data\synth_noise\cls_6\0527.wav,6
D:\VSCodeRepository\SceneZone-ANC\data\synth_noise\cls_6\0528.wav,6
D:\VSCodeRepository\SceneZone-ANC\data\synth_noise\cls_6\0529.wav,6
D:\VSCodeRepository\SceneZone-ANC\data\synth_noise\cls_6\0530.wav,6
D:\VSCodeRepository\SceneZone-ANC\data\synth_noise\cls_6\0531.wav,6
D:\VSCodeRepository\SceneZone-ANC\data\synth_noise\cls_6\0532.wav,6
D:\VSCodeRepository\SceneZone-ANC\data\synth_noise\cls_6\0533.wav,6
D:\VSCodeRepository\SceneZone-ANC\data\synth_noise\cls_6\0534.wav,6
D:\VSCodeRepository\SceneZone-ANC\data\synth_noise\cls_6\0535.wav,6
D:\VSCodeRepository\SceneZone-ANC\data\synth_noise\cls_6\0536.wav,6
D:\VSCodeRepository\SceneZone-ANC\data\synth_noise\cls_6\0537.wav,6
D:\VSCodeRepository\SceneZone-ANC\data\synth_noise\cls_6\0538.wav,6
D:\VSCodeRepository\SceneZone-ANC\data\synth_noise\cls_6\0539.wav,6
D:\VSCodeRepository\SceneZone-ANC\data\synth_noise\cls_6\0540.wav,6
D:\VSCodeRepository\SceneZone-ANC\data\synth_noise\cls_6\0541.wav,6
D:\VSCodeRepository\SceneZone-ANC\data\synth_noise\cls_6\0542.wav,6
D:\VSCodeRepository\SceneZone-ANC\data\synth_noise\cls_6\0543.wav,6
D:\VSCodeRepository\SceneZone-ANC\data\synth_noise\cls_6\0544.wav,6
D:\VSCodeRepository\SceneZone-ANC\data\synth_noise\cls_6\0545.wav,6
D:\VSCodeRepository\SceneZone-ANC\data\synth_noise\cls_6\0546.wav,6
D:\VSCodeRepository\SceneZone-ANC\data\synth_noise\cls_6\0547.wav,6
D:\VSCodeRepository\SceneZone-ANC\data\synth_noise\cls_6\0548.wav,6
D:\VSCodeRepository\SceneZone-ANC\data\synth_noise\cls_6\0549.wav,6
D:\VSCodeRepository\SceneZone-ANC\data\synth_noise\cls_6\0550.wav,6
D:\VSCodeRepository\SceneZone-ANC\data\synth_noise\cls_6\0551.wav,6
D:\VSCodeRepository\SceneZone-ANC\data\synth_noise\cls_6\0552.wav,6
D:\VSCodeRepository\SceneZone-ANC\data\synth_noise\cls_6\0553.wav,6
D:\VSCodeRepository\SceneZone-ANC\data\synth_noise\cls_6\0554.wav,6
D:\VSCodeRepository\SceneZone-ANC\data\synth_noise\cls_6\0555.wav,6
D:\VSCodeRepository\SceneZone-ANC\data\synth_noise\cls_6\0556.wav,6
D:\VSCodeRepository\SceneZone-ANC\data\synth_noise\cls_6\0557.wav,6
D:\VSCodeRepository\SceneZone-ANC\data\synth_noise\cls_6\0558.wav,6
D:\VSCodeRepository\SceneZone-ANC\data\synth_noise\cls_6\0559.wav,6
D:\VSCodeRepository\SceneZone-ANC\data\synth_noise\cls_6\0560.wav,6
D:\VSCodeRepository\SceneZone-ANC\data\synth_noise\cls_6\0561.wav,6
D:\VSCodeRepository\SceneZone-ANC\data\synth_noise\cls_6\0562.wav,6
D:\VSCodeRepository\SceneZone-ANC\data\synth_noise\cls_6\0563.wav,6
D:\VSCodeRepository\SceneZone-ANC\data\synth_noise\cls_6\0564.wav,6
D:\VSCodeRepository\SceneZone-ANC\data\synth_noise\cls_6\0565.wav,6
D:\VSCodeRepository\SceneZone-ANC\data\synth_noise\cls_6\0566.wav,6
D:\VSCodeRepository\SceneZone-ANC\data\synth_noise\cls_6\0567.wav,6
D:\VSCodeRepository\SceneZone-ANC\data\synth_noise\cls_6\0568.wav,6
D:\VSCodeRepository\SceneZone-ANC\data\synth_noise\cls_6\0569.wav,6
D:\VSCodeRepository\SceneZone-ANC\data\synth_noise\cls_6\0570.wav,6
D:\VSCodeRepository\SceneZone-ANC\data\synth_noise\cls_6\0571.wav,6
D:\VSCodeRepository\SceneZone-ANC\data\synth_noise\cls_6\0572.wav,6
D:\VSCodeRepository\SceneZone-ANC\data\synth_noise\cls_6\0573.wav,6
D:\VSCodeRepository\SceneZone-ANC\data\synth_noise\cls_6\0574.wav,6
D:\VSCodeRepository\SceneZone-ANC\data\synth_noise\cls_6\0575.wav,6
D:\VSCodeRepository\SceneZone-ANC\data\synth_noise\cls_6\0576.wav,6
D:\VSCodeRepository\SceneZone-ANC\data\synth_noise\cls_6\0577.wav,6
D:\VSCodeRepository\SceneZone-ANC\data\synth_noise\cls_6\0578.wav,6
D:\VSCodeRepository\SceneZone-ANC\data\synth_noise\cls_6\0579.wav,6
D:\VSCodeRepository\SceneZone-ANC\data\synth_noise\cls_6\0580.wav,6
D:\VSCodeRepository\SceneZone-ANC\data\synth_noise\cls_6\0581.wav,6
D:\VSCodeRepository\SceneZone-ANC\data\synth_noise\cls_6\0582.wav,6
D:\VSCodeRepository\SceneZone-ANC\data\synth_noise\cls_6\0583.wav,6
D:\VSCodeRepository\SceneZone-ANC\data\synth_noise\cls_6\0584.wav,6
D:\VSCodeRepository\SceneZone-ANC\data\synth_noise\cls_6\0585.wav,6
D:\VSCodeRepository\SceneZone-ANC\data\synth_noise\cls_6\0586.wav,6
D:\VSCodeRepository\SceneZone-ANC\data\synth_noise\cls_6\0587.wav,6
D:\VSCodeRepository\SceneZone-ANC\data\synth_noise\cls_6\0588.wav,6
D:\VSCodeRepository\SceneZone-ANC\data\synth_noise\cls_6\0589.wav,6
D:\VSCodeRepository\SceneZone-ANC\data\synth_noise\cls_6\0590.wav,6
D:\VSCodeRepository\SceneZone-ANC\data\synth_noise\cls_6\0591.wav,6
D:\VSCodeRepository\SceneZone-ANC\data\synth_noise\cls_6\0592.wav,6
D:\VSCodeRepository\SceneZone-ANC\data\synth_noise\cls_6\0593.wav,6
D:\VSCodeRepository\SceneZone-ANC\data\synth_noise\cls_6\0594.wav,6
D:\VSCodeRepository\SceneZone-ANC\data\synth_noise\cls_6\0595.wav,6
D:\VSCodeRepository\SceneZone-ANC\data\synth_noise\cls_6\0596.wav,6
D:\VSCodeRepository\SceneZone-ANC\data\synth_noise\cls_6\0597.wav,6
D:\VSCodeRepository\SceneZone-ANC\data\synth_noise\cls_6\0598.wav,6
D:\VSCodeRepository\SceneZone-ANC\data\synth_noise\cls_6\0599.wav,6
D:\VSCodeRepository\SceneZone-ANC\data\synth_noise\cls_6\0600.wav,6
D:\VSCodeRepository\SceneZone-ANC\data\synth_noise\cls_6\0601.wav,6
D:\VSCodeRepository\SceneZone-ANC\data\synth_noise\cls_6\0602.wav,6
D:\VSCodeRepository\SceneZone-ANC\data\synth_noise\cls_6\0603.wav,6
D:\VSCodeRepository\SceneZone-ANC\data\synth_noise\cls_6\0604.wav,6
D:\VSCodeRepository\SceneZone-ANC\data\synth_noise\cls_6\0605.wav,6
D:\VSCodeRepository\SceneZone-ANC\data\synth_noise\cls_6\0606.wav,6
D:\VSCodeRepository\SceneZone-ANC\data\synth_noise\cls_6\0607.wav,6
D:\VSCodeRepository\SceneZone-ANC\data\synth_noise\cls_6\0608.wav,6
D:\VSCodeRepository\SceneZone-ANC\data\synth_noise\cls_6\0609.wav,6
D:\VSCodeRepository\SceneZone-ANC\data\synth_noise\cls_6\0610.wav,6
D:\VSCodeRepository\SceneZone-ANC\data\synth_noise\cls_6\0611.wav,6
D:\VSCodeRepository\SceneZone-ANC\data\synth_noise\cls_6\0612.wav,6
D:\VSCodeRepository\SceneZone-ANC\data\synth_noise\cls_6\0613.wav,6
D:\VSCodeRepository\SceneZone-ANC\data\synth_noise\cls_6\0614.wav,6
D:\VSCodeRepository\SceneZone-ANC\data\synth_noise\cls_6\0615.wav,6
D:\VSCodeRepository\SceneZone-ANC\data\synth_noise\cls_6\0616.wav,6
D:\VSCodeRepository\SceneZone-ANC\data\synth_noise\cls_6\0617.wav,6
D:\VSCodeRepository\SceneZone-ANC\data\synth_noise\cls_6\0618.wav,6
D:\VSCodeRepository\SceneZone-ANC\data\synth_noise\cls_6\0619.wav,6
D:\VSCodeRepository\SceneZone-ANC\data\synth_noise\cls_6\0620.wav,6
D:\VSCodeRepository\SceneZone-ANC\data\synth_noise\cls_6\0621.wav,6
D:\VSCodeRepository\SceneZone-ANC\data\synth_noise\cls_6\0622.wav,6
D:\VSCodeRepository\SceneZone-ANC\data\synth_noise\cls_6\0623.wav,6
D:\VSCodeRepository\SceneZone-ANC\data\synth_noise\cls_6\0624.wav,6
D:\VSCodeRepository\SceneZone-ANC\data\synth_noise\cls_6\0625.wav,6
D:\VSCodeRepository\SceneZone-ANC\data\synth_noise\cls_6\0626.wav,6
D:\VSCodeRepository\SceneZone-ANC\data\synth_noise\cls_6\0627.wav,6
D:\VSCodeRepository\SceneZone-ANC\data\synth_noise\cls_6\0628.wav,6
D:\VSCodeRepository\SceneZone-ANC\data\synth_noise\cls_6\0629.wav,6
D:\VSCodeRepository\SceneZone-ANC\data\synth_noise\cls_6\0630.wav,6
D:\VSCodeRepository\SceneZone-ANC\data\synth_noise\cls_6\0631.wav,6
D:\VSCodeRepository\SceneZone-ANC\data\synth_noise\cls_6\0632.wav,6
D:\VSCodeRepository\SceneZone-ANC\data\synth_noise\cls_6\0633.wav,6
D:\VSCodeRepository\SceneZone-ANC\data\synth_noise\cls_6\0634.wav,6
D:\VSCodeRepository\SceneZone-ANC\data\synth_noise\cls_6\0635.wav,6
D:\VSCodeRepository\SceneZone-ANC\data\synth_noise\cls_6\0636.wav,6
D:\VSCodeRepository\SceneZone-ANC\data\synth_noise\cls_6\0637.wav,6
D:\VSCodeRepository\SceneZone-ANC\data\synth_noise\cls_6\0638.wav,6
D:\VSCodeRepository\SceneZone-ANC\data\synth_noise\cls_6\0639.wav,6
D:\VSCodeRepository\SceneZone-ANC\data\synth_noise\cls_6\0640.wav,6
D:\VSCodeRepository\SceneZone-ANC\data\synth_noise\cls_6\0641.wav,6
D:\VSCodeRepository\SceneZone-ANC\data\synth_noise\cls_6\0642.wav,6
D:\VSCodeRepository\SceneZone-ANC\data\synth_noise\cls_6\0643.wav,6
D:\VSCodeRepository\SceneZone-ANC\data\synth_noise\cls_6\0644.wav,6
D:\VSCodeRepository\SceneZone-ANC\data\synth_noise\cls_6\0645.wav,6
D:\VSCodeRepository\SceneZone-ANC\data\synth_noise\cls_6\0646.wav,6
D:\VSCodeRepository\SceneZone-ANC\data\synth_noise\cls_6\0647.wav,6
D:\VSCodeRepository\SceneZone-ANC\data\synth_noise\cls_6\0648.wav,6
D:\VSCodeRepository\SceneZone-ANC\data\synth_noise\cls_6\0649.wav,6
D:\VSCodeRepository\SceneZone-ANC\data\synth_noise\cls_6\0650.wav,6
D:\VSCodeRepository\SceneZone-ANC\data\synth_noise\cls_6\0651.wav,6
D:\VSCodeRepository\SceneZone-ANC\data\synth_noise\cls_6\0652.wav,6
D:\VSCodeRepository\SceneZone-ANC\data\synth_noise\cls_6\0653.wav,6
D:\VSCodeRepository\SceneZone-ANC\data\synth_noise\cls_6\0654.wav,6
D:\VSCodeRepository\SceneZone-ANC\data\synth_noise\cls_6\0655.wav,6
D:\VSCodeRepository\SceneZone-ANC\data\synth_noise\cls_6\0656.wav,6
D:\VSCodeRepository\SceneZone-ANC\data\synth_noise\cls_6\0657.wav,6
D:\VSCodeRepository\SceneZone-ANC\data\synth_noise\cls_6\0658.wav,6
D:\VSCodeRepository\SceneZone-ANC\data\synth_noise\cls_6\0659.wav,6
D:\VSCodeRepository\SceneZone-ANC\data\synth_noise\cls_6\0660.wav,6
D:\VSCodeRepository\SceneZone-ANC\data\synth_noise\cls_6\0661.wav,6
D:\VSCodeRepository\SceneZone-ANC\data\synth_noise\cls_6\0662.wav,6
D:\VSCodeRepository\SceneZone-ANC\data\synth_noise\cls_6\0663.wav,6
D:\VSCodeRepository\SceneZone-ANC\data\synth_noise\cls_6\0664.wav,6
D:\VSCodeRepository\SceneZone-ANC\data\synth_noise\cls_6\0665.wav,6
D:\VSCodeRepository\SceneZone-ANC\data\synth_noise\cls_6\0666.wav,6
D:\VSCodeRepository\SceneZone-ANC\data\synth_noise\cls_6\0667.wav,6
D:\VSCodeRepository\SceneZone-ANC\data\synth_noise\cls_6\0668.wav,6
D:\VSCodeRepository\SceneZone-ANC\data\synth_noise\cls_6\0669.wav,6
D:\VSCodeRepository\SceneZone-ANC\data\synth_noise\cls_6\0670.wav,6
D:\VSCodeRepository\SceneZone-ANC\data\synth_noise\cls_6\0671.wav,6
D:\VSCodeRepository\SceneZone-ANC\data\synth_noise\cls_6\0672.wav,6
D:\VSCodeRepository\SceneZone-ANC\data\synth_noise\cls_6\0673.wav,6
D:\VSCodeRepository\SceneZone-ANC\data\synth_noise\cls_6\0674.wav,6
D:\VSCodeRepository\SceneZone-ANC\data\synth_noise\cls_6\0675.wav,6
D:\VSCodeRepository\SceneZone-ANC\data\synth_noise\cls_6\0676.wav,6
D:\VSCodeRepository\SceneZone-ANC\data\synth_noise\cls_6\0677.wav,6
D:\VSCodeRepository\SceneZone-ANC\data\synth_noise\cls_6\0678.wav,6
D:\VSCodeRepository\SceneZone-ANC\data\synth_noise\cls_6\0679.wav,6
D:\VSCodeRepository\SceneZone-ANC\data\synth_noise\cls_6\0680.wav,6
D:\VSCodeRepository\SceneZone-ANC\data\synth_noise\cls_6\0681.wav,6
D:\VSCodeRepository\SceneZone-ANC\data\synth_noise\cls_6\0682.wav,6
D:\VSCodeRepository\SceneZone-ANC\data\synth_noise\cls_6\0683.wav,6
D:\VSCodeRepository\SceneZone-ANC\data\synth_noise\cls_6\0684.wav,6
D:\VSCodeRepository\SceneZone-ANC\data\synth_noise\cls_6\0685.wav,6
D:\VSCodeRepository\SceneZone-ANC\data\synth_noise\cls_6\0686.wav,6
D:\VSCodeRepository\SceneZone-ANC\data\synth_noise\cls_6\0687.wav,6
D:\VSCodeRepository\SceneZone-ANC\data\synth_noise\cls_6\0688.wav,6
D:\VSCodeRepository\SceneZone-ANC\data\synth_noise\cls_6\0689.wav,6
D:\VSCodeRepository\SceneZone-ANC\data\synth_noise\cls_6\0690.wav,6
D:\VSCodeRepository\SceneZone-ANC\data\synth_noise\cls_6\0691.wav,6
D:\VSCodeRepository\SceneZone-ANC\data\synth_noise\cls_6\0692.wav,6
D:\VSCodeRepository\SceneZone-ANC\data\synth_noise\cls_6\0693.wav,6
D:\VSCodeRepository\SceneZone-ANC\data\synth_noise\cls_6\0694.wav,6
D:\VSCodeRepository\SceneZone-ANC\data\synth_noise\cls_6\0695.wav,6
D:\VSCodeRepository\SceneZone-ANC\data\synth_noise\cls_6\0696.wav,6
D:\VSCodeRepository\SceneZone-ANC\data\synth_noise\cls_6\0697.wav,6
D:\VSCodeRepository\SceneZone-ANC\data\synth_noise\cls_6\0698.wav,6
D:\VSCodeRepository\SceneZone-ANC\data\synth_noise\cls_6\0699.wav,6
D:\VSCodeRepository\SceneZone-ANC\data\synth_noise\cls_6\0700.wav,6
D:\VSCodeRepository\SceneZone-ANC\data\synth_noise\cls_6\0701.wav,6
D:\VSCodeRepository\SceneZone-ANC\data\synth_noise\cls_6\0702.wav,6
D:\VSCodeRepository\SceneZone-ANC\data\synth_noise\cls_6\0703.wav,6
D:\VSCodeRepository\SceneZone-ANC\data\synth_noise\cls_6\0704.wav,6
D:\VSCodeRepository\SceneZone-ANC\data\synth_noise\cls_6\0705.wav,6
D:\VSCodeRepository\SceneZone-ANC\data\synth_noise\cls_6\0706.wav,6
D:\VSCodeRepository\SceneZone-ANC\data\synth_noise\cls_6\0707.wav,6
D:\VSCodeRepository\SceneZone-ANC\data\synth_noise\cls_6\0708.wav,6
D:\VSCodeRepository\SceneZone-ANC\data\synth_noise\cls_6\0709.wav,6
D:\VSCodeRepository\SceneZone-ANC\data\synth_noise\cls_6\0710.wav,6
D:\VSCodeRepository\SceneZone-ANC\data\synth_noise\cls_6\0711.wav,6
D:\VSCodeRepository\SceneZone-ANC\data\synth_noise\cls_6\0712.wav,6
D:\VSCodeRepository\SceneZone-ANC\data\synth_noise\cls_6\0713.wav,6
D:\VSCodeRepository\SceneZone-ANC\data\synth_noise\cls_6\0714.wav,6
D:\VSCodeRepository\SceneZone-ANC\data\synth_noise\cls_6\0715.wav,6
D:\VSCodeRepository\SceneZone-ANC\data\synth_noise\cls_6\0716.wav,6
D:\VSCodeRepository\SceneZone-ANC\data\synth_noise\cls_6\0717.wav,6
D:\VSCodeRepository\SceneZone-ANC\data\synth_noise\cls_6\0718.wav,6
D:\VSCodeRepository\SceneZone-ANC\data\synth_noise\cls_6\0719.wav,6
D:\VSCodeRepository\SceneZone-ANC\data\synth_noise\cls_6\0720.wav,6
D:\VSCodeRepository\SceneZone-ANC\data\synth_noise\cls_6\0721.wav,6
D:\VSCodeRepository\SceneZone-ANC\data\synth_noise\cls_6\0722.wav,6
D:\VSCodeRepository\SceneZone-ANC\data\synth_noise\cls_6\0723.wav,6
D:\VSCodeRepository\SceneZone-ANC\data\synth_noise\cls_6\0724.wav,6
D:\VSCodeRepository\SceneZone-ANC\data\synth_noise\cls_6\0725.wav,6
D:\VSCodeRepository\SceneZone-ANC\data\synth_noise\cls_6\0726.wav,6
D:\VSCodeRepository\SceneZone-ANC\data\synth_noise\cls_6\0727.wav,6
D:\VSCodeRepository\SceneZone-ANC\data\synth_noise\cls_6\0728.wav,6
D:\VSCodeRepository\SceneZone-ANC\data\synth_noise\cls_6\0729.wav,6
D:\VSCodeRepository\SceneZone-ANC\data\synth_noise\cls_6\0730.wav,6
D:\VSCodeRepository\SceneZone-ANC\data\synth_noise\cls_6\0731.wav,6
D:\VSCodeRepository\SceneZone-ANC\data\synth_noise\cls_6\0732.wav,6
D:\VSCodeRepository\SceneZone-ANC\data\synth_noise\cls_6\0733.wav,6
D:\VSCodeRepository\SceneZone-ANC\data\synth_noise\cls_6\0734.wav,6
D:\VSCodeRepository\SceneZone-ANC\data\synth_noise\cls_6\0735.wav,6
D:\VSCodeRepository\SceneZone-ANC\data\synth_noise\cls_6\0736.wav,6
D:\VSCodeRepository\SceneZone-ANC\data\synth_noise\cls_6\0737.wav,6
D:\VSCodeRepository\SceneZone-ANC\data\synth_noise\cls_6\0738.wav,6
D:\VSCodeRepository\SceneZone-ANC\data\synth_noise\cls_6\0739.wav,6
D:\VSCodeRepository\SceneZone-ANC\data\synth_noise\cls_6\0740.wav,6
D:\VSCodeRepository\SceneZone-ANC\data\synth_noise\cls_6\0741.wav,6
D:\VSCodeRepository\SceneZone-ANC\data\synth_noise\cls_6\0742.wav,6
D:\VSCodeRepository\SceneZone-ANC\data\synth_noise\cls_6\0743.wav,6
D:\VSCodeRepository\SceneZone-ANC\data\synth_noise\cls_6\0744.wav,6
D:\VSCodeRepository\SceneZone-ANC\data\synth_noise\cls_6\0745.wav,6
D:\VSCodeRepository\SceneZone-ANC\data\synth_noise\cls_6\0746.wav,6
D:\VSCodeRepository\SceneZone-ANC\data\synth_noise\cls_6\0747.wav,6
D:\VSCodeRepository\SceneZone-ANC\data\synth_noise\cls_6\0748.wav,6
D:\VSCodeRepository\SceneZone-ANC\data\synth_noise\cls_6\0749.wav,6
D:\VSCodeRepository\SceneZone-ANC\data\synth_noise\cls_6\0750.wav,6
D:\VSCodeRepository\SceneZone-ANC\data\synth_noise\cls_6\0751.wav,6
D:\VSCodeRepository\SceneZone-ANC\data\synth_noise\cls_6\0752.wav,6
D:\VSCodeRepository\SceneZone-ANC\data\synth_noise\cls_6\0753.wav,6
D:\VSCodeRepository\SceneZone-ANC\data\synth_noise\cls_6\0754.wav,6
D:\VSCodeRepository\SceneZone-ANC\data\synth_noise\cls_6\0755.wav,6
D:\VSCodeRepository\SceneZone-ANC\data\synth_noise\cls_6\0756.wav,6
D:\VSCodeRepository\SceneZone-ANC\data\synth_noise\cls_6\0757.wav,6
D:\VSCodeRepository\SceneZone-ANC\data\synth_noise\cls_6\0758.wav,6
D:\VSCodeRepository\SceneZone-ANC\data\synth_noise\cls_6\0759.wav,6
D:\VSCodeRepository\SceneZone-ANC\data\synth_noise\cls_6\0760.wav,6
D:\VSCodeRepository\SceneZone-ANC\data\synth_noise\cls_6\0761.wav,6
D:\VSCodeRepository\SceneZone-ANC\data\synth_noise\cls_6\0762.wav,6
D:\VSCodeRepository\SceneZone-ANC\data\synth_noise\cls_6\0763.wav,6
D:\VSCodeRepository\SceneZone-ANC\data\synth_noise\cls_6\0764.wav,6
D:\VSCodeRepository\SceneZone-ANC\data\synth_noise\cls_6\0765.wav,6
D:\VSCodeRepository\SceneZone-ANC\data\synth_noise\cls_6\0766.wav,6
D:\VSCodeRepository\SceneZone-ANC\data\synth_noise\cls_6\0767.wav,6
D:\VSCodeRepository\SceneZone-ANC\data\synth_noise\cls_6\0768.wav,6
D:\VSCodeRepository\SceneZone-ANC\data\synth_noise\cls_6\0769.wav,6
D:\VSCodeRepository\SceneZone-ANC\data\synth_noise\cls_6\0770.wav,6
D:\VSCodeRepository\SceneZone-ANC\data\synth_noise\cls_6\0771.wav,6
D:\VSCodeRepository\SceneZone-ANC\data\synth_noise\cls_6\0772.wav,6
D:\VSCodeRepository\SceneZone-ANC\data\synth_noise\cls_6\0773.wav,6
D:\VSCodeRepository\SceneZone-ANC\data\synth_noise\cls_6\0774.wav,6
D:\VSCodeRepository\SceneZone-ANC\data\synth_noise\cls_6\0775.wav,6
D:\VSCodeRepository\SceneZone-ANC\data\synth_noise\cls_6\0776.wav,6
D:\VSCodeRepository\SceneZone-ANC\data\synth_noise\cls_6\0777.wav,6
D:\VSCodeRepository\SceneZone-ANC\data\synth_noise\cls_6\0778.wav,6
D:\VSCodeRepository\SceneZone-ANC\data\synth_noise\cls_6\0779.wav,6
D:\VSCodeRepository\SceneZone-ANC\data\synth_noise\cls_6\0780.wav,6
D:\VSCodeRepository\SceneZone-ANC\data\synth_noise\cls_6\0781.wav,6
D:\VSCodeRepository\SceneZone-ANC\data\synth_noise\cls_6\0782.wav,6
D:\VSCodeRepository\SceneZone-ANC\data\synth_noise\cls_6\0783.wav,6
D:\VSCodeRepository\SceneZone-ANC\data\synth_noise\cls_6\0784.wav,6
D:\VSCodeRepository\SceneZone-ANC\data\synth_noise\cls_6\0785.wav,6
D:\VSCodeRepository\SceneZone-ANC\data\synth_noise\cls_6\0786.wav,6
D:\VSCodeRepository\SceneZone-ANC\data\synth_noise\cls_6\0787.wav,6
D:\VSCodeRepository\SceneZone-ANC\data\synth_noise\cls_6\0788.wav,6
D:\VSCodeRepository\SceneZone-ANC\data\synth_noise\cls_6\0789.wav,6
D:\VSCodeRepository\SceneZone-ANC\data\synth_noise\cls_6\0790.wav,6
D:\VSCodeRepository\SceneZone-ANC\data\synth_noise\cls_6\0791.wav,6
D:\VSCodeRepository\SceneZone-ANC\data\synth_noise\cls_6\0792.wav,6
D:\VSCodeRepository\SceneZone-ANC\data\synth_noise\cls_6\0793.wav,6
D:\VSCodeRepository\SceneZone-ANC\data\synth_noise\cls_6\0794.wav,6
D:\VSCodeRepository\SceneZone-ANC\data\synth_noise\cls_6\0795.wav,6
D:\VSCodeRepository\SceneZone-ANC\data\synth_noise\cls_6\0796.wav,6
D:\VSCodeRepository\SceneZone-ANC\data\synth_noise\cls_6\0797.wav,6
D:\VSCodeRepository\SceneZone-ANC\data\synth_noise\cls_6\0798.wav,6
D:\VSCodeRepository\SceneZone-ANC\data\synth_noise\cls_6\0799.wav,6
D:\VSCodeRepository\SceneZone-ANC\data\synth_noise\cls_6\0800.wav,6
D:\VSCodeRepository\SceneZone-ANC\data\synth_noise\cls_6\0801.wav,6
D:\VSCodeRepository\SceneZone-ANC\data\synth_noise\cls_6\0802.wav,6
D:\VSCodeRepository\SceneZone-ANC\data\synth_noise\cls_6\0803.wav,6
D:\VSCodeRepository\SceneZone-ANC\data\synth_noise\cls_6\0804.wav,6
D:\VSCodeRepository\SceneZone-ANC\data\synth_noise\cls_6\0805.wav,6
D:\VSCodeRepository\SceneZone-ANC\data\synth_noise\cls_6\0806.wav,6
D:\VSCodeRepository\SceneZone-ANC\data\synth_noise\cls_6\0807.wav,6
D:\VSCodeRepository\SceneZone-ANC\data\synth_noise\cls_6\0808.wav,6
D:\VSCodeRepository\SceneZone-ANC\data\synth_noise\cls_6\0809.wav,6
D:\VSCodeRepository\SceneZone-ANC\data\synth_noise\cls_6\0810.wav,6
D:\VSCodeRepository\SceneZone-ANC\data\synth_noise\cls_6\0811.wav,6
D:\VSCodeRepository\SceneZone-ANC\data\synth_noise\cls_6\0812.wav,6
D:\VSCodeRepository\SceneZone-ANC\data\synth_noise\cls_6\0813.wav,6
D:\VSCodeRepository\SceneZone-ANC\data\synth_noise\cls_6\0814.wav,6
D:\VSCodeRepository\SceneZone-ANC\data\synth_noise\cls_6\0815.wav,6
D:\VSCodeRepository\SceneZone-ANC\data\synth_noise\cls_6\0816.wav,6
D:\VSCodeRepository\SceneZone-ANC\data\synth_noise\cls_6\0817.wav,6
D:\VSCodeRepository\SceneZone-ANC\data\synth_noise\cls_6\0818.wav,6
D:\VSCodeRepository\SceneZone-ANC\data\synth_noise\cls_6\0819.wav,6
D:\VSCodeRepository\SceneZone-ANC\data\synth_noise\cls_6\0820.wav,6
D:\VSCodeRepository\SceneZone-ANC\data\synth_noise\cls_6\0821.wav,6
D:\VSCodeRepository\SceneZone-ANC\data\synth_noise\cls_6\0822.wav,6
D:\VSCodeRepository\SceneZone-ANC\data\synth_noise\cls_6\0823.wav,6
D:\VSCodeRepository\SceneZone-ANC\data\synth_noise\cls_6\0824.wav,6
D:\VSCodeRepository\SceneZone-ANC\data\synth_noise\cls_6\0825.wav,6
D:\VSCodeRepository\SceneZone-ANC\data\synth_noise\cls_6\0826.wav,6
D:\VSCodeRepository\SceneZone-ANC\data\synth_noise\cls_6\0827.wav,6
D:\VSCodeRepository\SceneZone-ANC\data\synth_noise\cls_6\0828.wav,6
D:\VSCodeRepository\SceneZone-ANC\data\synth_noise\cls_6\0829.wav,6
D:\VSCodeRepository\SceneZone-ANC\data\synth_noise\cls_6\0830.wav,6
D:\VSCodeRepository\SceneZone-ANC\data\synth_noise\cls_6\0831.wav,6
D:\VSCodeRepository\SceneZone-ANC\data\synth_noise\cls_6\0832.wav,6
D:\VSCodeRepository\SceneZone-ANC\data\synth_noise\cls_6\0833.wav,6
D:\VSCodeRepository\SceneZone-ANC\data\synth_noise\cls_6\0834.wav,6
D:\VSCodeRepository\SceneZone-ANC\data\synth_noise\cls_6\0835.wav,6
D:\VSCodeRepository\SceneZone-ANC\data\synth_noise\cls_6\0836.wav,6
D:\VSCodeRepository\SceneZone-ANC\data\synth_noise\cls_6\0837.wav,6
D:\VSCodeRepository\SceneZone-ANC\data\synth_noise\cls_6\0838.wav,6
D:\VSCodeRepository\SceneZone-ANC\data\synth_noise\cls_6\0839.wav,6
D:\VSCodeRepository\SceneZone-ANC\data\synth_noise\cls_6\0840.wav,6
D:\VSCodeRepository\SceneZone-ANC\data\synth_noise\cls_6\0841.wav,6
D:\VSCodeRepository\SceneZone-ANC\data\synth_noise\cls_6\0842.wav,6
D:\VSCodeRepository\SceneZone-ANC\data\synth_noise\cls_6\0843.wav,6
D:\VSCodeRepository\SceneZone-ANC\data\synth_noise\cls_6\0844.wav,6
D:\VSCodeRepository\SceneZone-ANC\data\synth_noise\cls_6\0845.wav,6
D:\VSCodeRepository\SceneZone-ANC\data\synth_noise\cls_6\0846.wav,6
D:\VSCodeRepository\SceneZone-ANC\data\synth_noise\cls_6\0847.wav,6
D:\VSCodeRepository\SceneZone-ANC\data\synth_noise\cls_6\0848.wav,6
D:\VSCodeRepository\SceneZone-ANC\data\synth_noise\cls_6\0849.wav,6
D:\VSCodeRepository\SceneZone-ANC\data\synth_noise\cls_6\0850.wav,6
D:\VSCodeRepository\SceneZone-ANC\data\synth_noise\cls_6\0851.wav,6
D:\VSCodeRepository\SceneZone-ANC\data\synth_noise\cls_6\0852.wav,6
D:\VSCodeRepository\SceneZone-ANC\data\synth_noise\cls_6\0853.wav,6
D:\VSCodeRepository\SceneZone-ANC\data\synth_noise\cls_6\0854.wav,6
D:\VSCodeRepository\SceneZone-ANC\data\synth_noise\cls_6\0855.wav,6
D:\VSCodeRepository\SceneZone-ANC\data\synth_noise\cls_6\0856.wav,6
D:\VSCodeRepository\SceneZone-ANC\data\synth_noise\cls_6\0857.wav,6
D:\VSCodeRepository\SceneZone-ANC\data\synth_noise\cls_6\0858.wav,6
D:\VSCodeRepository\SceneZone-ANC\data\synth_noise\cls_6\0859.wav,6
D:\VSCodeRepository\SceneZone-ANC\data\synth_noise\cls_6\0860.wav,6
D:\VSCodeRepository\SceneZone-ANC\data\synth_noise\cls_6\0861.wav,6
D:\VSCodeRepository\SceneZone-ANC\data\synth_noise\cls_6\0862.wav,6
D:\VSCodeRepository\SceneZone-ANC\data\synth_noise\cls_6\0863.wav,6
D:\VSCodeRepository\SceneZone-ANC\data\synth_noise\cls_6\0864.wav,6
D:\VSCodeRepository\SceneZone-ANC\data\synth_noise\cls_6\0865.wav,6
D:\VSCodeRepository\SceneZone-ANC\data\synth_noise\cls_6\0866.wav,6
D:\VSCodeRepository\SceneZone-ANC\data\synth_noise\cls_6\0867.wav,6
D:\VSCodeRepository\SceneZone-ANC\data\synth_noise\cls_6\0868.wav,6
D:\VSCodeRepository\SceneZone-ANC\data\synth_noise\cls_6\0869.wav,6
D:\VSCodeRepository\SceneZone-ANC\data\synth_noise\cls_6\0870.wav,6
D:\VSCodeRepository\SceneZone-ANC\data\synth_noise\cls_6\0871.wav,6
D:\VSCodeRepository\SceneZone-ANC\data\synth_noise\cls_6\0872.wav,6
D:\VSCodeRepository\SceneZone-ANC\data\synth_noise\cls_6\0873.wav,6
D:\VSCodeRepository\SceneZone-ANC\data\synth_noise\cls_6\0874.wav,6
D:\VSCodeRepository\SceneZone-ANC\data\synth_noise\cls_6\0875.wav,6
D:\VSCodeRepository\SceneZone-ANC\data\synth_noise\cls_6\0876.wav,6
D:\VSCodeRepository\SceneZone-ANC\data\synth_noise\cls_6\0877.wav,6
D:\VSCodeRepository\SceneZone-ANC\data\synth_noise\cls_6\0878.wav,6
D:\VSCodeRepository\SceneZone-ANC\data\synth_noise\cls_6\0879.wav,6
D:\VSCodeRepository\SceneZone-ANC\data\synth_noise\cls_6\0880.wav,6
D:\VSCodeRepository\SceneZone-ANC\data\synth_noise\cls_6\0881.wav,6
D:\VSCodeRepository\SceneZone-ANC\data\synth_noise\cls_6\0882.wav,6
D:\VSCodeRepository\SceneZone-ANC\data\synth_noise\cls_6\0883.wav,6
D:\VSCodeRepository\SceneZone-ANC\data\synth_noise\cls_6\0884.wav,6
D:\VSCodeRepository\SceneZone-ANC\data\synth_noise\cls_6\0885.wav,6
D:\VSCodeRepository\SceneZone-ANC\data\synth_noise\cls_6\0886.wav,6
D:\VSCodeRepository\SceneZone-ANC\data\synth_noise\cls_6\0887.wav,6
D:\VSCodeRepository\SceneZone-ANC\data\synth_noise\cls_6\0888.wav,6
D:\VSCodeRepository\SceneZone-ANC\data\synth_noise\cls_6\0889.wav,6
D:\VSCodeRepository\SceneZone-ANC\data\synth_noise\cls_6\0890.wav,6
D:\VSCodeRepository\SceneZone-ANC\data\synth_noise\cls_6\0891.wav,6
D:\VSCodeRepository\SceneZone-ANC\data\synth_noise\cls_6\0892.wav,6
D:\VSCodeRepository\SceneZone-ANC\data\synth_noise\cls_6\0893.wav,6
D:\VSCodeRepository\SceneZone-ANC\data\synth_noise\cls_6\0894.wav,6
D:\VSCodeRepository\SceneZone-ANC\data\synth_noise\cls_6\0895.wav,6
D:\VSCodeRepository\SceneZone-ANC\data\synth_noise\cls_6\0896.wav,6
D:\VSCodeRepository\SceneZone-ANC\data\synth_noise\cls_6\0897.wav,6
D:\VSCodeRepository\SceneZone-ANC\data\synth_noise\cls_6\0898.wav,6
D:\VSCodeRepository\SceneZone-ANC\data\synth_noise\cls_6\0899.wav,6
D:\VSCodeRepository\SceneZone-ANC\data\synth_noise\cls_6\0900.wav,6
D:\VSCodeRepository\SceneZone-ANC\data\synth_noise\cls_6\0901.wav,6
D:\VSCodeRepository\SceneZone-ANC\data\synth_noise\cls_6\0902.wav,6
D:\VSCodeRepository\SceneZone-ANC\data\synth_noise\cls_6\0903.wav,6
D:\VSCodeRepository\SceneZone-ANC\data\synth_noise\cls_6\0904.wav,6
D:\VSCodeRepository\SceneZone-ANC\data\synth_noise\cls_6\0905.wav,6
D:\VSCodeRepository\SceneZone-ANC\data\synth_noise\cls_6\0906.wav,6
D:\VSCodeRepository\SceneZone-ANC\data\synth_noise\cls_6\0907.wav,6
D:\VSCodeRepository\SceneZone-ANC\data\synth_noise\cls_6\0908.wav,6
D:\VSCodeRepository\SceneZone-ANC\data\synth_noise\cls_6\0909.wav,6
D:\VSCodeRepository\SceneZone-ANC\data\synth_noise\cls_6\0910.wav,6
D:\VSCodeRepository\SceneZone-ANC\data\synth_noise\cls_6\0911.wav,6
D:\VSCodeRepository\SceneZone-ANC\data\synth_noise\cls_6\0912.wav,6
D:\VSCodeRepository\SceneZone-ANC\data\synth_noise\cls_6\0913.wav,6
D:\VSCodeRepository\SceneZone-ANC\data\synth_noise\cls_6\0914.wav,6
D:\VSCodeRepository\SceneZone-ANC\data\synth_noise\cls_6\0915.wav,6
D:\VSCodeRepository\SceneZone-ANC\data\synth_noise\cls_6\0916.wav,6
D:\VSCodeRepository\SceneZone-ANC\data\synth_noise\cls_6\0917.wav,6
D:\VSCodeRepository\SceneZone-ANC\data\synth_noise\cls_6\0918.wav,6
D:\VSCodeRepository\SceneZone-ANC\data\synth_noise\cls_6\0919.wav,6
D:\VSCodeRepository\SceneZone-ANC\data\synth_noise\cls_6\0920.wav,6
D:\VSCodeRepository\SceneZone-ANC\data\synth_noise\cls_6\0921.wav,6
D:\VSCodeRepository\SceneZone-ANC\data\synth_noise\cls_6\0922.wav,6
D:\VSCodeRepository\SceneZone-ANC\data\synth_noise\cls_6\0923.wav,6
D:\VSCodeRepository\SceneZone-ANC\data\synth_noise\cls_6\0924.wav,6
D:\VSCodeRepository\SceneZone-ANC\data\synth_noise\cls_6\0925.wav,6
D:\VSCodeRepository\SceneZone-ANC\data\synth_noise\cls_6\0926.wav,6
D:\VSCodeRepository\SceneZone-ANC\data\synth_noise\cls_6\0927.wav,6
D:\VSCodeRepository\SceneZone-ANC\data\synth_noise\cls_6\0928.wav,6
D:\VSCodeRepository\SceneZone-ANC\data\synth_noise\cls_6\0929.wav,6
D:\VSCodeRepository\SceneZone-ANC\data\synth_noise\cls_6\0930.wav,6
D:\VSCodeRepository\SceneZone-ANC\data\synth_noise\cls_6\0931.wav,6
D:\VSCodeRepository\SceneZone-ANC\data\synth_noise\cls_6\0932.wav,6
D:\VSCodeRepository\SceneZone-ANC\data\synth_noise\cls_6\0933.wav,6
D:\VSCodeRepository\SceneZone-ANC\data\synth_noise\cls_6\0934.wav,6
D:\VSCodeRepository\SceneZone-ANC\data\synth_noise\cls_6\0935.wav,6
D:\VSCodeRepository\SceneZone-ANC\data\synth_noise\cls_6\0936.wav,6
D:\VSCodeRepository\SceneZone-ANC\data\synth_noise\cls_6\0937.wav,6
D:\VSCodeRepository\SceneZone-ANC\data\synth_noise\cls_6\0938.wav,6
D:\VSCodeRepository\SceneZone-ANC\data\synth_noise\cls_6\0939.wav,6
D:\VSCodeRepository\SceneZone-ANC\data\synth_noise\cls_6\0940.wav,6
D:\VSCodeRepository\SceneZone-ANC\data\synth_noise\cls_6\0941.wav,6
D:\VSCodeRepository\SceneZone-ANC\data\synth_noise\cls_6\0942.wav,6
D:\VSCodeRepository\SceneZone-ANC\data\synth_noise\cls_6\0943.wav,6
D:\VSCodeRepository\SceneZone-ANC\data\synth_noise\cls_6\0944.wav,6
D:\VSCodeRepository\SceneZone-ANC\data\synth_noise\cls_6\0945.wav,6
D:\VSCodeRepository\SceneZone-ANC\data\synth_noise\cls_6\0946.wav,6
D:\VSCodeRepository\SceneZone-ANC\data\synth_noise\cls_6\0947.wav,6
D:\VSCodeRepository\SceneZone-ANC\data\synth_noise\cls_6\0948.wav,6
D:\VSCodeRepository\SceneZone-ANC\data\synth_noise\cls_6\0949.wav,6
D:\VSCodeRepository\SceneZone-ANC\data\synth_noise\cls_6\0950.wav,6
D:\VSCodeRepository\SceneZone-ANC\data\synth_noise\cls_6\0951.wav,6
D:\VSCodeRepository\SceneZone-ANC\data\synth_noise\cls_6\0952.wav,6
D:\VSCodeRepository\SceneZone-ANC\data\synth_noise\cls_6\0953.wav,6
D:\VSCodeRepository\SceneZone-ANC\data\synth_noise\cls_6\0954.wav,6
D:\VSCodeRepository\SceneZone-ANC\data\synth_noise\cls_6\0955.wav,6
D:\VSCodeRepository\SceneZone-ANC\data\synth_noise\cls_6\0956.wav,6
D:\VSCodeRepository\SceneZone-ANC\data\synth_noise\cls_6\0957.wav,6
D:\VSCodeRepository\SceneZone-ANC\data\synth_noise\cls_6\0958.wav,6
D:\VSCodeRepository\SceneZone-ANC\data\synth_noise\cls_6\0959.wav,6
D:\VSCodeRepository\SceneZone-ANC\data\synth_noise\cls_6\0960.wav,6
D:\VSCodeRepository\SceneZone-ANC\data\synth_noise\cls_6\0961.wav,6
D:\VSCodeRepository\SceneZone-ANC\data\synth_noise\cls_6\0962.wav,6
D:\VSCodeRepository\SceneZone-ANC\data\synth_noise\cls_6\0963.wav,6
D:\VSCodeRepository\SceneZone-ANC\data\synth_noise\cls_6\0964.wav,6
D:\VSCodeRepository\SceneZone-ANC\data\synth_noise\cls_6\0965.wav,6
D:\VSCodeRepository\SceneZone-ANC\data\synth_noise\cls_6\0966.wav,6
D:\VSCodeRepository\SceneZone-ANC\data\synth_noise\cls_6\0967.wav,6
D:\VSCodeRepository\SceneZone-ANC\data\synth_noise\cls_6\0968.wav,6
D:\VSCodeRepository\SceneZone-ANC\data\synth_noise\cls_6\0969.wav,6
D:\VSCodeRepository\SceneZone-ANC\data\synth_noise\cls_6\0970.wav,6
D:\VSCodeRepository\SceneZone-ANC\data\synth_noise\cls_6\0971.wav,6
D:\VSCodeRepository\SceneZone-ANC\data\synth_noise\cls_6\0972.wav,6
D:\VSCodeRepository\SceneZone-ANC\data\synth_noise\cls_6\0973.wav,6
D:\VSCodeRepository\SceneZone-ANC\data\synth_noise\cls_6\0974.wav,6
D:\VSCodeRepository\SceneZone-ANC\data\synth_noise\cls_6\0975.wav,6
D:\VSCodeRepository\SceneZone-ANC\data\synth_noise\cls_6\0976.wav,6
D:\VSCodeRepository\SceneZone-ANC\data\synth_noise\cls_6\0977.wav,6
D:\VSCodeRepository\SceneZone-ANC\data\synth_noise\cls_6\0978.wav,6
D:\VSCodeRepository\SceneZone-ANC\data\synth_noise\cls_6\0979.wav,6
D:\VSCodeRepository\SceneZone-ANC\data\synth_noise\cls_6\0980.wav,6
D:\VSCodeRepository\SceneZone-ANC\data\synth_noise\cls_6\0981.wav,6
D:\VSCodeRepository\SceneZone-ANC\data\synth_noise\cls_6\0982.wav,6
D:\VSCodeRepository\SceneZone-ANC\data\synth_noise\cls_6\0983.wav,6
D:\VSCodeRepository\SceneZone-ANC\data\synth_noise\cls_6\0984.wav,6
D:\VSCodeRepository\SceneZone-ANC\data\synth_noise\cls_6\0985.wav,6
D:\VSCodeRepository\SceneZone-ANC\data\synth_noise\cls_6\0986.wav,6
D:\VSCodeRepository\SceneZone-ANC\data\synth_noise\cls_6\0987.wav,6
D:\VSCodeRepository\SceneZone-ANC\data\synth_noise\cls_6\0988.wav,6
D:\VSCodeRepository\SceneZone-ANC\data\synth_noise\cls_6\0989.wav,6
D:\VSCodeRepository\SceneZone-ANC\data\synth_noise\cls_6\0990.wav,6
D:\VSCodeRepository\SceneZone-ANC\data\synth_noise\cls_6\0991.wav,6
D:\VSCodeRepository\SceneZone-ANC\data\synth_noise\cls_6\0992.wav,6
D:\VSCodeRepository\SceneZone-ANC\data\synth_noise\cls_6\0993.wav,6
D:\VSCodeRepository\SceneZone-ANC\data\synth_noise\cls_6\0994.wav,6
D:\VSCodeRepository\SceneZone-ANC\data\synth_noise\cls_6\0995.wav,6
D:\VSCodeRepository\SceneZone-ANC\data\synth_noise\cls_6\0996.wav,6
D:\VSCodeRepository\SceneZone-ANC\data\synth_noise\cls_6\0997.wav,6
D:\VSCodeRepository\SceneZone-ANC\data\synth_noise\cls_6\0998.wav,6
D:\VSCodeRepository\SceneZone-ANC\data\synth_noise\cls_6\0999.wav,6
D:\VSCodeRepository\SceneZone-ANC\data\synth_noise\cls_6\1000.wav,6
D:\VSCodeRepository\SceneZone-ANC\data\synth_noise\cls_6\1001.wav,6
D:\VSCodeRepository\SceneZone-ANC\data\synth_noise\cls_6\1002.wav,6
D:\VSCodeRepository\SceneZone-ANC\data\synth_noise\cls_6\1003.wav,6
D:\VSCodeRepository\SceneZone-ANC\data\synth_noise\cls_6\1004.wav,6
D:\VSCodeRepository\SceneZone-ANC\data\synth_noise\cls_6\1005.wav,6
D:\VSCodeRepository\SceneZone-ANC\data\synth_noise\cls_6\1006.wav,6
D:\VSCodeRepository\SceneZone-ANC\data\synth_noise\cls_6\1007.wav,6
D:\VSCodeRepository\SceneZone-ANC\data\synth_noise\cls_6\1008.wav,6
D:\VSCodeRepository\SceneZone-ANC\data\synth_noise\cls_6\1009.wav,6
D:\VSCodeRepository\SceneZone-ANC\data\synth_noise\cls_6\1010.wav,6
D:\VSCodeRepository\SceneZone-ANC\data\synth_noise\cls_6\1011.wav,6
D:\VSCodeRepository\SceneZone-ANC\data\synth_noise\cls_6\1012.wav,6
D:\VSCodeRepository\SceneZone-ANC\data\synth_noise\cls_6\1013.wav,6
D:\VSCodeRepository\SceneZone-ANC\data\synth_noise\cls_6\1014.wav,6
D:\VSCodeRepository\SceneZone-ANC\data\synth_noise\cls_6\1015.wav,6
D:\VSCodeRepository\SceneZone-ANC\data\synth_noise\cls_6\1016.wav,6
D:\VSCodeRepository\SceneZone-ANC\data\synth_noise\cls_6\1017.wav,6
D:\VSCodeRepository\SceneZone-ANC\data\synth_noise\cls_6\1018.wav,6
D:\VSCodeRepository\SceneZone-ANC\data\synth_noise\cls_6\1019.wav,6
D:\VSCodeRepository\SceneZone-ANC\data\synth_noise\cls_6\1020.wav,6
D:\VSCodeRepository\SceneZone-ANC\data\synth_noise\cls_6\1021.wav,6
D:\VSCodeRepository\SceneZone-ANC\data\synth_noise\cls_6\1022.wav,6
D:\VSCodeRepository\SceneZone-ANC\data\synth_noise\cls_6\1023.wav,6
D:\VSCodeRepository\SceneZone-ANC\data\synth_noise\cls_6\1024.wav,6
D:\VSCodeRepository\SceneZone-ANC\data\synth_noise\cls_6\1025.wav,6
D:\VSCodeRepository\SceneZone-ANC\data\synth_noise\cls_6\1026.wav,6
D:\VSCodeRepository\SceneZone-ANC\data\synth_noise\cls_6\1027.wav,6
D:\VSCodeRepository\SceneZone-ANC\data\synth_noise\cls_6\1028.wav,6
D:\VSCodeRepository\SceneZone-ANC\data\synth_noise\cls_6\1029.wav,6
D:\VSCodeRepository\SceneZone-ANC\data\synth_noise\cls_6\1030.wav,6
D:\VSCodeRepository\SceneZone-ANC\data\synth_noise\cls_6\1031.wav,6
D:\VSCodeRepository\SceneZone-ANC\data\synth_noise\cls_6\1032.wav,6
D:\VSCodeRepository\SceneZone-ANC\data\synth_noise\cls_6\1033.wav,6
D:\VSCodeRepository\SceneZone-ANC\data\synth_noise\cls_6\1034.wav,6
D:\VSCodeRepository\SceneZone-ANC\data\synth_noise\cls_6\1035.wav,6
D:\VSCodeRepository\SceneZone-ANC\data\synth_noise\cls_6\1036.wav,6
D:\VSCodeRepository\SceneZone-ANC\data\synth_noise\cls_6\1037.wav,6
D:\VSCodeRepository\SceneZone-ANC\data\synth_noise\cls_6\1038.wav,6
D:\VSCodeRepository\SceneZone-ANC\data\synth_noise\cls_6\1039.wav,6
D:\VSCodeRepository\SceneZone-ANC\data\synth_noise\cls_6\1040.wav,6
D:\VSCodeRepository\SceneZone-ANC\data\synth_noise\cls_6\1041.wav,6
D:\VSCodeRepository\SceneZone-ANC\data\synth_noise\cls_6\1042.wav,6
D:\VSCodeRepository\SceneZone-ANC\data\synth_noise\cls_6\1043.wav,6
D:\VSCodeRepository\SceneZone-ANC\data\synth_noise\cls_6\1044.wav,6
D:\VSCodeRepository\SceneZone-ANC\data\synth_noise\cls_6\1045.wav,6
D:\VSCodeRepository\SceneZone-ANC\data\synth_noise\cls_6\1046.wav,6
D:\VSCodeRepository\SceneZone-ANC\data\synth_noise\cls_6\1047.wav,6
D:\VSCodeRepository\SceneZone-ANC\data\synth_noise\cls_6\1048.wav,6
D:\VSCodeRepository\SceneZone-ANC\data\synth_noise\cls_6\1049.wav,6
D:\VSCodeRepository\SceneZone-ANC\data\synth_noise\cls_6\1050.wav,6
D:\VSCodeRepository\SceneZone-ANC\data\synth_noise\cls_6\1051.wav,6
D:\VSCodeRepository\SceneZone-ANC\data\synth_noise\cls_6\1052.wav,6
D:\VSCodeRepository\SceneZone-ANC\data\synth_noise\cls_6\1053.wav,6
D:\VSCodeRepository\SceneZone-ANC\data\synth_noise\cls_6\1054.wav,6
D:\VSCodeRepository\SceneZone-ANC\data\synth_noise\cls_6\1055.wav,6
D:\VSCodeRepository\SceneZone-ANC\data\synth_noise\cls_6\1056.wav,6
D:\VSCodeRepository\SceneZone-ANC\data\synth_noise\cls_6\1057.wav,6
D:\VSCodeRepository\SceneZone-ANC\data\synth_noise\cls_6\1058.wav,6
D:\VSCodeRepository\SceneZone-ANC\data\synth_noise\cls_6\1059.wav,6
D:\VSCodeRepository\SceneZone-ANC\data\synth_noise\cls_6\1060.wav,6
D:\VSCodeRepository\SceneZone-ANC\data\synth_noise\cls_6\1061.wav,6
D:\VSCodeRepository\SceneZone-ANC\data\synth_noise\cls_6\1062.wav,6
D:\VSCodeRepository\SceneZone-ANC\data\synth_noise\cls_6\1063.wav,6
D:\VSCodeRepository\SceneZone-ANC\data\synth_noise\cls_6\1064.wav,6
D:\VSCodeRepository\SceneZone-ANC\data\synth_noise\cls_6\1065.wav,6
D:\VSCodeRepository\SceneZone-ANC\data\synth_noise\cls_6\1066.wav,6
D:\VSCodeRepository\SceneZone-ANC\data\synth_noise\cls_6\1067.wav,6
D:\VSCodeRepository\SceneZone-ANC\data\synth_noise\cls_6\1068.wav,6
D:\VSCodeRepository\SceneZone-ANC\data\synth_noise\cls_6\1069.wav,6
D:\VSCodeRepository\SceneZone-ANC\data\synth_noise\cls_6\1070.wav,6
D:\VSCodeRepository\SceneZone-ANC\data\synth_noise\cls_6\1071.wav,6
D:\VSCodeRepository\SceneZone-ANC\data\synth_noise\cls_6\1072.wav,6
D:\VSCodeRepository\SceneZone-ANC\data\synth_noise\cls_6\1073.wav,6
D:\VSCodeRepository\SceneZone-ANC\data\synth_noise\cls_6\1074.wav,6
D:\VSCodeRepository\SceneZone-ANC\data\synth_noise\cls_6\1075.wav,6
D:\VSCodeRepository\SceneZone-ANC\data\synth_noise\cls_6\1076.wav,6
D:\VSCodeRepository\SceneZone-ANC\data\synth_noise\cls_6\1077.wav,6
D:\VSCodeRepository\SceneZone-ANC\data\synth_noise\cls_6\1078.wav,6
D:\VSCodeRepository\SceneZone-ANC\data\synth_noise\cls_6\1079.wav,6
D:\VSCodeRepository\SceneZone-ANC\data\synth_noise\cls_6\1080.wav,6
D:\VSCodeRepository\SceneZone-ANC\data\synth_noise\cls_6\1081.wav,6
D:\VSCodeRepository\SceneZone-ANC\data\synth_noise\cls_6\1082.wav,6
D:\VSCodeRepository\SceneZone-ANC\data\synth_noise\cls_6\1083.wav,6
D:\VSCodeRepository\SceneZone-ANC\data\synth_noise\cls_6\1084.wav,6
D:\VSCodeRepository\SceneZone-ANC\data\synth_noise\cls_6\1085.wav,6
D:\VSCodeRepository\SceneZone-ANC\data\synth_noise\cls_6\1086.wav,6
D:\VSCodeRepository\SceneZone-ANC\data\synth_noise\cls_6\1087.wav,6
D:\VSCodeRepository\SceneZone-ANC\data\synth_noise\cls_6\1088.wav,6
D:\VSCodeRepository\SceneZone-ANC\data\synth_noise\cls_6\1089.wav,6
D:\VSCodeRepository\SceneZone-ANC\data\synth_noise\cls_6\1090.wav,6
D:\VSCodeRepository\SceneZone-ANC\data\synth_noise\cls_6\1091.wav,6
D:\VSCodeRepository\SceneZone-ANC\data\synth_noise\cls_6\1092.wav,6
D:\VSCodeRepository\SceneZone-ANC\data\synth_noise\cls_6\1093.wav,6
D:\VSCodeRepository\SceneZone-ANC\data\synth_noise\cls_6\1094.wav,6
D:\VSCodeRepository\SceneZone-ANC\data\synth_noise\cls_6\1095.wav,6
D:\VSCodeRepository\SceneZone-ANC\data\synth_noise\cls_6\1096.wav,6
D:\VSCodeRepository\SceneZone-ANC\data\synth_noise\cls_6\1097.wav,6
D:\VSCodeRepository\SceneZone-ANC\data\synth_noise\cls_6\1098.wav,6
D:\VSCodeRepository\SceneZone-ANC\data\synth_noise\cls_6\1099.wav,6
D:\VSCodeRepository\SceneZone-ANC\data\synth_noise\cls_6\1100.wav,6
D:\VSCodeRepository\SceneZone-ANC\data\synth_noise\cls_6\1101.wav,6
D:\VSCodeRepository\SceneZone-ANC\data\synth_noise\cls_6\1102.wav,6
D:\VSCodeRepository\SceneZone-ANC\data\synth_noise\cls_6\1103.wav,6
D:\VSCodeRepository\SceneZone-ANC\data\synth_noise\cls_6\1104.wav,6
D:\VSCodeRepository\SceneZone-ANC\data\synth_noise\cls_6\1105.wav,6
D:\VSCodeRepository\SceneZone-ANC\data\synth_noise\cls_6\1106.wav,6
D:\VSCodeRepository\SceneZone-ANC\data\synth_noise\cls_6\1107.wav,6
D:\VSCodeRepository\SceneZone-ANC\data\synth_noise\cls_6\1108.wav,6
D:\VSCodeRepository\SceneZone-ANC\data\synth_noise\cls_6\1109.wav,6
D:\VSCodeRepository\SceneZone-ANC\data\synth_noise\cls_6\1110.wav,6
D:\VSCodeRepository\SceneZone-ANC\data\synth_noise\cls_6\1111.wav,6
D:\VSCodeRepository\SceneZone-ANC\data\synth_noise\cls_6\1112.wav,6
D:\VSCodeRepository\SceneZone-ANC\data\synth_noise\cls_6\1113.wav,6
D:\VSCodeRepository\SceneZone-ANC\data\synth_noise\cls_6\1114.wav,6
D:\VSCodeRepository\SceneZone-ANC\data\synth_noise\cls_6\1115.wav,6
D:\VSCodeRepository\SceneZone-ANC\data\synth_noise\cls_6\1116.wav,6
D:\VSCodeRepository\SceneZone-ANC\data\synth_noise\cls_6\1117.wav,6
D:\VSCodeRepository\SceneZone-ANC\data\synth_noise\cls_6\1118.wav,6
D:\VSCodeRepository\SceneZone-ANC\data\synth_noise\cls_6\1119.wav,6
D:\VSCodeRepository\SceneZone-ANC\data\synth_noise\cls_6\1120.wav,6
D:\VSCodeRepository\SceneZone-ANC\data\synth_noise\cls_6\1121.wav,6
D:\VSCodeRepository\SceneZone-ANC\data\synth_noise\cls_6\1122.wav,6
D:\VSCodeRepository\SceneZone-ANC\data\synth_noise\cls_6\1123.wav,6
D:\VSCodeRepository\SceneZone-ANC\data\synth_noise\cls_6\1124.wav,6
D:\VSCodeRepository\SceneZone-ANC\data\synth_noise\cls_6\1125.wav,6
D:\VSCodeRepository\SceneZone-ANC\data\synth_noise\cls_6\1126.wav,6
D:\VSCodeRepository\SceneZone-ANC\data\synth_noise\cls_6\1127.wav,6
D:\VSCodeRepository\SceneZone-ANC\data\synth_noise\cls_6\1128.wav,6
D:\VSCodeRepository\SceneZone-ANC\data\synth_noise\cls_6\1129.wav,6
D:\VSCodeRepository\SceneZone-ANC\data\synth_noise\cls_6\1130.wav,6
D:\VSCodeRepository\SceneZone-ANC\data\synth_noise\cls_6\1131.wav,6
D:\VSCodeRepository\SceneZone-ANC\data\synth_noise\cls_6\1132.wav,6
D:\VSCodeRepository\SceneZone-ANC\data\synth_noise\cls_6\1133.wav,6
D:\VSCodeRepository\SceneZone-ANC\data\synth_noise\cls_6\1134.wav,6
D:\VSCodeRepository\SceneZone-ANC\data\synth_noise\cls_6\1135.wav,6
D:\VSCodeRepository\SceneZone-ANC\data\synth_noise\cls_6\1136.wav,6
D:\VSCodeRepository\SceneZone-ANC\data\synth_noise\cls_6\1137.wav,6
D:\VSCodeRepository\SceneZone-ANC\data\synth_noise\cls_6\1138.wav,6
D:\VSCodeRepository\SceneZone-ANC\data\synth_noise\cls_6\1139.wav,6
D:\VSCodeRepository\SceneZone-ANC\data\synth_noise\cls_6\1140.wav,6
D:\VSCodeRepository\SceneZone-ANC\data\synth_noise\cls_6\1141.wav,6
D:\VSCodeRepository\SceneZone-ANC\data\synth_noise\cls_6\1142.wav,6
D:\VSCodeRepository\SceneZone-ANC\data\synth_noise\cls_6\1143.wav,6
D:\VSCodeRepository\SceneZone-ANC\data\synth_noise\cls_6\1144.wav,6
D:\VSCodeRepository\SceneZone-ANC\data\synth_noise\cls_6\1145.wav,6
D:\VSCodeRepository\SceneZone-ANC\data\synth_noise\cls_6\1146.wav,6
D:\VSCodeRepository\SceneZone-ANC\data\synth_noise\cls_6\1147.wav,6
D:\VSCodeRepository\SceneZone-ANC\data\synth_noise\cls_6\1148.wav,6
D:\VSCodeRepository\SceneZone-ANC\data\synth_noise\cls_6\1149.wav,6
D:\VSCodeRepository\SceneZone-ANC\data\synth_noise\cls_6\1150.wav,6
D:\VSCodeRepository\SceneZone-ANC\data\synth_noise\cls_6\1151.wav,6
D:\VSCodeRepository\SceneZone-ANC\data\synth_noise\cls_6\1152.wav,6
D:\VSCodeRepository\SceneZone-ANC\data\synth_noise\cls_6\1153.wav,6
D:\VSCodeRepository\SceneZone-ANC\data\synth_noise\cls_6\1154.wav,6
D:\VSCodeRepository\SceneZone-ANC\data\synth_noise\cls_6\1155.wav,6
D:\VSCodeRepository\SceneZone-ANC\data\synth_noise\cls_6\1156.wav,6
D:\VSCodeRepository\SceneZone-ANC\data\synth_noise\cls_6\1157.wav,6
D:\VSCodeRepository\SceneZone-ANC\data\synth_noise\cls_6\1158.wav,6
D:\VSCodeRepository\SceneZone-ANC\data\synth_noise\cls_6\1159.wav,6
D:\VSCodeRepository\SceneZone-ANC\data\synth_noise\cls_6\1160.wav,6
D:\VSCodeRepository\SceneZone-ANC\data\synth_noise\cls_6\1161.wav,6
D:\VSCodeRepository\SceneZone-ANC\data\synth_noise\cls_6\1162.wav,6
D:\VSCodeRepository\SceneZone-ANC\data\synth_noise\cls_6\1163.wav,6
D:\VSCodeRepository\SceneZone-ANC\data\synth_noise\cls_6\1164.wav,6
D:\VSCodeRepository\SceneZone-ANC\data\synth_noise\cls_6\1165.wav,6
D:\VSCodeRepository\SceneZone-ANC\data\synth_noise\cls_6\1166.wav,6
D:\VSCodeRepository\SceneZone-ANC\data\synth_noise\cls_6\1167.wav,6
D:\VSCodeRepository\SceneZone-ANC\data\synth_noise\cls_6\1168.wav,6
D:\VSCodeRepository\SceneZone-ANC\data\synth_noise\cls_6\1169.wav,6
D:\VSCodeRepository\SceneZone-ANC\data\synth_noise\cls_6\1170.wav,6
D:\VSCodeRepository\SceneZone-ANC\data\synth_noise\cls_6\1171.wav,6
D:\VSCodeRepository\SceneZone-ANC\data\synth_noise\cls_6\1172.wav,6
D:\VSCodeRepository\SceneZone-ANC\data\synth_noise\cls_6\1173.wav,6
D:\VSCodeRepository\SceneZone-ANC\data\synth_noise\cls_6\1174.wav,6
D:\VSCodeRepository\SceneZone-ANC\data\synth_noise\cls_6\1175.wav,6
D:\VSCodeRepository\SceneZone-ANC\data\synth_noise\cls_6\1176.wav,6
D:\VSCodeRepository\SceneZone-ANC\data\synth_noise\cls_6\1177.wav,6
D:\VSCodeRepository\SceneZone-ANC\data\synth_noise\cls_6\1178.wav,6
D:\VSCodeRepository\SceneZone-ANC\data\synth_noise\cls_6\1179.wav,6
D:\VSCodeRepository\SceneZone-ANC\data\synth_noise\cls_6\1180.wav,6
D:\VSCodeRepository\SceneZone-ANC\data\synth_noise\cls_6\1181.wav,6
D:\VSCodeRepository\SceneZone-ANC\data\synth_noise\cls_6\1182.wav,6
D:\VSCodeRepository\SceneZone-ANC\data\synth_noise\cls_6\1183.wav,6
D:\VSCodeRepository\SceneZone-ANC\data\synth_noise\cls_6\1184.wav,6
D:\VSCodeRepository\SceneZone-ANC\data\synth_noise\cls_6\1185.wav,6
D:\VSCodeRepository\SceneZone-ANC\data\synth_noise\cls_6\1186.wav,6
D:\VSCodeRepository\SceneZone-ANC\data\synth_noise\cls_6\1187.wav,6
D:\VSCodeRepository\SceneZone-ANC\data\synth_noise\cls_6\1188.wav,6
D:\VSCodeRepository\SceneZone-ANC\data\synth_noise\cls_6\1189.wav,6
D:\VSCodeRepository\SceneZone-ANC\data\synth_noise\cls_6\1190.wav,6
D:\VSCodeRepository\SceneZone-ANC\data\synth_noise\cls_6\1191.wav,6
D:\VSCodeRepository\SceneZone-ANC\data\synth_noise\cls_6\1192.wav,6
D:\VSCodeRepository\SceneZone-ANC\data\synth_noise\cls_6\1193.wav,6
D:\VSCodeRepository\SceneZone-ANC\data\synth_noise\cls_6\1194.wav,6
D:\VSCodeRepository\SceneZone-ANC\data\synth_noise\cls_6\1195.wav,6
D:\VSCodeRepository\SceneZone-ANC\data\synth_noise\cls_6\1196.wav,6
D:\VSCodeRepository\SceneZone-ANC\data\synth_noise\cls_6\1197.wav,6
D:\VSCodeRepository\SceneZone-ANC\data\synth_noise\cls_6\1198.wav,6
D:\VSCodeRepository\SceneZone-ANC\data\synth_noise\cls_6\1199.wav,6
D:\VSCodeRepository\SceneZone-ANC\data\synth_noise\cls_6\1200.wav,6
D:\VSCodeRepository\SceneZone-ANC\data\synth_noise\cls_6\1201.wav,6
D:\VSCodeRepository\SceneZone-ANC\data\synth_noise\cls_6\1202.wav,6
D:\VSCodeRepository\SceneZone-ANC\data\synth_noise\cls_6\1203.wav,6
D:\VSCodeRepository\SceneZone-ANC\data\synth_noise\cls_6\1204.wav,6
D:\VSCodeRepository\SceneZone-ANC\data\synth_noise\cls_6\1205.wav,6
D:\VSCodeRepository\SceneZone-ANC\data\synth_noise\cls_6\1206.wav,6
D:\VSCodeRepository\SceneZone-ANC\data\synth_noise\cls_6\1207.wav,6
D:\VSCodeRepository\SceneZone-ANC\data\synth_noise\cls_6\1208.wav,6
D:\VSCodeRepository\SceneZone-ANC\data\synth_noise\cls_6\1209.wav,6
D:\VSCodeRepository\SceneZone-ANC\data\synth_noise\cls_6\1210.wav,6
D:\VSCodeRepository\SceneZone-ANC\data\synth_noise\cls_6\1211.wav,6
D:\VSCodeRepository\SceneZone-ANC\data\synth_noise\cls_6\1212.wav,6
D:\VSCodeRepository\SceneZone-ANC\data\synth_noise\cls_6\1213.wav,6
D:\VSCodeRepository\SceneZone-ANC\data\synth_noise\cls_6\1214.wav,6
D:\VSCodeRepository\SceneZone-ANC\data\synth_noise\cls_6\1215.wav,6
D:\VSCodeRepository\SceneZone-ANC\data\synth_noise\cls_6\1216.wav,6
D:\VSCodeRepository\SceneZone-ANC\data\synth_noise\cls_6\1217.wav,6
D:\VSCodeRepository\SceneZone-ANC\data\synth_noise\cls_6\1218.wav,6
D:\VSCodeRepository\SceneZone-ANC\data\synth_noise\cls_6\1219.wav,6
D:\VSCodeRepository\SceneZone-ANC\data\synth_noise\cls_6\1220.wav,6
D:\VSCodeRepository\SceneZone-ANC\data\synth_noise\cls_6\1221.wav,6
D:\VSCodeRepository\SceneZone-ANC\data\synth_noise\cls_6\1222.wav,6
D:\VSCodeRepository\SceneZone-ANC\data\synth_noise\cls_6\1223.wav,6
D:\VSCodeRepository\SceneZone-ANC\data\synth_noise\cls_6\1224.wav,6
D:\VSCodeRepository\SceneZone-ANC\data\synth_noise\cls_6\1225.wav,6
D:\VSCodeRepository\SceneZone-ANC\data\synth_noise\cls_6\1226.wav,6
D:\VSCodeRepository\SceneZone-ANC\data\synth_noise\cls_6\1227.wav,6
D:\VSCodeRepository\SceneZone-ANC\data\synth_noise\cls_6\1228.wav,6
D:\VSCodeRepository\SceneZone-ANC\data\synth_noise\cls_6\1229.wav,6
D:\VSCodeRepository\SceneZone-ANC\data\synth_noise\cls_6\1230.wav,6
D:\VSCodeRepository\SceneZone-ANC\data\synth_noise\cls_6\1231.wav,6
D:\VSCodeRepository\SceneZone-ANC\data\synth_noise\cls_6\1232.wav,6
D:\VSCodeRepository\SceneZone-ANC\data\synth_noise\cls_6\1233.wav,6
D:\VSCodeRepository\SceneZone-ANC\data\synth_noise\cls_6\1234.wav,6
D:\VSCodeRepository\SceneZone-ANC\data\synth_noise\cls_6\1235.wav,6
D:\VSCodeRepository\SceneZone-ANC\data\synth_noise\cls_6\1236.wav,6
D:\VSCodeRepository\SceneZone-ANC\data\synth_noise\cls_6\1237.wav,6
D:\VSCodeRepository\SceneZone-ANC\data\synth_noise\cls_6\1238.wav,6
D:\VSCodeRepository\SceneZone-ANC\data\synth_noise\cls_6\1239.wav,6
D:\VSCodeRepository\SceneZone-ANC\data\synth_noise\cls_6\1240.wav,6
D:\VSCodeRepository\SceneZone-ANC\data\synth_noise\cls_6\1241.wav,6
D:\VSCodeRepository\SceneZone-ANC\data\synth_noise\cls_6\1242.wav,6
D:\VSCodeRepository\SceneZone-ANC\data\synth_noise\cls_6\1243.wav,6
D:\VSCodeRepository\SceneZone-ANC\data\synth_noise\cls_6\1244.wav,6
D:\VSCodeRepository\SceneZone-ANC\data\synth_noise\cls_6\1245.wav,6
D:\VSCodeRepository\SceneZone-ANC\data\synth_noise\cls_6\1246.wav,6
D:\VSCodeRepository\SceneZone-ANC\data\synth_noise\cls_6\1247.wav,6
D:\VSCodeRepository\SceneZone-ANC\data\synth_noise\cls_6\1248.wav,6
D:\VSCodeRepository\SceneZone-ANC\data\synth_noise\cls_6\1249.wav,6
D:\VSCodeRepository\SceneZone-ANC\data\synth_noise\cls_6\1250.wav,6
D:\VSCodeRepository\SceneZone-ANC\data\synth_noise\cls_6\1251.wav,6
D:\VSCodeRepository\SceneZone-ANC\data\synth_noise\cls_6\1252.wav,6
D:\VSCodeRepository\SceneZone-ANC\data\synth_noise\cls_6\1253.wav,6
D:\VSCodeRepository\SceneZone-ANC\data\synth_noise\cls_6\1254.wav,6
D:\VSCodeRepository\SceneZone-ANC\data\synth_noise\cls_6\1255.wav,6
D:\VSCodeRepository\SceneZone-ANC\data\synth_noise\cls_6\1256.wav,6
D:\VSCodeRepository\SceneZone-ANC\data\synth_noise\cls_6\1257.wav,6
D:\VSCodeRepository\SceneZone-ANC\data\synth_noise\cls_6\1258.wav,6
D:\VSCodeRepository\SceneZone-ANC\data\synth_noise\cls_6\1259.wav,6
D:\VSCodeRepository\SceneZone-ANC\data\synth_noise\cls_6\1260.wav,6
D:\VSCodeRepository\SceneZone-ANC\data\synth_noise\cls_6\1261.wav,6
D:\VSCodeRepository\SceneZone-ANC\data\synth_noise\cls_6\1262.wav,6
D:\VSCodeRepository\SceneZone-ANC\data\synth_noise\cls_6\1263.wav,6
D:\VSCodeRepository\SceneZone-ANC\data\synth_noise\cls_6\1264.wav,6
D:\VSCodeRepository\SceneZone-ANC\data\synth_noise\cls_6\1265.wav,6
D:\VSCodeRepository\SceneZone-ANC\data\synth_noise\cls_6\1266.wav,6
D:\VSCodeRepository\SceneZone-ANC\data\synth_noise\cls_6\1267.wav,6
D:\VSCodeRepository\SceneZone-ANC\data\synth_noise\cls_6\1268.wav,6
D:\VSCodeRepository\SceneZone-ANC\data\synth_noise\cls_6\1269.wav,6
D:\VSCodeRepository\SceneZone-ANC\data\synth_noise\cls_6\1270.wav,6
D:\VSCodeRepository\SceneZone-ANC\data\synth_noise\cls_6\1271.wav,6
D:\VSCodeRepository\SceneZone-ANC\data\synth_noise\cls_6\1272.wav,6
D:\VSCodeRepository\SceneZone-ANC\data\synth_noise\cls_6\1273.wav,6
D:\VSCodeRepository\SceneZone-ANC\data\synth_noise\cls_6\1274.wav,6
D:\VSCodeRepository\SceneZone-ANC\data\synth_noise\cls_6\1275.wav,6
D:\VSCodeRepository\SceneZone-ANC\data\synth_noise\cls_6\1276.wav,6
D:\VSCodeRepository\SceneZone-ANC\data\synth_noise\cls_6\1277.wav,6
D:\VSCodeRepository\SceneZone-ANC\data\synth_noise\cls_6\1278.wav,6
D:\VSCodeRepository\SceneZone-ANC\data\synth_noise\cls_6\1279.wav,6
D:\VSCodeRepository\SceneZone-ANC\data\synth_noise\cls_6\1280.wav,6
D:\VSCodeRepository\SceneZone-ANC\data\synth_noise\cls_6\1281.wav,6
D:\VSCodeRepository\SceneZone-ANC\data\synth_noise\cls_6\1282.wav,6
D:\VSCodeRepository\SceneZone-ANC\data\synth_noise\cls_6\1283.wav,6
D:\VSCodeRepository\SceneZone-ANC\data\synth_noise\cls_6\1284.wav,6
D:\VSCodeRepository\SceneZone-ANC\data\synth_noise\cls_6\1285.wav,6
D:\VSCodeRepository\SceneZone-ANC\data\synth_noise\cls_6\1286.wav,6
D:\VSCodeRepository\SceneZone-ANC\data\synth_noise\cls_6\1287.wav,6
D:\VSCodeRepository\SceneZone-ANC\data\synth_noise\cls_6\1288.wav,6
D:\VSCodeRepository\SceneZone-ANC\data\synth_noise\cls_6\1289.wav,6
D:\VSCodeRepository\SceneZone-ANC\data\synth_noise\cls_6\1290.wav,6
D:\VSCodeRepository\SceneZone-ANC\data\synth_noise\cls_6\1291.wav,6
D:\VSCodeRepository\SceneZone-ANC\data\synth_noise\cls_6\1292.wav,6
D:\VSCodeRepository\SceneZone-ANC\data\synth_noise\cls_6\1293.wav,6
D:\VSCodeRepository\SceneZone-ANC\data\synth_noise\cls_6\1294.wav,6
D:\VSCodeRepository\SceneZone-ANC\data\synth_noise\cls_6\1295.wav,6
D:\VSCodeRepository\SceneZone-ANC\data\synth_noise\cls_6\1296.wav,6
D:\VSCodeRepository\SceneZone-ANC\data\synth_noise\cls_6\1297.wav,6
D:\VSCodeRepository\SceneZone-ANC\data\synth_noise\cls_6\1298.wav,6
D:\VSCodeRepository\SceneZone-ANC\data\synth_noise\cls_6\1299.wav,6
D:\VSCodeRepository\SceneZone-ANC\data\synth_noise\cls_6\1300.wav,6
D:\VSCodeRepository\SceneZone-ANC\data\synth_noise\cls_6\1301.wav,6
D:\VSCodeRepository\SceneZone-ANC\data\synth_noise\cls_6\1302.wav,6
D:\VSCodeRepository\SceneZone-ANC\data\synth_noise\cls_6\1303.wav,6
D:\VSCodeRepository\SceneZone-ANC\data\synth_noise\cls_6\1304.wav,6
D:\VSCodeRepository\SceneZone-ANC\data\synth_noise\cls_6\1305.wav,6
D:\VSCodeRepository\SceneZone-ANC\data\synth_noise\cls_6\1306.wav,6
D:\VSCodeRepository\SceneZone-ANC\data\synth_noise\cls_6\1307.wav,6
D:\VSCodeRepository\SceneZone-ANC\data\synth_noise\cls_6\1308.wav,6
D:\VSCodeRepository\SceneZone-ANC\data\synth_noise\cls_6\1309.wav,6
D:\VSCodeRepository\SceneZone-ANC\data\synth_noise\cls_6\1310.wav,6
D:\VSCodeRepository\SceneZone-ANC\data\synth_noise\cls_6\1311.wav,6
D:\VSCodeRepository\SceneZone-ANC\data\synth_noise\cls_6\1312.wav,6
D:\VSCodeRepository\SceneZone-ANC\data\synth_noise\cls_6\1313.wav,6
D:\VSCodeRepository\SceneZone-ANC\data\synth_noise\cls_6\1314.wav,6
D:\VSCodeRepository\SceneZone-ANC\data\synth_noise\cls_6\1315.wav,6
D:\VSCodeRepository\SceneZone-ANC\data\synth_noise\cls_6\1316.wav,6
D:\VSCodeRepository\SceneZone-ANC\data\synth_noise\cls_6\1317.wav,6
D:\VSCodeRepository\SceneZone-ANC\data\synth_noise\cls_6\1318.wav,6
D:\VSCodeRepository\SceneZone-ANC\data\synth_noise\cls_6\1319.wav,6
D:\VSCodeRepository\SceneZone-ANC\data\synth_noise\cls_6\1320.wav,6
D:\VSCodeRepository\SceneZone-ANC\data\synth_noise\cls_6\1321.wav,6
D:\VSCodeRepository\SceneZone-ANC\data\synth_noise\cls_6\1322.wav,6
D:\VSCodeRepository\SceneZone-ANC\data\synth_noise\cls_6\1323.wav,6
D:\VSCodeRepository\SceneZone-ANC\data\synth_noise\cls_6\1324.wav,6
D:\VSCodeRepository\SceneZone-ANC\data\synth_noise\cls_6\1325.wav,6
D:\VSCodeRepository\SceneZone-ANC\data\synth_noise\cls_6\1326.wav,6
D:\VSCodeRepository\SceneZone-ANC\data\synth_noise\cls_6\1327.wav,6
D:\VSCodeRepository\SceneZone-ANC\data\synth_noise\cls_6\1328.wav,6
D:\VSCodeRepository\SceneZone-ANC\data\synth_noise\cls_6\1329.wav,6
D:\VSCodeRepository\SceneZone-ANC\data\synth_noise\cls_6\1330.wav,6
D:\VSCodeRepository\SceneZone-ANC\data\synth_noise\cls_6\1331.wav,6
D:\VSCodeRepository\SceneZone-ANC\data\synth_noise\cls_6\1332.wav,6
D:\VSCodeRepository\SceneZone-ANC\data\synth_noise\cls_6\1333.wav,6
D:\VSCodeRepository\SceneZone-ANC\data\synth_noise\cls_6\1334.wav,6
D:\VSCodeRepository\SceneZone-ANC\data\synth_noise\cls_6\1335.wav,6
D:\VSCodeRepository\SceneZone-ANC\data\synth_noise\cls_6\1336.wav,6
D:\VSCodeRepository\SceneZone-ANC\data\synth_noise\cls_6\1337.wav,6
D:\VSCodeRepository\SceneZone-ANC\data\synth_noise\cls_6\1338.wav,6
D:\VSCodeRepository\SceneZone-ANC\data\synth_noise\cls_6\1339.wav,6
D:\VSCodeRepository\SceneZone-ANC\data\synth_noise\cls_6\1340.wav,6
D:\VSCodeRepository\SceneZone-ANC\data\synth_noise\cls_6\1341.wav,6
D:\VSCodeRepository\SceneZone-ANC\data\synth_noise\cls_6\1342.wav,6
D:\VSCodeRepository\SceneZone-ANC\data\synth_noise\cls_6\1343.wav,6
D:\VSCodeRepository\SceneZone-ANC\data\synth_noise\cls_6\1344.wav,6
D:\VSCodeRepository\SceneZone-ANC\data\synth_noise\cls_6\1345.wav,6
D:\VSCodeRepository\SceneZone-ANC\data\synth_noise\cls_6\1346.wav,6
D:\VSCodeRepository\SceneZone-ANC\data\synth_noise\cls_6\1347.wav,6
D:\VSCodeRepository\SceneZone-ANC\data\synth_noise\cls_6\1348.wav,6
D:\VSCodeRepository\SceneZone-ANC\data\synth_noise\cls_6\1349.wav,6
D:\VSCodeRepository\SceneZone-ANC\data\synth_noise\cls_6\1350.wav,6
D:\VSCodeRepository\SceneZone-ANC\data\synth_noise\cls_6\1351.wav,6
D:\VSCodeRepository\SceneZone-ANC\data\synth_noise\cls_6\1352.wav,6
D:\VSCodeRepository\SceneZone-ANC\data\synth_noise\cls_6\1353.wav,6
D:\VSCodeRepository\SceneZone-ANC\data\synth_noise\cls_6\1354.wav,6
D:\VSCodeRepository\SceneZone-ANC\data\synth_noise\cls_6\1355.wav,6
D:\VSCodeRepository\SceneZone-ANC\data\synth_noise\cls_6\1356.wav,6
D:\VSCodeRepository\SceneZone-ANC\data\synth_noise\cls_6\1357.wav,6
D:\VSCodeRepository\SceneZone-ANC\data\synth_noise\cls_6\1358.wav,6
D:\VSCodeRepository\SceneZone-ANC\data\synth_noise\cls_6\1359.wav,6
D:\VSCodeRepository\SceneZone-ANC\data\synth_noise\cls_6\1360.wav,6
D:\VSCodeRepository\SceneZone-ANC\data\synth_noise\cls_6\1361.wav,6
D:\VSCodeRepository\SceneZone-ANC\data\synth_noise\cls_6\1362.wav,6
D:\VSCodeRepository\SceneZone-ANC\data\synth_noise\cls_6\1363.wav,6
D:\VSCodeRepository\SceneZone-ANC\data\synth_noise\cls_6\1364.wav,6
D:\VSCodeRepository\SceneZone-ANC\data\synth_noise\cls_6\1365.wav,6
D:\VSCodeRepository\SceneZone-ANC\data\synth_noise\cls_6\1366.wav,6
D:\VSCodeRepository\SceneZone-ANC\data\synth_noise\cls_6\1367.wav,6
D:\VSCodeRepository\SceneZone-ANC\data\synth_noise\cls_6\1368.wav,6
D:\VSCodeRepository\SceneZone-ANC\data\synth_noise\cls_6\1369.wav,6
D:\VSCodeRepository\SceneZone-ANC\data\synth_noise\cls_6\1370.wav,6
D:\VSCodeRepository\SceneZone-ANC\data\synth_noise\cls_6\1371.wav,6
D:\VSCodeRepository\SceneZone-ANC\data\synth_noise\cls_6\1372.wav,6
D:\VSCodeRepository\SceneZone-ANC\data\synth_noise\cls_6\1373.wav,6
D:\VSCodeRepository\SceneZone-ANC\data\synth_noise\cls_6\1374.wav,6
D:\VSCodeRepository\SceneZone-ANC\data\synth_noise\cls_6\1375.wav,6
D:\VSCodeRepository\SceneZone-ANC\data\synth_noise\cls_6\1376.wav,6
D:\VSCodeRepository\SceneZone-ANC\data\synth_noise\cls_6\1377.wav,6
D:\VSCodeRepository\SceneZone-ANC\data\synth_noise\cls_6\1378.wav,6
D:\VSCodeRepository\SceneZone-ANC\data\synth_noise\cls_6\1379.wav,6
D:\VSCodeRepository\SceneZone-ANC\data\synth_noise\cls_6\1380.wav,6
D:\VSCodeRepository\SceneZone-ANC\data\synth_noise\cls_6\1381.wav,6
D:\VSCodeRepository\SceneZone-ANC\data\synth_noise\cls_6\1382.wav,6
D:\VSCodeRepository\SceneZone-ANC\data\synth_noise\cls_6\1383.wav,6
D:\VSCodeRepository\SceneZone-ANC\data\synth_noise\cls_6\1384.wav,6
D:\VSCodeRepository\SceneZone-ANC\data\synth_noise\cls_6\1385.wav,6
D:\VSCodeRepository\SceneZone-ANC\data\synth_noise\cls_6\1386.wav,6
D:\VSCodeRepository\SceneZone-ANC\data\synth_noise\cls_6\1387.wav,6
D:\VSCodeRepository\SceneZone-ANC\data\synth_noise\cls_6\1388.wav,6
D:\VSCodeRepository\SceneZone-ANC\data\synth_noise\cls_6\1389.wav,6
D:\VSCodeRepository\SceneZone-ANC\data\synth_noise\cls_6\1390.wav,6
D:\VSCodeRepository\SceneZone-ANC\data\synth_noise\cls_6\1391.wav,6
D:\VSCodeRepository\SceneZone-ANC\data\synth_noise\cls_6\1392.wav,6
D:\VSCodeRepository\SceneZone-ANC\data\synth_noise\cls_6\1393.wav,6
D:\VSCodeRepository\SceneZone-ANC\data\synth_noise\cls_6\1394.wav,6
D:\VSCodeRepository\SceneZone-ANC\data\synth_noise\cls_6\1395.wav,6
D:\VSCodeRepository\SceneZone-ANC\data\synth_noise\cls_6\1396.wav,6
D:\VSCodeRepository\SceneZone-ANC\data\synth_noise\cls_6\1397.wav,6
D:\VSCodeRepository\SceneZone-ANC\data\synth_noise\cls_6\1398.wav,6
D:\VSCodeRepository\SceneZone-ANC\data\synth_noise\cls_6\1399.wav,6
D:\VSCodeRepository\SceneZone-ANC\data\synth_noise\cls_6\1400.wav,6
D:\VSCodeRepository\SceneZone-ANC\data\synth_noise\cls_6\1401.wav,6
D:\VSCodeRepository\SceneZone-ANC\data\synth_noise\cls_6\1402.wav,6
D:\VSCodeRepository\SceneZone-ANC\data\synth_noise\cls_6\1403.wav,6
D:\VSCodeRepository\SceneZone-ANC\data\synth_noise\cls_6\1404.wav,6
D:\VSCodeRepository\SceneZone-ANC\data\synth_noise\cls_6\1405.wav,6
D:\VSCodeRepository\SceneZone-ANC\data\synth_noise\cls_6\1406.wav,6
D:\VSCodeRepository\SceneZone-ANC\data\synth_noise\cls_6\1407.wav,6
D:\VSCodeRepository\SceneZone-ANC\data\synth_noise\cls_6\1408.wav,6
D:\VSCodeRepository\SceneZone-ANC\data\synth_noise\cls_6\1409.wav,6
D:\VSCodeRepository\SceneZone-ANC\data\synth_noise\cls_6\1410.wav,6
D:\VSCodeRepository\SceneZone-ANC\data\synth_noise\cls_6\1411.wav,6
D:\VSCodeRepository\SceneZone-ANC\data\synth_noise\cls_6\1412.wav,6
D:\VSCodeRepository\SceneZone-ANC\data\synth_noise\cls_6\1413.wav,6
D:\VSCodeRepository\SceneZone-ANC\data\synth_noise\cls_6\1414.wav,6
D:\VSCodeRepository\SceneZone-ANC\data\synth_noise\cls_6\1415.wav,6
D:\VSCodeRepository\SceneZone-ANC\data\synth_noise\cls_6\1416.wav,6
D:\VSCodeRepository\SceneZone-ANC\data\synth_noise\cls_6\1417.wav,6
D:\VSCodeRepository\SceneZone-ANC\data\synth_noise\cls_6\1418.wav,6
D:\VSCodeRepository\SceneZone-ANC\data\synth_noise\cls_6\1419.wav,6
D:\VSCodeRepository\SceneZone-ANC\data\synth_noise\cls_6\1420.wav,6
D:\VSCodeRepository\SceneZone-ANC\data\synth_noise\cls_6\1421.wav,6
D:\VSCodeRepository\SceneZone-ANC\data\synth_noise\cls_6\1422.wav,6
D:\VSCodeRepository\SceneZone-ANC\data\synth_noise\cls_6\1423.wav,6
D:\VSCodeRepository\SceneZone-ANC\data\synth_noise\cls_6\1424.wav,6
D:\VSCodeRepository\SceneZone-ANC\data\synth_noise\cls_6\1425.wav,6
D:\VSCodeRepository\SceneZone-ANC\data\synth_noise\cls_6\1426.wav,6
D:\VSCodeRepository\SceneZone-ANC\data\synth_noise\cls_6\1427.wav,6
D:\VSCodeRepository\SceneZone-ANC\data\synth_noise\cls_6\1428.wav,6
D:\VSCodeRepository\SceneZone-ANC\data\synth_noise\cls_6\1429.wav,6
D:\VSCodeRepository\SceneZone-ANC\data\synth_noise\cls_6\1430.wav,6
D:\VSCodeRepository\SceneZone-ANC\data\synth_noise\cls_6\1431.wav,6
D:\VSCodeRepository\SceneZone-ANC\data\synth_noise\cls_6\1432.wav,6
D:\VSCodeRepository\SceneZone-ANC\data\synth_noise\cls_6\1433.wav,6
D:\VSCodeRepository\SceneZone-ANC\data\synth_noise\cls_6\1434.wav,6
D:\VSCodeRepository\SceneZone-ANC\data\synth_noise\cls_6\1435.wav,6
D:\VSCodeRepository\SceneZone-ANC\data\synth_noise\cls_6\1436.wav,6
D:\VSCodeRepository\SceneZone-ANC\data\synth_noise\cls_6\1437.wav,6
D:\VSCodeRepository\SceneZone-ANC\data\synth_noise\cls_6\1438.wav,6
D:\VSCodeRepository\SceneZone-ANC\data\synth_noise\cls_6\1439.wav,6
D:\VSCodeRepository\SceneZone-ANC\data\synth_noise\cls_6\1440.wav,6
D:\VSCodeRepository\SceneZone-ANC\data\synth_noise\cls_6\1441.wav,6
D:\VSCodeRepository\SceneZone-ANC\data\synth_noise\cls_6\1442.wav,6
D:\VSCodeRepository\SceneZone-ANC\data\synth_noise\cls_6\1443.wav,6
D:\VSCodeRepository\SceneZone-ANC\data\synth_noise\cls_6\1444.wav,6
D:\VSCodeRepository\SceneZone-ANC\data\synth_noise\cls_6\1445.wav,6
D:\VSCodeRepository\SceneZone-ANC\data\synth_noise\cls_6\1446.wav,6
D:\VSCodeRepository\SceneZone-ANC\data\synth_noise\cls_6\1447.wav,6
D:\VSCodeRepository\SceneZone-ANC\data\synth_noise\cls_6\1448.wav,6
D:\VSCodeRepository\SceneZone-ANC\data\synth_noise\cls_6\1449.wav,6
D:\VSCodeRepository\SceneZone-ANC\data\synth_noise\cls_6\1450.wav,6
D:\VSCodeRepository\SceneZone-ANC\data\synth_noise\cls_6\1451.wav,6
D:\VSCodeRepository\SceneZone-ANC\data\synth_noise\cls_6\1452.wav,6
D:\VSCodeRepository\SceneZone-ANC\data\synth_noise\cls_6\1453.wav,6
D:\VSCodeRepository\SceneZone-ANC\data\synth_noise\cls_6\1454.wav,6
D:\VSCodeRepository\SceneZone-ANC\data\synth_noise\cls_6\1455.wav,6
D:\VSCodeRepository\SceneZone-ANC\data\synth_noise\cls_6\1456.wav,6
D:\VSCodeRepository\SceneZone-ANC\data\synth_noise\cls_6\1457.wav,6
D:\VSCodeRepository\SceneZone-ANC\data\synth_noise\cls_6\1458.wav,6
D:\VSCodeRepository\SceneZone-ANC\data\synth_noise\cls_6\1459.wav,6
D:\VSCodeRepository\SceneZone-ANC\data\synth_noise\cls_6\1460.wav,6
D:\VSCodeRepository\SceneZone-ANC\data\synth_noise\cls_6\1461.wav,6
D:\VSCodeRepository\SceneZone-ANC\data\synth_noise\cls_6\1462.wav,6
D:\VSCodeRepository\SceneZone-ANC\data\synth_noise\cls_6\1463.wav,6
D:\VSCodeRepository\SceneZone-ANC\data\synth_noise\cls_6\1464.wav,6
D:\VSCodeRepository\SceneZone-ANC\data\synth_noise\cls_6\1465.wav,6
D:\VSCodeRepository\SceneZone-ANC\data\synth_noise\cls_6\1466.wav,6
D:\VSCodeRepository\SceneZone-ANC\data\synth_noise\cls_6\1467.wav,6
D:\VSCodeRepository\SceneZone-ANC\data\synth_noise\cls_6\1468.wav,6
D:\VSCodeRepository\SceneZone-ANC\data\synth_noise\cls_6\1469.wav,6
D:\VSCodeRepository\SceneZone-ANC\data\synth_noise\cls_6\1470.wav,6
D:\VSCodeRepository\SceneZone-ANC\data\synth_noise\cls_6\1471.wav,6
D:\VSCodeRepository\SceneZone-ANC\data\synth_noise\cls_6\1472.wav,6
D:\VSCodeRepository\SceneZone-ANC\data\synth_noise\cls_6\1473.wav,6
D:\VSCodeRepository\SceneZone-ANC\data\synth_noise\cls_6\1474.wav,6
D:\VSCodeRepository\SceneZone-ANC\data\synth_noise\cls_6\1475.wav,6
D:\VSCodeRepository\SceneZone-ANC\data\synth_noise\cls_6\1476.wav,6
D:\VSCodeRepository\SceneZone-ANC\data\synth_noise\cls_6\1477.wav,6
D:\VSCodeRepository\SceneZone-ANC\data\synth_noise\cls_6\1478.wav,6
D:\VSCodeRepository\SceneZone-ANC\data\synth_noise\cls_6\1479.wav,6
D:\VSCodeRepository\SceneZone-ANC\data\synth_noise\cls_6\1480.wav,6
D:\VSCodeRepository\SceneZone-ANC\data\synth_noise\cls_6\1481.wav,6
D:\VSCodeRepository\SceneZone-ANC\data\synth_noise\cls_6\1482.wav,6
D:\VSCodeRepository\SceneZone-ANC\data\synth_noise\cls_6\1483.wav,6
D:\VSCodeRepository\SceneZone-ANC\data\synth_noise\cls_6\1484.wav,6
D:\VSCodeRepository\SceneZone-ANC\data\synth_noise\cls_6\1485.wav,6
D:\VSCodeRepository\SceneZone-ANC\data\synth_noise\cls_6\1486.wav,6
D:\VSCodeRepository\SceneZone-ANC\data\synth_noise\cls_6\1487.wav,6
D:\VSCodeRepository\SceneZone-ANC\data\synth_noise\cls_6\1488.wav,6
D:\VSCodeRepository\SceneZone-ANC\data\synth_noise\cls_6\1489.wav,6
D:\VSCodeRepository\SceneZone-ANC\data\synth_noise\cls_6\1490.wav,6
D:\VSCodeRepository\SceneZone-ANC\data\synth_noise\cls_6\1491.wav,6
D:\VSCodeRepository\SceneZone-ANC\data\synth_noise\cls_6\1492.wav,6
D:\VSCodeRepository\SceneZone-ANC\data\synth_noise\cls_6\1493.wav,6
D:\VSCodeRepository\SceneZone-ANC\data\synth_noise\cls_6\1494.wav,6
D:\VSCodeRepository\SceneZone-ANC\data\synth_noise\cls_6\1495.wav,6
D:\VSCodeRepository\SceneZone-ANC\data\synth_noise\cls_6\1496.wav,6
D:\VSCodeRepository\SceneZone-ANC\data\synth_noise\cls_6\1497.wav,6
D:\VSCodeRepository\SceneZone-ANC\data\synth_noise\cls_6\1498.wav,6
D:\VSCodeRepository\SceneZone-ANC\data\synth_noise\cls_6\1499.wav,6
D:\VSCodeRepository\SceneZone-ANC\data\synth_noise\cls_6\1500.wav,6
D:\VSCodeRepository\SceneZone-ANC\data\synth_noise\cls_6\1501.wav,6
D:\VSCodeRepository\SceneZone-ANC\data\synth_noise\cls_6\1502.wav,6
D:\VSCodeRepository\SceneZone-ANC\data\synth_noise\cls_6\1503.wav,6
D:\VSCodeRepository\SceneZone-ANC\data\synth_noise\cls_6\1504.wav,6
D:\VSCodeRepository\SceneZone-ANC\data\synth_noise\cls_6\1505.wav,6
D:\VSCodeRepository\SceneZone-ANC\data\synth_noise\cls_6\1506.wav,6
D:\VSCodeRepository\SceneZone-ANC\data\synth_noise\cls_6\1507.wav,6
D:\VSCodeRepository\SceneZone-ANC\data\synth_noise\cls_6\1508.wav,6
D:\VSCodeRepository\SceneZone-ANC\data\synth_noise\cls_6\1509.wav,6
D:\VSCodeRepository\SceneZone-ANC\data\synth_noise\cls_6\1510.wav,6
D:\VSCodeRepository\SceneZone-ANC\data\synth_noise\cls_6\1511.wav,6
D:\VSCodeRepository\SceneZone-ANC\data\synth_noise\cls_6\1512.wav,6
D:\VSCodeRepository\SceneZone-ANC\data\synth_noise\cls_6\1513.wav,6
D:\VSCodeRepository\SceneZone-ANC\data\synth_noise\cls_6\1514.wav,6
D:\VSCodeRepository\SceneZone-ANC\data\synth_noise\cls_6\1515.wav,6
D:\VSCodeRepository\SceneZone-ANC\data\synth_noise\cls_6\1516.wav,6
D:\VSCodeRepository\SceneZone-ANC\data\synth_noise\cls_6\1517.wav,6
D:\VSCodeRepository\SceneZone-ANC\data\synth_noise\cls_6\1518.wav,6
D:\VSCodeRepository\SceneZone-ANC\data\synth_noise\cls_6\1519.wav,6
D:\VSCodeRepository\SceneZone-ANC\data\synth_noise\cls_6\1520.wav,6
D:\VSCodeRepository\SceneZone-ANC\data\synth_noise\cls_6\1521.wav,6
D:\VSCodeRepository\SceneZone-ANC\data\synth_noise\cls_6\1522.wav,6
D:\VSCodeRepository\SceneZone-ANC\data\synth_noise\cls_6\1523.wav,6
D:\VSCodeRepository\SceneZone-ANC\data\synth_noise\cls_6\1524.wav,6
D:\VSCodeRepository\SceneZone-ANC\data\synth_noise\cls_6\1525.wav,6
D:\VSCodeRepository\SceneZone-ANC\data\synth_noise\cls_6\1526.wav,6
D:\VSCodeRepository\SceneZone-ANC\data\synth_noise\cls_6\1527.wav,6
D:\VSCodeRepository\SceneZone-ANC\data\synth_noise\cls_6\1528.wav,6
D:\VSCodeRepository\SceneZone-ANC\data\synth_noise\cls_6\1529.wav,6
D:\VSCodeRepository\SceneZone-ANC\data\synth_noise\cls_6\1530.wav,6
D:\VSCodeRepository\SceneZone-ANC\data\synth_noise\cls_6\1531.wav,6
D:\VSCodeRepository\SceneZone-ANC\data\synth_noise\cls_6\1532.wav,6
D:\VSCodeRepository\SceneZone-ANC\data\synth_noise\cls_6\1533.wav,6
D:\VSCodeRepository\SceneZone-ANC\data\synth_noise\cls_6\1534.wav,6
D:\VSCodeRepository\SceneZone-ANC\data\synth_noise\cls_6\1535.wav,6
D:\VSCodeRepository\SceneZone-ANC\data\synth_noise\cls_6\1536.wav,6
D:\VSCodeRepository\SceneZone-ANC\data\synth_noise\cls_6\1537.wav,6
D:\VSCodeRepository\SceneZone-ANC\data\synth_noise\cls_6\1538.wav,6
D:\VSCodeRepository\SceneZone-ANC\data\synth_noise\cls_6\1539.wav,6
D:\VSCodeRepository\SceneZone-ANC\data\synth_noise\cls_6\1540.wav,6
D:\VSCodeRepository\SceneZone-ANC\data\synth_noise\cls_6\1541.wav,6
D:\VSCodeRepository\SceneZone-ANC\data\synth_noise\cls_6\1542.wav,6
D:\VSCodeRepository\SceneZone-ANC\data\synth_noise\cls_6\1543.wav,6
D:\VSCodeRepository\SceneZone-ANC\data\synth_noise\cls_6\1544.wav,6
D:\VSCodeRepository\SceneZone-ANC\data\synth_noise\cls_6\1545.wav,6
D:\VSCodeRepository\SceneZone-ANC\data\synth_noise\cls_6\1546.wav,6
D:\VSCodeRepository\SceneZone-ANC\data\synth_noise\cls_6\1547.wav,6
D:\VSCodeRepository\SceneZone-ANC\data\synth_noise\cls_6\1548.wav,6
D:\VSCodeRepository\SceneZone-ANC\data\synth_noise\cls_6\1549.wav,6
D:\VSCodeRepository\SceneZone-ANC\data\synth_noise\cls_6\1550.wav,6
D:\VSCodeRepository\SceneZone-ANC\data\synth_noise\cls_6\1551.wav,6
D:\VSCodeRepository\SceneZone-ANC\data\synth_noise\cls_6\1552.wav,6
D:\VSCodeRepository\SceneZone-ANC\data\synth_noise\cls_6\1553.wav,6
D:\VSCodeRepository\SceneZone-ANC\data\synth_noise\cls_6\1554.wav,6
D:\VSCodeRepository\SceneZone-ANC\data\synth_noise\cls_6\1555.wav,6
D:\VSCodeRepository\SceneZone-ANC\data\synth_noise\cls_6\1556.wav,6
D:\VSCodeRepository\SceneZone-ANC\data\synth_noise\cls_6\1557.wav,6
D:\VSCodeRepository\SceneZone-ANC\data\synth_noise\cls_6\1558.wav,6
D:\VSCodeRepository\SceneZone-ANC\data\synth_noise\cls_6\1559.wav,6
D:\VSCodeRepository\SceneZone-ANC\data\synth_noise\cls_6\1560.wav,6
D:\VSCodeRepository\SceneZone-ANC\data\synth_noise\cls_6\1561.wav,6
D:\VSCodeRepository\SceneZone-ANC\data\synth_noise\cls_6\1562.wav,6
D:\VSCodeRepository\SceneZone-ANC\data\synth_noise\cls_6\1563.wav,6
D:\VSCodeRepository\SceneZone-ANC\data\synth_noise\cls_6\1564.wav,6
D:\VSCodeRepository\SceneZone-ANC\data\synth_noise\cls_6\1565.wav,6
D:\VSCodeRepository\SceneZone-ANC\data\synth_noise\cls_6\1566.wav,6
D:\VSCodeRepository\SceneZone-ANC\data\synth_noise\cls_6\1567.wav,6
D:\VSCodeRepository\SceneZone-ANC\data\synth_noise\cls_6\1568.wav,6
D:\VSCodeRepository\SceneZone-ANC\data\synth_noise\cls_6\1569.wav,6
D:\VSCodeRepository\SceneZone-ANC\data\synth_noise\cls_6\1570.wav,6
D:\VSCodeRepository\SceneZone-ANC\data\synth_noise\cls_6\1571.wav,6
D:\VSCodeRepository\SceneZone-ANC\data\synth_noise\cls_6\1572.wav,6
D:\VSCodeRepository\SceneZone-ANC\data\synth_noise\cls_6\1573.wav,6
D:\VSCodeRepository\SceneZone-ANC\data\synth_noise\cls_6\1574.wav,6
D:\VSCodeRepository\SceneZone-ANC\data\synth_noise\cls_6\1575.wav,6
D:\VSCodeRepository\SceneZone-ANC\data\synth_noise\cls_6\1576.wav,6
D:\VSCodeRepository\SceneZone-ANC\data\synth_noise\cls_6\1577.wav,6
D:\VSCodeRepository\SceneZone-ANC\data\synth_noise\cls_6\1578.wav,6
D:\VSCodeRepository\SceneZone-ANC\data\synth_noise\cls_6\1579.wav,6
D:\VSCodeRepository\SceneZone-ANC\data\synth_noise\cls_6\1580.wav,6
D:\VSCodeRepository\SceneZone-ANC\data\synth_noise\cls_6\1581.wav,6
D:\VSCodeRepository\SceneZone-ANC\data\synth_noise\cls_6\1582.wav,6
D:\VSCodeRepository\SceneZone-ANC\data\synth_noise\cls_6\1583.wav,6
D:\VSCodeRepository\SceneZone-ANC\data\synth_noise\cls_6\1584.wav,6
D:\VSCodeRepository\SceneZone-ANC\data\synth_noise\cls_6\1585.wav,6
D:\VSCodeRepository\SceneZone-ANC\data\synth_noise\cls_6\1586.wav,6
D:\VSCodeRepository\SceneZone-ANC\data\synth_noise\cls_6\1587.wav,6
D:\VSCodeRepository\SceneZone-ANC\data\synth_noise\cls_6\1588.wav,6
D:\VSCodeRepository\SceneZone-ANC\data\synth_noise\cls_6\1589.wav,6
D:\VSCodeRepository\SceneZone-ANC\data\synth_noise\cls_6\1590.wav,6
D:\VSCodeRepository\SceneZone-ANC\data\synth_noise\cls_6\1591.wav,6
D:\VSCodeRepository\SceneZone-ANC\data\synth_noise\cls_6\1592.wav,6
D:\VSCodeRepository\SceneZone-ANC\data\synth_noise\cls_6\1593.wav,6
D:\VSCodeRepository\SceneZone-ANC\data\synth_noise\cls_6\1594.wav,6
D:\VSCodeRepository\SceneZone-ANC\data\synth_noise\cls_6\1595.wav,6
D:\VSCodeRepository\SceneZone-ANC\data\synth_noise\cls_6\1596.wav,6
D:\VSCodeRepository\SceneZone-ANC\data\synth_noise\cls_6\1597.wav,6
D:\VSCodeRepository\SceneZone-ANC\data\synth_noise\cls_6\1598.wav,6
D:\VSCodeRepository\SceneZone-ANC\data\synth_noise\cls_6\1599.wav,6
D:\VSCodeRepository\SceneZone-ANC\data\synth_noise\cls_6\1600.wav,6
D:\VSCodeRepository\SceneZone-ANC\data\synth_noise\cls_6\1601.wav,6
D:\VSCodeRepository\SceneZone-ANC\data\synth_noise\cls_6\1602.wav,6
D:\VSCodeRepository\SceneZone-ANC\data\synth_noise\cls_6\1603.wav,6
D:\VSCodeRepository\SceneZone-ANC\data\synth_noise\cls_6\1604.wav,6
D:\VSCodeRepository\SceneZone-ANC\data\synth_noise\cls_6\1605.wav,6
D:\VSCodeRepository\SceneZone-ANC\data\synth_noise\cls_6\1606.wav,6
D:\VSCodeRepository\SceneZone-ANC\data\synth_noise\cls_6\1607.wav,6
D:\VSCodeRepository\SceneZone-ANC\data\synth_noise\cls_6\1608.wav,6
D:\VSCodeRepository\SceneZone-ANC\data\synth_noise\cls_6\1609.wav,6
D:\VSCodeRepository\SceneZone-ANC\data\synth_noise\cls_6\1610.wav,6
D:\VSCodeRepository\SceneZone-ANC\data\synth_noise\cls_6\1611.wav,6
D:\VSCodeRepository\SceneZone-ANC\data\synth_noise\cls_6\1612.wav,6
D:\VSCodeRepository\SceneZone-ANC\data\synth_noise\cls_6\1613.wav,6
D:\VSCodeRepository\SceneZone-ANC\data\synth_noise\cls_6\1614.wav,6
D:\VSCodeRepository\SceneZone-ANC\data\synth_noise\cls_6\1615.wav,6
D:\VSCodeRepository\SceneZone-ANC\data\synth_noise\cls_6\1616.wav,6
D:\VSCodeRepository\SceneZone-ANC\data\synth_noise\cls_6\1617.wav,6
D:\VSCodeRepository\SceneZone-ANC\data\synth_noise\cls_6\1618.wav,6
D:\VSCodeRepository\SceneZone-ANC\data\synth_noise\cls_6\1619.wav,6
D:\VSCodeRepository\SceneZone-ANC\data\synth_noise\cls_6\1620.wav,6
D:\VSCodeRepository\SceneZone-ANC\data\synth_noise\cls_6\1621.wav,6
D:\VSCodeRepository\SceneZone-ANC\data\synth_noise\cls_6\1622.wav,6
D:\VSCodeRepository\SceneZone-ANC\data\synth_noise\cls_6\1623.wav,6
D:\VSCodeRepository\SceneZone-ANC\data\synth_noise\cls_6\1624.wav,6
D:\VSCodeRepository\SceneZone-ANC\data\synth_noise\cls_6\1625.wav,6
D:\VSCodeRepository\SceneZone-ANC\data\synth_noise\cls_6\1626.wav,6
D:\VSCodeRepository\SceneZone-ANC\data\synth_noise\cls_6\1627.wav,6
D:\VSCodeRepository\SceneZone-ANC\data\synth_noise\cls_6\1628.wav,6
D:\VSCodeRepository\SceneZone-ANC\data\synth_noise\cls_6\1629.wav,6
D:\VSCodeRepository\SceneZone-ANC\data\synth_noise\cls_6\1630.wav,6
D:\VSCodeRepository\SceneZone-ANC\data\synth_noise\cls_6\1631.wav,6
D:\VSCodeRepository\SceneZone-ANC\data\synth_noise\cls_6\1632.wav,6
D:\VSCodeRepository\SceneZone-ANC\data\synth_noise\cls_6\1633.wav,6
D:\VSCodeRepository\SceneZone-ANC\data\synth_noise\cls_6\1634.wav,6
D:\VSCodeRepository\SceneZone-ANC\data\synth_noise\cls_6\1635.wav,6
D:\VSCodeRepository\SceneZone-ANC\data\synth_noise\cls_6\1636.wav,6
D:\VSCodeRepository\SceneZone-ANC\data\synth_noise\cls_6\1637.wav,6
D:\VSCodeRepository\SceneZone-ANC\data\synth_noise\cls_6\1638.wav,6
D:\VSCodeRepository\SceneZone-ANC\data\synth_noise\cls_6\1639.wav,6
D:\VSCodeRepository\SceneZone-ANC\data\synth_noise\cls_6\1640.wav,6
D:\VSCodeRepository\SceneZone-ANC\data\synth_noise\cls_6\1641.wav,6
D:\VSCodeRepository\SceneZone-ANC\data\synth_noise\cls_6\1642.wav,6
D:\VSCodeRepository\SceneZone-ANC\data\synth_noise\cls_6\1643.wav,6
D:\VSCodeRepository\SceneZone-ANC\data\synth_noise\cls_6\1644.wav,6
D:\VSCodeRepository\SceneZone-ANC\data\synth_noise\cls_6\1645.wav,6
D:\VSCodeRepository\SceneZone-ANC\data\synth_noise\cls_6\1646.wav,6
D:\VSCodeRepository\SceneZone-ANC\data\synth_noise\cls_6\1647.wav,6
D:\VSCodeRepository\SceneZone-ANC\data\synth_noise\cls_6\1648.wav,6
D:\VSCodeRepository\SceneZone-ANC\data\synth_noise\cls_6\1649.wav,6
D:\VSCodeRepository\SceneZone-ANC\data\synth_noise\cls_6\1650.wav,6
D:\VSCodeRepository\SceneZone-ANC\data\synth_noise\cls_6\1651.wav,6
D:\VSCodeRepository\SceneZone-ANC\data\synth_noise\cls_6\1652.wav,6
D:\VSCodeRepository\SceneZone-ANC\data\synth_noise\cls_6\1653.wav,6
D:\VSCodeRepository\SceneZone-ANC\data\synth_noise\cls_6\1654.wav,6
D:\VSCodeRepository\SceneZone-ANC\data\synth_noise\cls_6\1655.wav,6
D:\VSCodeRepository\SceneZone-ANC\data\synth_noise\cls_6\1656.wav,6
D:\VSCodeRepository\SceneZone-ANC\data\synth_noise\cls_6\1657.wav,6
D:\VSCodeRepository\SceneZone-ANC\data\synth_noise\cls_6\1658.wav,6
D:\VSCodeRepository\SceneZone-ANC\data\synth_noise\cls_6\1659.wav,6
D:\VSCodeRepository\SceneZone-ANC\data\synth_noise\cls_6\1660.wav,6
D:\VSCodeRepository\SceneZone-ANC\data\synth_noise\cls_6\1661.wav,6
D:\VSCodeRepository\SceneZone-ANC\data\synth_noise\cls_6\1662.wav,6
D:\VSCodeRepository\SceneZone-ANC\data\synth_noise\cls_6\1663.wav,6
D:\VSCodeRepository\SceneZone-ANC\data\synth_noise\cls_6\1664.wav,6
D:\VSCodeRepository\SceneZone-ANC\data\synth_noise\cls_6\1665.wav,6
D:\VSCodeRepository\SceneZone-ANC\data\synth_noise\cls_6\1666.wav,6
D:\VSCodeRepository\SceneZone-ANC\data\synth_noise\cls_6\1667.wav,6
D:\VSCodeRepository\SceneZone-ANC\data\synth_noise\cls_6\1668.wav,6
D:\VSCodeRepository\SceneZone-ANC\data\synth_noise\cls_6\1669.wav,6
D:\VSCodeRepository\SceneZone-ANC\data\synth_noise\cls_6\1670.wav,6
D:\VSCodeRepository\SceneZone-ANC\data\synth_noise\cls_6\1671.wav,6
D:\VSCodeRepository\SceneZone-ANC\data\synth_noise\cls_6\1672.wav,6
D:\VSCodeRepository\SceneZone-ANC\data\synth_noise\cls_6\1673.wav,6
D:\VSCodeRepository\SceneZone-ANC\data\synth_noise\cls_6\1674.wav,6
D:\VSCodeRepository\SceneZone-ANC\data\synth_noise\cls_6\1675.wav,6
D:\VSCodeRepository\SceneZone-ANC\data\synth_noise\cls_6\1676.wav,6
D:\VSCodeRepository\SceneZone-ANC\data\synth_noise\cls_6\1677.wav,6
D:\VSCodeRepository\SceneZone-ANC\data\synth_noise\cls_6\1678.wav,6
D:\VSCodeRepository\SceneZone-ANC\data\synth_noise\cls_6\1679.wav,6
D:\VSCodeRepository\SceneZone-ANC\data\synth_noise\cls_6\1680.wav,6
D:\VSCodeRepository\SceneZone-ANC\data\synth_noise\cls_6\1681.wav,6
D:\VSCodeRepository\SceneZone-ANC\data\synth_noise\cls_6\1682.wav,6
D:\VSCodeRepository\SceneZone-ANC\data\synth_noise\cls_6\1683.wav,6
D:\VSCodeRepository\SceneZone-ANC\data\synth_noise\cls_6\1684.wav,6
D:\VSCodeRepository\SceneZone-ANC\data\synth_noise\cls_6\1685.wav,6
D:\VSCodeRepository\SceneZone-ANC\data\synth_noise\cls_6\1686.wav,6
D:\VSCodeRepository\SceneZone-ANC\data\synth_noise\cls_6\1687.wav,6
D:\VSCodeRepository\SceneZone-ANC\data\synth_noise\cls_6\1688.wav,6
D:\VSCodeRepository\SceneZone-ANC\data\synth_noise\cls_6\1689.wav,6
D:\VSCodeRepository\SceneZone-ANC\data\synth_noise\cls_6\1690.wav,6
D:\VSCodeRepository\SceneZone-ANC\data\synth_noise\cls_6\1691.wav,6
D:\VSCodeRepository\SceneZone-ANC\data\synth_noise\cls_6\1692.wav,6
D:\VSCodeRepository\SceneZone-ANC\data\synth_noise\cls_6\1693.wav,6
D:\VSCodeRepository\SceneZone-ANC\data\synth_noise\cls_6\1694.wav,6
D:\VSCodeRepository\SceneZone-ANC\data\synth_noise\cls_6\1695.wav,6
D:\VSCodeRepository\SceneZone-ANC\data\synth_noise\cls_6\1696.wav,6
D:\VSCodeRepository\SceneZone-ANC\data\synth_noise\cls_6\1697.wav,6
D:\VSCodeRepository\SceneZone-ANC\data\synth_noise\cls_6\1698.wav,6
D:\VSCodeRepository\SceneZone-ANC\data\synth_noise\cls_6\1699.wav,6
D:\VSCodeRepository\SceneZone-ANC\data\synth_noise\cls_6\1700.wav,6
D:\VSCodeRepository\SceneZone-ANC\data\synth_noise\cls_6\1701.wav,6
D:\VSCodeRepository\SceneZone-ANC\data\synth_noise\cls_6\1702.wav,6
D:\VSCodeRepository\SceneZone-ANC\data\synth_noise\cls_6\1703.wav,6
D:\VSCodeRepository\SceneZone-ANC\data\synth_noise\cls_6\1704.wav,6
D:\VSCodeRepository\SceneZone-ANC\data\synth_noise\cls_6\1705.wav,6
D:\VSCodeRepository\SceneZone-ANC\data\synth_noise\cls_6\1706.wav,6
D:\VSCodeRepository\SceneZone-ANC\data\synth_noise\cls_6\1707.wav,6
D:\VSCodeRepository\SceneZone-ANC\data\synth_noise\cls_6\1708.wav,6
D:\VSCodeRepository\SceneZone-ANC\data\synth_noise\cls_6\1709.wav,6
D:\VSCodeRepository\SceneZone-ANC\data\synth_noise\cls_6\1710.wav,6
D:\VSCodeRepository\SceneZone-ANC\data\synth_noise\cls_6\1711.wav,6
D:\VSCodeRepository\SceneZone-ANC\data\synth_noise\cls_6\1712.wav,6
D:\VSCodeRepository\SceneZone-ANC\data\synth_noise\cls_6\1713.wav,6
D:\VSCodeRepository\SceneZone-ANC\data\synth_noise\cls_6\1714.wav,6
D:\VSCodeRepository\SceneZone-ANC\data\synth_noise\cls_6\1715.wav,6
D:\VSCodeRepository\SceneZone-ANC\data\synth_noise\cls_6\1716.wav,6
D:\VSCodeRepository\SceneZone-ANC\data\synth_noise\cls_6\1717.wav,6
D:\VSCodeRepository\SceneZone-ANC\data\synth_noise\cls_6\1718.wav,6
D:\VSCodeRepository\SceneZone-ANC\data\synth_noise\cls_6\1719.wav,6
D:\VSCodeRepository\SceneZone-ANC\data\synth_noise\cls_6\1720.wav,6
D:\VSCodeRepository\SceneZone-ANC\data\synth_noise\cls_6\1721.wav,6
D:\VSCodeRepository\SceneZone-ANC\data\synth_noise\cls_6\1722.wav,6
D:\VSCodeRepository\SceneZone-ANC\data\synth_noise\cls_6\1723.wav,6
D:\VSCodeRepository\SceneZone-ANC\data\synth_noise\cls_6\1724.wav,6
D:\VSCodeRepository\SceneZone-ANC\data\synth_noise\cls_6\1725.wav,6
D:\VSCodeRepository\SceneZone-ANC\data\synth_noise\cls_6\1726.wav,6
D:\VSCodeRepository\SceneZone-ANC\data\synth_noise\cls_6\1727.wav,6
D:\VSCodeRepository\SceneZone-ANC\data\synth_noise\cls_6\1728.wav,6
D:\VSCodeRepository\SceneZone-ANC\data\synth_noise\cls_6\1729.wav,6
D:\VSCodeRepository\SceneZone-ANC\data\synth_noise\cls_6\1730.wav,6
D:\VSCodeRepository\SceneZone-ANC\data\synth_noise\cls_6\1731.wav,6
D:\VSCodeRepository\SceneZone-ANC\data\synth_noise\cls_6\1732.wav,6
D:\VSCodeRepository\SceneZone-ANC\data\synth_noise\cls_6\1733.wav,6
D:\VSCodeRepository\SceneZone-ANC\data\synth_noise\cls_6\1734.wav,6
D:\VSCodeRepository\SceneZone-ANC\data\synth_noise\cls_6\1735.wav,6
D:\VSCodeRepository\SceneZone-ANC\data\synth_noise\cls_6\1736.wav,6
D:\VSCodeRepository\SceneZone-ANC\data\synth_noise\cls_6\1737.wav,6
D:\VSCodeRepository\SceneZone-ANC\data\synth_noise\cls_6\1738.wav,6
D:\VSCodeRepository\SceneZone-ANC\data\synth_noise\cls_6\1739.wav,6
D:\VSCodeRepository\SceneZone-ANC\data\synth_noise\cls_6\1740.wav,6
D:\VSCodeRepository\SceneZone-ANC\data\synth_noise\cls_6\1741.wav,6
D:\VSCodeRepository\SceneZone-ANC\data\synth_noise\cls_6\1742.wav,6
D:\VSCodeRepository\SceneZone-ANC\data\synth_noise\cls_6\1743.wav,6
D:\VSCodeRepository\SceneZone-ANC\data\synth_noise\cls_6\1744.wav,6
D:\VSCodeRepository\SceneZone-ANC\data\synth_noise\cls_6\1745.wav,6
D:\VSCodeRepository\SceneZone-ANC\data\synth_noise\cls_6\1746.wav,6
D:\VSCodeRepository\SceneZone-ANC\data\synth_noise\cls_6\1747.wav,6
D:\VSCodeRepository\SceneZone-ANC\data\synth_noise\cls_6\1748.wav,6
D:\VSCodeRepository\SceneZone-ANC\data\synth_noise\cls_6\1749.wav,6
D:\VSCodeRepository\SceneZone-ANC\data\synth_noise\cls_6\1750.wav,6
D:\VSCodeRepository\SceneZone-ANC\data\synth_noise\cls_6\1751.wav,6
D:\VSCodeRepository\SceneZone-ANC\data\synth_noise\cls_6\1752.wav,6
D:\VSCodeRepository\SceneZone-ANC\data\synth_noise\cls_6\1753.wav,6
D:\VSCodeRepository\SceneZone-ANC\data\synth_noise\cls_6\1754.wav,6
D:\VSCodeRepository\SceneZone-ANC\data\synth_noise\cls_6\1755.wav,6
D:\VSCodeRepository\SceneZone-ANC\data\synth_noise\cls_6\1756.wav,6
D:\VSCodeRepository\SceneZone-ANC\data\synth_noise\cls_6\1757.wav,6
D:\VSCodeRepository\SceneZone-ANC\data\synth_noise\cls_6\1758.wav,6
D:\VSCodeRepository\SceneZone-ANC\data\synth_noise\cls_6\1759.wav,6
D:\VSCodeRepository\SceneZone-ANC\data\synth_noise\cls_6\1760.wav,6
D:\VSCodeRepository\SceneZone-ANC\data\synth_noise\cls_6\1761.wav,6
D:\VSCodeRepository\SceneZone-ANC\data\synth_noise\cls_6\1762.wav,6
D:\VSCodeRepository\SceneZone-ANC\data\synth_noise\cls_6\1763.wav,6
D:\VSCodeRepository\SceneZone-ANC\data\synth_noise\cls_6\1764.wav,6
D:\VSCodeRepository\SceneZone-ANC\data\synth_noise\cls_6\1765.wav,6
D:\VSCodeRepository\SceneZone-ANC\data\synth_noise\cls_6\1766.wav,6
D:\VSCodeRepository\SceneZone-ANC\data\synth_noise\cls_6\1767.wav,6
D:\VSCodeRepository\SceneZone-ANC\data\synth_noise\cls_6\1768.wav,6
D:\VSCodeRepository\SceneZone-ANC\data\synth_noise\cls_6\1769.wav,6
D:\VSCodeRepository\SceneZone-ANC\data\synth_noise\cls_6\1770.wav,6
D:\VSCodeRepository\SceneZone-ANC\data\synth_noise\cls_6\1771.wav,6
D:\VSCodeRepository\SceneZone-ANC\data\synth_noise\cls_6\1772.wav,6
D:\VSCodeRepository\SceneZone-ANC\data\synth_noise\cls_6\1773.wav,6
D:\VSCodeRepository\SceneZone-ANC\data\synth_noise\cls_6\1774.wav,6
D:\VSCodeRepository\SceneZone-ANC\data\synth_noise\cls_6\1775.wav,6
D:\VSCodeRepository\SceneZone-ANC\data\synth_noise\cls_6\1776.wav,6
D:\VSCodeRepository\SceneZone-ANC\data\synth_noise\cls_6\1777.wav,6
D:\VSCodeRepository\SceneZone-ANC\data\synth_noise\cls_6\1778.wav,6
D:\VSCodeRepository\SceneZone-ANC\data\synth_noise\cls_6\1779.wav,6
D:\VSCodeRepository\SceneZone-ANC\data\synth_noise\cls_6\1780.wav,6
D:\VSCodeRepository\SceneZone-ANC\data\synth_noise\cls_6\1781.wav,6
D:\VSCodeRepository\SceneZone-ANC\data\synth_noise\cls_6\1782.wav,6
D:\VSCodeRepository\SceneZone-ANC\data\synth_noise\cls_6\1783.wav,6
D:\VSCodeRepository\SceneZone-ANC\data\synth_noise\cls_6\1784.wav,6
D:\VSCodeRepository\SceneZone-ANC\data\synth_noise\cls_6\1785.wav,6
D:\VSCodeRepository\SceneZone-ANC\data\synth_noise\cls_6\1786.wav,6
D:\VSCodeRepository\SceneZone-ANC\data\synth_noise\cls_6\1787.wav,6
D:\VSCodeRepository\SceneZone-ANC\data\synth_noise\cls_6\1788.wav,6
D:\VSCodeRepository\SceneZone-ANC\data\synth_noise\cls_6\1789.wav,6
D:\VSCodeRepository\SceneZone-ANC\data\synth_noise\cls_6\1790.wav,6
D:\VSCodeRepository\SceneZone-ANC\data\synth_noise\cls_6\1791.wav,6
D:\VSCodeRepository\SceneZone-ANC\data\synth_noise\cls_6\1792.wav,6
D:\VSCodeRepository\SceneZone-ANC\data\synth_noise\cls_6\1793.wav,6
D:\VSCodeRepository\SceneZone-ANC\data\synth_noise\cls_6\1794.wav,6
D:\VSCodeRepository\SceneZone-ANC\data\synth_noise\cls_6\1795.wav,6
D:\VSCodeRepository\SceneZone-ANC\data\synth_noise\cls_6\1796.wav,6
D:\VSCodeRepository\SceneZone-ANC\data\synth_noise\cls_6\1797.wav,6
D:\VSCodeRepository\SceneZone-ANC\data\synth_noise\cls_6\1798.wav,6
D:\VSCodeRepository\SceneZone-ANC\data\synth_noise\cls_6\1799.wav,6
D:\VSCodeRepository\SceneZone-ANC\data\synth_noise\cls_6\1800.wav,6
D:\VSCodeRepository\SceneZone-ANC\data\synth_noise\cls_6\1801.wav,6
D:\VSCodeRepository\SceneZone-ANC\data\synth_noise\cls_6\1802.wav,6
D:\VSCodeRepository\SceneZone-ANC\data\synth_noise\cls_6\1803.wav,6
D:\VSCodeRepository\SceneZone-ANC\data\synth_noise\cls_6\1804.wav,6
D:\VSCodeRepository\SceneZone-ANC\data\synth_noise\cls_6\1805.wav,6
D:\VSCodeRepository\SceneZone-ANC\data\synth_noise\cls_6\1806.wav,6
D:\VSCodeRepository\SceneZone-ANC\data\synth_noise\cls_6\1807.wav,6
D:\VSCodeRepository\SceneZone-ANC\data\synth_noise\cls_6\1808.wav,6
D:\VSCodeRepository\SceneZone-ANC\data\synth_noise\cls_6\1809.wav,6
D:\VSCodeRepository\SceneZone-ANC\data\synth_noise\cls_6\1810.wav,6
D:\VSCodeRepository\SceneZone-ANC\data\synth_noise\cls_6\1811.wav,6
D:\VSCodeRepository\SceneZone-ANC\data\synth_noise\cls_6\1812.wav,6
D:\VSCodeRepository\SceneZone-ANC\data\synth_noise\cls_6\1813.wav,6
D:\VSCodeRepository\SceneZone-ANC\data\synth_noise\cls_6\1814.wav,6
D:\VSCodeRepository\SceneZone-ANC\data\synth_noise\cls_6\1815.wav,6
D:\VSCodeRepository\SceneZone-ANC\data\synth_noise\cls_6\1816.wav,6
D:\VSCodeRepository\SceneZone-ANC\data\synth_noise\cls_6\1817.wav,6
D:\VSCodeRepository\SceneZone-ANC\data\synth_noise\cls_6\1818.wav,6
D:\VSCodeRepository\SceneZone-ANC\data\synth_noise\cls_6\1819.wav,6
D:\VSCodeRepository\SceneZone-ANC\data\synth_noise\cls_6\1820.wav,6
D:\VSCodeRepository\SceneZone-ANC\data\synth_noise\cls_6\1821.wav,6
D:\VSCodeRepository\SceneZone-ANC\data\synth_noise\cls_6\1822.wav,6
D:\VSCodeRepository\SceneZone-ANC\data\synth_noise\cls_6\1823.wav,6
D:\VSCodeRepository\SceneZone-ANC\data\synth_noise\cls_6\1824.wav,6
D:\VSCodeRepository\SceneZone-ANC\data\synth_noise\cls_6\1825.wav,6
D:\VSCodeRepository\SceneZone-ANC\data\synth_noise\cls_6\1826.wav,6
D:\VSCodeRepository\SceneZone-ANC\data\synth_noise\cls_6\1827.wav,6
D:\VSCodeRepository\SceneZone-ANC\data\synth_noise\cls_6\1828.wav,6
D:\VSCodeRepository\SceneZone-ANC\data\synth_noise\cls_6\1829.wav,6
D:\VSCodeRepository\SceneZone-ANC\data\synth_noise\cls_6\1830.wav,6
D:\VSCodeRepository\SceneZone-ANC\data\synth_noise\cls_6\1831.wav,6
D:\VSCodeRepository\SceneZone-ANC\data\synth_noise\cls_6\1832.wav,6
D:\VSCodeRepository\SceneZone-ANC\data\synth_noise\cls_6\1833.wav,6
D:\VSCodeRepository\SceneZone-ANC\data\synth_noise\cls_6\1834.wav,6
D:\VSCodeRepository\SceneZone-ANC\data\synth_noise\cls_6\1835.wav,6
D:\VSCodeRepository\SceneZone-ANC\data\synth_noise\cls_6\1836.wav,6
D:\VSCodeRepository\SceneZone-ANC\data\synth_noise\cls_6\1837.wav,6
D:\VSCodeRepository\SceneZone-ANC\data\synth_noise\cls_6\1838.wav,6
D:\VSCodeRepository\SceneZone-ANC\data\synth_noise\cls_6\1839.wav,6
D:\VSCodeRepository\SceneZone-ANC\data\synth_noise\cls_6\1840.wav,6
D:\VSCodeRepository\SceneZone-ANC\data\synth_noise\cls_6\1841.wav,6
D:\VSCodeRepository\SceneZone-ANC\data\synth_noise\cls_6\1842.wav,6
D:\VSCodeRepository\SceneZone-ANC\data\synth_noise\cls_6\1843.wav,6
D:\VSCodeRepository\SceneZone-ANC\data\synth_noise\cls_6\1844.wav,6
D:\VSCodeRepository\SceneZone-ANC\data\synth_noise\cls_6\1845.wav,6
D:\VSCodeRepository\SceneZone-ANC\data\synth_noise\cls_6\1846.wav,6
D:\VSCodeRepository\SceneZone-ANC\data\synth_noise\cls_6\1847.wav,6
D:\VSCodeRepository\SceneZone-ANC\data\synth_noise\cls_6\1848.wav,6
D:\VSCodeRepository\SceneZone-ANC\data\synth_noise\cls_6\1849.wav,6
D:\VSCodeRepository\SceneZone-ANC\data\synth_noise\cls_6\1850.wav,6
D:\VSCodeRepository\SceneZone-ANC\data\synth_noise\cls_6\1851.wav,6
D:\VSCodeRepository\SceneZone-ANC\data\synth_noise\cls_6\1852.wav,6
D:\VSCodeRepository\SceneZone-ANC\data\synth_noise\cls_6\1853.wav,6
D:\VSCodeRepository\SceneZone-ANC\data\synth_noise\cls_6\1854.wav,6
D:\VSCodeRepository\SceneZone-ANC\data\synth_noise\cls_6\1855.wav,6
D:\VSCodeRepository\SceneZone-ANC\data\synth_noise\cls_6\1856.wav,6
D:\VSCodeRepository\SceneZone-ANC\data\synth_noise\cls_6\1857.wav,6
D:\VSCodeRepository\SceneZone-ANC\data\synth_noise\cls_6\1858.wav,6
D:\VSCodeRepository\SceneZone-ANC\data\synth_noise\cls_6\1859.wav,6
D:\VSCodeRepository\SceneZone-ANC\data\synth_noise\cls_6\1860.wav,6
D:\VSCodeRepository\SceneZone-ANC\data\synth_noise\cls_6\1861.wav,6
D:\VSCodeRepository\SceneZone-ANC\data\synth_noise\cls_6\1862.wav,6
D:\VSCodeRepository\SceneZone-ANC\data\synth_noise\cls_6\1863.wav,6
D:\VSCodeRepository\SceneZone-ANC\data\synth_noise\cls_6\1864.wav,6
D:\VSCodeRepository\SceneZone-ANC\data\synth_noise\cls_6\1865.wav,6
D:\VSCodeRepository\SceneZone-ANC\data\synth_noise\cls_6\1866.wav,6
D:\VSCodeRepository\SceneZone-ANC\data\synth_noise\cls_6\1867.wav,6
D:\VSCodeRepository\SceneZone-ANC\data\synth_noise\cls_6\1868.wav,6
D:\VSCodeRepository\SceneZone-ANC\data\synth_noise\cls_6\1869.wav,6
D:\VSCodeRepository\SceneZone-ANC\data\synth_noise\cls_6\1870.wav,6
D:\VSCodeRepository\SceneZone-ANC\data\synth_noise\cls_6\1871.wav,6
D:\VSCodeRepository\SceneZone-ANC\data\synth_noise\cls_6\1872.wav,6
D:\VSCodeRepository\SceneZone-ANC\data\synth_noise\cls_6\1873.wav,6
D:\VSCodeRepository\SceneZone-ANC\data\synth_noise\cls_6\1874.wav,6
D:\VSCodeRepository\SceneZone-ANC\data\synth_noise\cls_6\1875.wav,6
D:\VSCodeRepository\SceneZone-ANC\data\synth_noise\cls_6\1876.wav,6
D:\VSCodeRepository\SceneZone-ANC\data\synth_noise\cls_6\1877.wav,6
D:\VSCodeRepository\SceneZone-ANC\data\synth_noise\cls_6\1878.wav,6
D:\VSCodeRepository\SceneZone-ANC\data\synth_noise\cls_6\1879.wav,6
D:\VSCodeRepository\SceneZone-ANC\data\synth_noise\cls_6\1880.wav,6
D:\VSCodeRepository\SceneZone-ANC\data\synth_noise\cls_6\1881.wav,6
D:\VSCodeRepository\SceneZone-ANC\data\synth_noise\cls_6\1882.wav,6
D:\VSCodeRepository\SceneZone-ANC\data\synth_noise\cls_6\1883.wav,6
D:\VSCodeRepository\SceneZone-ANC\data\synth_noise\cls_6\1884.wav,6
D:\VSCodeRepository\SceneZone-ANC\data\synth_noise\cls_6\1885.wav,6
D:\VSCodeRepository\SceneZone-ANC\data\synth_noise\cls_6\1886.wav,6
D:\VSCodeRepository\SceneZone-ANC\data\synth_noise\cls_6\1887.wav,6
D:\VSCodeRepository\SceneZone-ANC\data\synth_noise\cls_6\1888.wav,6
D:\VSCodeRepository\SceneZone-ANC\data\synth_noise\cls_6\1889.wav,6
D:\VSCodeRepository\SceneZone-ANC\data\synth_noise\cls_6\1890.wav,6
D:\VSCodeRepository\SceneZone-ANC\data\synth_noise\cls_6\1891.wav,6
D:\VSCodeRepository\SceneZone-ANC\data\synth_noise\cls_6\1892.wav,6
D:\VSCodeRepository\SceneZone-ANC\data\synth_noise\cls_6\1893.wav,6
D:\VSCodeRepository\SceneZone-ANC\data\synth_noise\cls_6\1894.wav,6
D:\VSCodeRepository\SceneZone-ANC\data\synth_noise\cls_6\1895.wav,6
D:\VSCodeRepository\SceneZone-ANC\data\synth_noise\cls_6\1896.wav,6
D:\VSCodeRepository\SceneZone-ANC\data\synth_noise\cls_6\1897.wav,6
D:\VSCodeRepository\SceneZone-ANC\data\synth_noise\cls_6\1898.wav,6
D:\VSCodeRepository\SceneZone-ANC\data\synth_noise\cls_6\1899.wav,6
D:\VSCodeRepository\SceneZone-ANC\data\synth_noise\cls_6\1900.wav,6
D:\VSCodeRepository\SceneZone-ANC\data\synth_noise\cls_6\1901.wav,6
D:\VSCodeRepository\SceneZone-ANC\data\synth_noise\cls_6\1902.wav,6
D:\VSCodeRepository\SceneZone-ANC\data\synth_noise\cls_6\1903.wav,6
D:\VSCodeRepository\SceneZone-ANC\data\synth_noise\cls_6\1904.wav,6
D:\VSCodeRepository\SceneZone-ANC\data\synth_noise\cls_6\1905.wav,6
D:\VSCodeRepository\SceneZone-ANC\data\synth_noise\cls_6\1906.wav,6
D:\VSCodeRepository\SceneZone-ANC\data\synth_noise\cls_6\1907.wav,6
D:\VSCodeRepository\SceneZone-ANC\data\synth_noise\cls_6\1908.wav,6
D:\VSCodeRepository\SceneZone-ANC\data\synth_noise\cls_6\1909.wav,6
D:\VSCodeRepository\SceneZone-ANC\data\synth_noise\cls_6\1910.wav,6
D:\VSCodeRepository\SceneZone-ANC\data\synth_noise\cls_6\1911.wav,6
D:\VSCodeRepository\SceneZone-ANC\data\synth_noise\cls_6\1912.wav,6
D:\VSCodeRepository\SceneZone-ANC\data\synth_noise\cls_6\1913.wav,6
D:\VSCodeRepository\SceneZone-ANC\data\synth_noise\cls_6\1914.wav,6
D:\VSCodeRepository\SceneZone-ANC\data\synth_noise\cls_6\1915.wav,6
D:\VSCodeRepository\SceneZone-ANC\data\synth_noise\cls_6\1916.wav,6
D:\VSCodeRepository\SceneZone-ANC\data\synth_noise\cls_6\1917.wav,6
D:\VSCodeRepository\SceneZone-ANC\data\synth_noise\cls_6\1918.wav,6
D:\VSCodeRepository\SceneZone-ANC\data\synth_noise\cls_6\1919.wav,6
D:\VSCodeRepository\SceneZone-ANC\data\synth_noise\cls_6\1920.wav,6
D:\VSCodeRepository\SceneZone-ANC\data\synth_noise\cls_6\1921.wav,6
D:\VSCodeRepository\SceneZone-ANC\data\synth_noise\cls_6\1922.wav,6
D:\VSCodeRepository\SceneZone-ANC\data\synth_noise\cls_6\1923.wav,6
D:\VSCodeRepository\SceneZone-ANC\data\synth_noise\cls_6\1924.wav,6
D:\VSCodeRepository\SceneZone-ANC\data\synth_noise\cls_6\1925.wav,6
D:\VSCodeRepository\SceneZone-ANC\data\synth_noise\cls_6\1926.wav,6
D:\VSCodeRepository\SceneZone-ANC\data\synth_noise\cls_6\1927.wav,6
D:\VSCodeRepository\SceneZone-ANC\data\synth_noise\cls_6\1928.wav,6
D:\VSCodeRepository\SceneZone-ANC\data\synth_noise\cls_6\1929.wav,6
D:\VSCodeRepository\SceneZone-ANC\data\synth_noise\cls_6\1930.wav,6
D:\VSCodeRepository\SceneZone-ANC\data\synth_noise\cls_6\1931.wav,6
D:\VSCodeRepository\SceneZone-ANC\data\synth_noise\cls_6\1932.wav,6
D:\VSCodeRepository\SceneZone-ANC\data\synth_noise\cls_6\1933.wav,6
D:\VSCodeRepository\SceneZone-ANC\data\synth_noise\cls_6\1934.wav,6
D:\VSCodeRepository\SceneZone-ANC\data\synth_noise\cls_6\1935.wav,6
D:\VSCodeRepository\SceneZone-ANC\data\synth_noise\cls_6\1936.wav,6
D:\VSCodeRepository\SceneZone-ANC\data\synth_noise\cls_6\1937.wav,6
D:\VSCodeRepository\SceneZone-ANC\data\synth_noise\cls_6\1938.wav,6
D:\VSCodeRepository\SceneZone-ANC\data\synth_noise\cls_6\1939.wav,6
D:\VSCodeRepository\SceneZone-ANC\data\synth_noise\cls_6\1940.wav,6
D:\VSCodeRepository\SceneZone-ANC\data\synth_noise\cls_6\1941.wav,6
D:\VSCodeRepository\SceneZone-ANC\data\synth_noise\cls_6\1942.wav,6
D:\VSCodeRepository\SceneZone-ANC\data\synth_noise\cls_6\1943.wav,6
D:\VSCodeRepository\SceneZone-ANC\data\synth_noise\cls_6\1944.wav,6
D:\VSCodeRepository\SceneZone-ANC\data\synth_noise\cls_6\1945.wav,6
D:\VSCodeRepository\SceneZone-ANC\data\synth_noise\cls_6\1946.wav,6
D:\VSCodeRepository\SceneZone-ANC\data\synth_noise\cls_6\1947.wav,6
D:\VSCodeRepository\SceneZone-ANC\data\synth_noise\cls_6\1948.wav,6
D:\VSCodeRepository\SceneZone-ANC\data\synth_noise\cls_6\1949.wav,6
D:\VSCodeRepository\SceneZone-ANC\data\synth_noise\cls_6\1950.wav,6
D:\VSCodeRepository\SceneZone-ANC\data\synth_noise\cls_6\1951.wav,6
D:\VSCodeRepository\SceneZone-ANC\data\synth_noise\cls_6\1952.wav,6
D:\VSCodeRepository\SceneZone-ANC\data\synth_noise\cls_6\1953.wav,6
D:\VSCodeRepository\SceneZone-ANC\data\synth_noise\cls_6\1954.wav,6
D:\VSCodeRepository\SceneZone-ANC\data\synth_noise\cls_6\1955.wav,6
D:\VSCodeRepository\SceneZone-ANC\data\synth_noise\cls_6\1956.wav,6
D:\VSCodeRepository\SceneZone-ANC\data\synth_noise\cls_6\1957.wav,6
D:\VSCodeRepository\SceneZone-ANC\data\synth_noise\cls_6\1958.wav,6
D:\VSCodeRepository\SceneZone-ANC\data\synth_noise\cls_6\1959.wav,6
D:\VSCodeRepository\SceneZone-ANC\data\synth_noise\cls_6\1960.wav,6
D:\VSCodeRepository\SceneZone-ANC\data\synth_noise\cls_6\1961.wav,6
D:\VSCodeRepository\SceneZone-ANC\data\synth_noise\cls_6\1962.wav,6
D:\VSCodeRepository\SceneZone-ANC\data\synth_noise\cls_6\1963.wav,6
D:\VSCodeRepository\SceneZone-ANC\data\synth_noise\cls_6\1964.wav,6
D:\VSCodeRepository\SceneZone-ANC\data\synth_noise\cls_6\1965.wav,6
D:\VSCodeRepository\SceneZone-ANC\data\synth_noise\cls_6\1966.wav,6
D:\VSCodeRepository\SceneZone-ANC\data\synth_noise\cls_6\1967.wav,6
D:\VSCodeRepository\SceneZone-ANC\data\synth_noise\cls_6\1968.wav,6
D:\VSCodeRepository\SceneZone-ANC\data\synth_noise\cls_6\1969.wav,6
D:\VSCodeRepository\SceneZone-ANC\data\synth_noise\cls_6\1970.wav,6
D:\VSCodeRepository\SceneZone-ANC\data\synth_noise\cls_6\1971.wav,6
D:\VSCodeRepository\SceneZone-ANC\data\synth_noise\cls_6\1972.wav,6
D:\VSCodeRepository\SceneZone-ANC\data\synth_noise\cls_6\1973.wav,6
D:\VSCodeRepository\SceneZone-ANC\data\synth_noise\cls_6\1974.wav,6
D:\VSCodeRepository\SceneZone-ANC\data\synth_noise\cls_6\1975.wav,6
D:\VSCodeRepository\SceneZone-ANC\data\synth_noise\cls_6\1976.wav,6
D:\VSCodeRepository\SceneZone-ANC\data\synth_noise\cls_6\1977.wav,6
D:\VSCodeRepository\SceneZone-ANC\data\synth_noise\cls_6\1978.wav,6
D:\VSCodeRepository\SceneZone-ANC\data\synth_noise\cls_6\1979.wav,6
D:\VSCodeRepository\SceneZone-ANC\data\synth_noise\cls_6\1980.wav,6
D:\VSCodeRepository\SceneZone-ANC\data\synth_noise\cls_6\1981.wav,6
D:\VSCodeRepository\SceneZone-ANC\data\synth_noise\cls_6\1982.wav,6
D:\VSCodeRepository\SceneZone-ANC\data\synth_noise\cls_6\1983.wav,6
D:\VSCodeRepository\SceneZone-ANC\data\synth_noise\cls_6\1984.wav,6
D:\VSCodeRepository\SceneZone-ANC\data\synth_noise\cls_6\1985.wav,6
D:\VSCodeRepository\SceneZone-ANC\data\synth_noise\cls_6\1986.wav,6
D:\VSCodeRepository\SceneZone-ANC\data\synth_noise\cls_6\1987.wav,6
D:\VSCodeRepository\SceneZone-ANC\data\synth_noise\cls_6\1988.wav,6
D:\VSCodeRepository\SceneZone-ANC\data\synth_noise\cls_6\1989.wav,6
D:\VSCodeRepository\SceneZone-ANC\data\synth_noise\cls_6\1990.wav,6
D:\VSCodeRepository\SceneZone-ANC\data\synth_noise\cls_6\1991.wav,6
D:\VSCodeRepository\SceneZone-ANC\data\synth_noise\cls_6\1992.wav,6
D:\VSCodeRepository\SceneZone-ANC\data\synth_noise\cls_6\1993.wav,6
D:\VSCodeRepository\SceneZone-ANC\data\synth_noise\cls_6\1994.wav,6
D:\VSCodeRepository\SceneZone-ANC\data\synth_noise\cls_6\1995.wav,6
D:\VSCodeRepository\SceneZone-ANC\data\synth_noise\cls_6\1996.wav,6
D:\VSCodeRepository\SceneZone-ANC\data\synth_noise\cls_6\1997.wav,6
D:\VSCodeRepository\SceneZone-ANC\data\synth_noise\cls_6\1998.wav,6
D:\VSCodeRepository\SceneZone-ANC\data\synth_noise\cls_6\1999.wav,6
